{"textures":{"0":"modelengine:entity/slimerinediamond_17586578447396430","particle":"#0"},"elements":[{"from":[7.5,4.0,16.0],"to":[8.5,8.0,21.0],"faces":{"east":{"uv":[9.25,10.0,10.5,11.0],"tintindex":0,"rotation":0,"texture":"#0"},"south":{"uv":[2.0,10.75,2.25,11.75],"tintindex":0,"rotation":0,"texture":"#0"},"north":{"uv":[10.5,9.75,10.75,10.75],"tintindex":0,"rotation":0,"texture":"#0"},"west":{"uv":[10.25,4.75,11.5,5.75],"tintindex":0,"rotation":0,"texture":"#0"},"up":{"uv":[1.75,11.75,1.5,10.5],"tintindex":0,"rotation":0,"texture":"#0"},"down":{"uv":[3.25,10.5,3.0,11.75],"tintindex":0,"rotation":0,"texture":"#0"}}}],"display":{"head":{"rotation":[0.0,0.0,0.0]},"firstperson_righthand":{"rotation":[0.0,0.0,0.0]},"thirdperson_lefthand":{"rotation":[0.0,-0.0,-0.0]},"firstperson_lefthand":{"rotation":[0.0,-0.0,-0.0]},"fixed":{"rotation":[0.0,0.0,0.0]},"ground":{"rotation":[0.0,0.0,0.0]},"thirdperson_righthand":{"rotation":[0.0,0.0,0.0]},"gui":{"rotation":[-150.0,-45.0,180.0]}}}