{"textures":{"0":"modelengine:entity/slimerinediamond_17586578447396430","particle":"#0"},"elements":[{"from":[6.0,5.5,7.1000004],"to":[10.0,10.5,18.1],"faces":{"east":{"uv":[7.5,4.75,10.25,6.0],"tintindex":0,"rotation":0,"texture":"#0"},"south":{"uv":[8.25,10.0,9.25,11.25],"tintindex":0,"rotation":0,"texture":"#0"},"north":{"uv":[7.25,10.0,8.25,11.25],"tintindex":0,"rotation":0,"texture":"#0"},"west":{"uv":[7.5,6.0,10.25,7.25],"tintindex":0,"rotation":0,"texture":"#0"},"up":{"uv":[9.0,2.75,8.0,0.0],"tintindex":0,"rotation":0,"texture":"#0"},"down":{"uv":[3.0,8.0,2.0,10.75],"tintindex":0,"rotation":0,"texture":"#0"}}},{"from":[7.0,6.5,8.0],"to":[9.0,9.5,17.0],"faces":{"east":{"uv":[8.5,4.0,10.75,4.75],"tintindex":0,"rotation":0,"texture":"#0"},"south":{"uv":[10.5,1.0,11.0,1.75],"tintindex":0,"rotation":0,"texture":"#0"},"north":{"uv":[1.0,10.5,1.5,11.25],"tintindex":0,"rotation":0,"texture":"#0"},"west":{"uv":[3.0,9.75,5.25,10.5],"tintindex":0,"rotation":0,"texture":"#0"},"up":{"uv":[5.75,12.0,5.25,9.75],"tintindex":0,"rotation":0,"texture":"#0"},"down":{"uv":[0.5,10.5,0.0,12.75],"tintindex":0,"rotation":0,"texture":"#0"}}}],"display":{"head":{"rotation":[0.0,0.0,0.0]},"firstperson_righthand":{"rotation":[0.0,0.0,0.0]},"thirdperson_lefthand":{"rotation":[0.0,-0.0,-0.0]},"firstperson_lefthand":{"rotation":[0.0,-0.0,-0.0]},"fixed":{"rotation":[0.0,0.0,0.0]},"ground":{"rotation":[0.0,0.0,0.0]},"thirdperson_righthand":{"rotation":[0.0,0.0,0.0]},"gui":{"rotation":[-150.0,-45.0,180.0]}}}