{"textures":{"0":"modelengine:entity/slimerinediamond_17586578447396430","particle":"#0"},"elements":[{"from":[3.0,7.5,7.0],"to":[13.0,8.5,13.0],"faces":{"east":{"uv":[9.5,8.5,11.0,8.75],"tintindex":0,"rotation":0,"texture":"#0"},"south":{"uv":[9.5,8.25,12.0,8.5],"tintindex":0,"rotation":0,"texture":"#0"},"north":{"uv":[4.0,3.0,6.5,3.25],"tintindex":0,"rotation":0,"texture":"#0"},"west":{"uv":[10.0,3.75,11.5,4.0],"tintindex":0,"rotation":0,"texture":"#0"},"up":{"uv":[8.0,1.5,5.5,0.0],"tintindex":0,"rotation":0,"texture":"#0"},"down":{"uv":[8.0,1.5,5.5,3.0],"tintindex":0,"rotation":0,"texture":"#0"}}}],"display":{"head":{"rotation":[0.0,0.0,0.0]},"firstperson_righthand":{"rotation":[0.0,0.0,0.0]},"thirdperson_lefthand":{"rotation":[0.0,-0.0,-0.0]},"firstperson_lefthand":{"rotation":[0.0,-0.0,-0.0]},"fixed":{"rotation":[0.0,0.0,0.0]},"ground":{"rotation":[0.0,0.0,0.0]},"thirdperson_righthand":{"rotation":[0.0,0.0,0.0]},"gui":{"rotation":[-150.0,-45.0,180.0]}}}