{"textures":{"1":"modelengine:entity/ironcreeplordrb_17586578444948421","particle":"#1"},"elements":[{"from":[3.10819,19.198238,9.152803],"to":[3.10819,25.698238,12.152803],"faces":{"east":{"uv":[7.5,0.75,6.75,2.375],"tintindex":0,"rotation":0,"texture":"#1"},"west":{"uv":[6.75,0.75,6.0,2.375],"tintindex":0,"rotation":0,"texture":"#1"}}}],"display":{"head":{"rotation":[6.683828E-7,30.0,-20.000002]},"firstperson_righthand":{"rotation":[6.683828E-7,30.0,-20.000002]},"thirdperson_lefthand":{"rotation":[6.683828E-7,-30.0,20.000002]},"firstperson_lefthand":{"rotation":[6.683828E-7,-30.0,20.000002]},"fixed":{"rotation":[6.683828E-7,30.0,-20.000002]},"ground":{"rotation":[6.683828E-7,30.0,-20.000002]},"thirdperson_righthand":{"rotation":[6.683828E-7,30.0,-20.000002]},"gui":{"rotation":[-150.0,-75.0,160.0]}}}