{"textures":{"0":"modelengine:entity/sprite-0006-sheet___","particle":"#0"},"elements":[{"from":[2.5,4.0,2.0],"to":[7.5,12.0,7.0],"faces":{"east":{"uv":[0.0,2.625,0.625,3.625],"tintindex":0,"rotation":0,"texture":"#0"},"south":{"uv":[1.875,2.625,2.5,3.625],"tintindex":0,"rotation":0,"texture":"#0"},"north":{"uv":[0.625,2.625,1.25,3.625],"tintindex":0,"rotation":0,"texture":"#0"},"west":{"uv":[1.25,2.625,1.875,3.625],"tintindex":0,"rotation":0,"texture":"#0"},"up":{"uv":[1.25,2.625,0.625,2.0],"tintindex":0,"rotation":0,"texture":"#0"},"down":{"uv":[1.875,2.0,1.25,2.625],"tintindex":0,"rotation":0,"texture":"#0"}}},{"from":[8.5,4.0,2.0],"to":[13.5,12.0,7.0],"faces":{"east":{"uv":[0.0,2.625,0.625,3.625],"tintindex":0,"rotation":0,"texture":"#0"},"south":{"uv":[1.875,2.625,2.5,3.625],"tintindex":0,"rotation":0,"texture":"#0"},"north":{"uv":[0.625,2.625,1.25,3.625],"tintindex":0,"rotation":0,"texture":"#0"},"west":{"uv":[1.25,2.625,1.875,3.625],"tintindex":0,"rotation":0,"texture":"#0"},"up":{"uv":[1.25,2.625,0.625,2.0],"tintindex":0,"rotation":0,"texture":"#0"},"down":{"uv":[1.875,2.0,1.25,2.625],"tintindex":0,"rotation":0,"texture":"#0"}}},{"from":[2.5,4.0,9.0],"to":[7.5,12.0,14.0],"faces":{"east":{"uv":[0.0,2.625,0.625,3.625],"tintindex":0,"rotation":0,"texture":"#0"},"south":{"uv":[1.875,2.625,2.5,3.625],"tintindex":0,"rotation":0,"texture":"#0"},"north":{"uv":[0.625,2.625,1.25,3.625],"tintindex":0,"rotation":0,"texture":"#0"},"west":{"uv":[1.25,2.625,1.875,3.625],"tintindex":0,"rotation":0,"texture":"#0"},"up":{"uv":[1.25,2.625,0.625,2.0],"tintindex":0,"rotation":0,"texture":"#0"},"down":{"uv":[1.875,2.0,1.25,2.625],"tintindex":0,"rotation":0,"texture":"#0"}}},{"from":[8.5,4.0,9.0],"to":[13.5,12.0,14.0],"faces":{"east":{"uv":[0.0,2.625,0.625,3.625],"tintindex":0,"rotation":0,"texture":"#0"},"south":{"uv":[1.875,2.625,2.5,3.625],"tintindex":0,"rotation":0,"texture":"#0"},"north":{"uv":[0.625,2.625,1.25,3.625],"tintindex":0,"rotation":0,"texture":"#0"},"west":{"uv":[1.25,2.625,1.875,3.625],"tintindex":0,"rotation":0,"texture":"#0"},"up":{"uv":[1.25,2.625,0.625,2.0],"tintindex":0,"rotation":0,"texture":"#0"},"down":{"uv":[1.875,2.0,1.25,2.625],"tintindex":0,"rotation":0,"texture":"#0"}}}],"display":{"head":{"rotation":[0.0,0.0,0.0]},"firstperson_righthand":{"rotation":[0.0,0.0,0.0]},"thirdperson_lefthand":{"rotation":[0.0,-0.0,-0.0]},"firstperson_lefthand":{"rotation":[0.0,-0.0,-0.0]},"fixed":{"rotation":[0.0,0.0,0.0]},"ground":{"rotation":[0.0,0.0,0.0]},"thirdperson_righthand":{"rotation":[0.0,0.0,0.0]},"gui":{"rotation":[-150.0,-45.0,180.0]}}}