{"textures":{"0":"modelengine:entity/sprite-0006-sheet___","particle":"#0"},"elements":[{"from":[3.5,3.0,8.0],"to":[12.5,13.0,8.0],"faces":{"south":{"uv":[2.25,6.875,3.375,8.125],"tintindex":0,"rotation":0,"texture":"#0"},"north":{"uv":[1.125,6.875,2.25,8.125],"tintindex":0,"rotation":0,"texture":"#0"}}}],"display":{"head":{"rotation":[-10.292836,7.131364,-34.356895]},"firstperson_righthand":{"rotation":[-10.292836,7.131364,-34.356895]},"thirdperson_lefthand":{"rotation":[-10.292836,-7.131364,34.356895]},"firstperson_lefthand":{"rotation":[-10.292836,-7.131364,34.356895]},"fixed":{"rotation":[-10.292836,7.131364,-34.356895]},"ground":{"rotation":[-10.292836,7.131364,-34.356895]},"thirdperson_righthand":{"rotation":[-10.292836,7.131364,-34.356895]},"gui":{"rotation":[-133.60408,-51.089592,157.24751]}}}