{"textures":{"0":"modelengine:entity/sprite-0006-sheet___","particle":"#0"},"elements":[{"from":[6.0,18.0,6.0],"to":[10.0,22.0,10.0],"faces":{"east":{"uv":[0.0,1.0,1.0,2.0],"tintindex":0,"rotation":0,"texture":"#0"},"south":{"uv":[3.0,1.0,4.0,2.0],"tintindex":0,"rotation":0,"texture":"#0"},"north":{"uv":[1.0,1.0,2.0,2.0],"tintindex":0,"rotation":0,"texture":"#0"},"west":{"uv":[2.0,1.0,3.0,2.0],"tintindex":0,"rotation":0,"texture":"#0"},"up":{"uv":[2.0,1.0,1.0,0.0],"tintindex":0,"rotation":0,"texture":"#0"},"down":{"uv":[3.0,0.0,2.0,1.0],"tintindex":0,"rotation":0,"texture":"#0"}}},{"from":[5.875,17.875,5.875],"to":[10.125,22.125,10.125],"faces":{"east":{"uv":[6.5,4.625,7.5,5.625],"tintindex":0,"rotation":0,"texture":"#0"},"south":{"uv":[9.5,4.625,10.5,5.625],"tintindex":0,"rotation":0,"texture":"#0"},"north":{"uv":[7.5,4.625,8.5,5.625],"tintindex":0,"rotation":0,"texture":"#0"},"west":{"uv":[8.5,4.625,9.5,5.625],"tintindex":0,"rotation":0,"texture":"#0"},"up":{"uv":[8.5,4.625,7.5,3.625],"tintindex":0,"rotation":0,"texture":"#0"},"down":{"uv":[9.5,3.625,8.5,4.625],"tintindex":0,"rotation":0,"texture":"#0"}}}],"display":{"head":{"rotation":[0.0,0.0,0.0]},"firstperson_righthand":{"rotation":[0.0,0.0,0.0]},"thirdperson_lefthand":{"rotation":[0.0,-0.0,-0.0]},"firstperson_lefthand":{"rotation":[0.0,-0.0,-0.0]},"fixed":{"rotation":[0.0,0.0,0.0]},"ground":{"rotation":[0.0,0.0,0.0]},"thirdperson_righthand":{"rotation":[0.0,0.0,0.0]},"gui":{"rotation":[-150.0,-45.0,180.0]}}}