{"textures":{"0":"modelengine:entity/sprite-0006-sheet___","particle":"#0"},"elements":[{"from":[12.5,0.0,1.0],"to":[17.5,8.0,6.0],"faces":{"east":{"uv":[0.0,2.625,0.625,3.625],"tintindex":0,"rotation":0,"texture":"#0"},"south":{"uv":[1.875,2.625,2.5,3.625],"tintindex":0,"rotation":0,"texture":"#0"},"north":{"uv":[0.625,2.625,1.25,3.625],"tintindex":0,"rotation":0,"texture":"#0"},"west":{"uv":[1.25,2.625,1.875,3.625],"tintindex":0,"rotation":0,"texture":"#0"},"up":{"uv":[1.25,2.625,0.625,2.0],"tintindex":0,"rotation":0,"texture":"#0"},"down":{"uv":[1.875,2.0,1.25,2.625],"tintindex":0,"rotation":0,"texture":"#0"}}},{"from":[0.5,0.0,11.0],"to":[5.5,8.0,16.0],"faces":{"east":{"uv":[0.0,2.625,0.625,3.625],"tintindex":0,"rotation":0,"texture":"#0"},"south":{"uv":[1.875,2.625,2.5,3.625],"tintindex":0,"rotation":0,"texture":"#0"},"north":{"uv":[0.625,2.625,1.25,3.625],"tintindex":0,"rotation":0,"texture":"#0"},"west":{"uv":[1.25,2.625,1.875,3.625],"tintindex":0,"rotation":0,"texture":"#0"},"up":{"uv":[1.25,2.625,0.625,2.0],"tintindex":0,"rotation":0,"texture":"#0"},"down":{"uv":[1.875,2.0,1.25,2.625],"tintindex":0,"rotation":0,"texture":"#0"}}},{"from":[11.0,8.0,3.0],"to":[19.0,16.0,3.0],"faces":{"south":{"uv":[8.5,1.625,7.5,2.625],"tintindex":0,"rotation":0,"texture":"#0"},"north":{"uv":[7.5,1.625,8.5,2.625],"tintindex":0,"rotation":0,"texture":"#0"}},"rotation":{"origin":[15.0,12.0,3.0],"angle":45.0,"axis":"y"}},{"from":[-1.5,0.0,1.0],"to":[3.5,8.0,6.0],"faces":{"east":{"uv":[0.0,2.625,0.625,3.625],"tintindex":0,"rotation":0,"texture":"#0"},"south":{"uv":[1.875,2.625,2.5,3.625],"tintindex":0,"rotation":0,"texture":"#0"},"north":{"uv":[0.625,2.625,1.25,3.625],"tintindex":0,"rotation":0,"texture":"#0"},"west":{"uv":[1.25,2.625,1.875,3.625],"tintindex":0,"rotation":0,"texture":"#0"},"up":{"uv":[1.25,2.625,0.625,2.0],"tintindex":0,"rotation":0,"texture":"#0"},"down":{"uv":[1.875,2.0,1.25,2.625],"tintindex":0,"rotation":0,"texture":"#0"}}},{"from":[-3.0,8.0,3.0],"to":[5.0,16.0,3.0],"faces":{"south":{"uv":[7.5,1.625,8.5,2.625],"tintindex":0,"rotation":0,"texture":"#0"},"north":{"uv":[8.5,1.625,7.5,2.625],"tintindex":0,"rotation":0,"texture":"#0"}},"rotation":{"origin":[1.0,12.0,3.0],"angle":-45.0,"axis":"y"}},{"from":[-1.0,8.0,12.0],"to":[7.0,16.0,12.0],"faces":{"south":{"uv":[7.5,1.625,8.5,2.625],"tintindex":0,"rotation":0,"texture":"#0"},"north":{"uv":[8.5,1.625,7.5,2.625],"tintindex":0,"rotation":0,"texture":"#0"}},"rotation":{"origin":[3.0,12.0,12.0],"angle":-45.0,"axis":"y"}},{"from":[9.0,8.0,12.0],"to":[17.0,16.0,12.0],"faces":{"south":{"uv":[8.5,1.625,7.5,2.625],"tintindex":0,"rotation":0,"texture":"#0"},"north":{"uv":[7.5,1.625,8.5,2.625],"tintindex":0,"rotation":0,"texture":"#0"}},"rotation":{"origin":[13.0,12.0,12.0],"angle":45.0,"axis":"y"}},{"from":[10.5,0.0,11.0],"to":[15.5,8.0,16.0],"faces":{"east":{"uv":[0.0,2.625,0.625,3.625],"tintindex":0,"rotation":0,"texture":"#0"},"south":{"uv":[1.875,2.625,2.5,3.625],"tintindex":0,"rotation":0,"texture":"#0"},"north":{"uv":[0.625,2.625,1.25,3.625],"tintindex":0,"rotation":0,"texture":"#0"},"west":{"uv":[1.25,2.625,1.875,3.625],"tintindex":0,"rotation":0,"texture":"#0"},"up":{"uv":[1.25,2.625,0.625,2.0],"tintindex":0,"rotation":0,"texture":"#0"},"down":{"uv":[1.875,2.0,1.25,2.625],"tintindex":0,"rotation":0,"texture":"#0"}}}],"display":{"head":{"rotation":[0.0,0.0,0.0]},"firstperson_righthand":{"rotation":[0.0,0.0,0.0]},"thirdperson_lefthand":{"rotation":[0.0,-0.0,-0.0]},"firstperson_lefthand":{"rotation":[0.0,-0.0,-0.0]},"fixed":{"rotation":[0.0,0.0,0.0]},"ground":{"rotation":[0.0,0.0,0.0]},"thirdperson_righthand":{"rotation":[0.0,0.0,0.0]},"gui":{"rotation":[-150.0,-45.0,180.0]}}}