{"textures":{"0":"modelengine:entity/sprite-0006-sheet___","particle":"#0"},"elements":[{"from":[-1.3482113,-11.230068,8.0],"to":[7.6517887,-1.2300682,8.0],"faces":{"south":{"uv":[3.375,6.875,2.25,8.125],"tintindex":0,"rotation":0,"texture":"#0"},"north":{"uv":[2.25,6.875,1.125,8.125],"tintindex":0,"rotation":0,"texture":"#0"}}}],"display":{"head":{"rotation":[-0.0,0.0,15.0]},"firstperson_righthand":{"rotation":[-0.0,0.0,15.0]},"thirdperson_lefthand":{"rotation":[-0.0,-0.0,-15.0]},"firstperson_lefthand":{"rotation":[-0.0,-0.0,-15.0]},"fixed":{"rotation":[-0.0,0.0,15.0]},"ground":{"rotation":[-0.0,0.0,15.0]},"thirdperson_righthand":{"rotation":[-0.0,0.0,15.0]},"gui":{"rotation":[-150.0,-45.0,-165.0]}}}