{"textures":{"0":"modelengine:entity/sprite-0006-sheet___","particle":"#0"},"elements":[{"from":[13.5,0.0,15.5],"to":[18.5,8.0,20.5],"faces":{"east":{"uv":[0.0,2.625,0.625,3.625],"tintindex":0,"rotation":0,"texture":"#0"},"south":{"uv":[1.875,2.625,2.5,3.625],"tintindex":0,"rotation":0,"texture":"#0"},"north":{"uv":[0.625,2.625,1.25,3.625],"tintindex":0,"rotation":0,"texture":"#0"},"west":{"uv":[1.25,2.625,1.875,3.625],"tintindex":0,"rotation":0,"texture":"#0"},"up":{"uv":[1.25,2.625,0.625,2.0],"tintindex":0,"rotation":0,"texture":"#0"},"down":{"uv":[1.875,2.0,1.25,2.625],"tintindex":0,"rotation":0,"texture":"#0"}}},{"from":[-2.5,0.0,15.5],"to":[2.5,8.0,20.5],"faces":{"east":{"uv":[0.0,2.625,0.625,3.625],"tintindex":0,"rotation":0,"texture":"#0"},"south":{"uv":[1.875,2.625,2.5,3.625],"tintindex":0,"rotation":0,"texture":"#0"},"north":{"uv":[0.625,2.625,1.25,3.625],"tintindex":0,"rotation":0,"texture":"#0"},"west":{"uv":[1.25,2.625,1.875,3.625],"tintindex":0,"rotation":0,"texture":"#0"},"up":{"uv":[1.25,2.625,0.625,2.0],"tintindex":0,"rotation":0,"texture":"#0"},"down":{"uv":[1.875,2.0,1.25,2.625],"tintindex":0,"rotation":0,"texture":"#0"}}},{"from":[-4.0,8.0,18.5],"to":[4.0,16.0,18.5],"faces":{"south":{"uv":[8.5,1.625,7.5,2.625],"tintindex":0,"rotation":0,"texture":"#0"},"north":{"uv":[7.5,1.625,8.5,2.625],"tintindex":0,"rotation":0,"texture":"#0"}},"rotation":{"origin":[0.0,12.0,18.5],"angle":-45.0,"axis":"y"}},{"from":[-8.0,8.0,-2.5],"to":[0.0,16.0,-2.5],"faces":{"south":{"uv":[7.5,1.625,8.5,2.625],"tintindex":0,"rotation":0,"texture":"#0"},"north":{"uv":[8.5,1.625,7.5,2.625],"tintindex":0,"rotation":0,"texture":"#0"}},"rotation":{"origin":[-4.0,12.0,-2.5],"angle":-45.0,"axis":"y"}},{"from":[17.5,0.0,-4.5],"to":[22.5,8.0,0.5],"faces":{"east":{"uv":[0.0,2.625,0.625,3.625],"tintindex":0,"rotation":0,"texture":"#0"},"south":{"uv":[1.875,2.625,2.5,3.625],"tintindex":0,"rotation":0,"texture":"#0"},"north":{"uv":[0.625,2.625,1.25,3.625],"tintindex":0,"rotation":0,"texture":"#0"},"west":{"uv":[1.25,2.625,1.875,3.625],"tintindex":0,"rotation":0,"texture":"#0"},"up":{"uv":[1.25,2.625,0.625,2.0],"tintindex":0,"rotation":0,"texture":"#0"},"down":{"uv":[1.875,2.0,1.25,2.625],"tintindex":0,"rotation":0,"texture":"#0"}}},{"from":[-6.5,0.0,-4.5],"to":[-1.5,8.0,0.5],"faces":{"east":{"uv":[0.0,2.625,0.625,3.625],"tintindex":0,"rotation":0,"texture":"#0"},"south":{"uv":[1.875,2.625,2.5,3.625],"tintindex":0,"rotation":0,"texture":"#0"},"north":{"uv":[0.625,2.625,1.25,3.625],"tintindex":0,"rotation":0,"texture":"#0"},"west":{"uv":[1.25,2.625,1.875,3.625],"tintindex":0,"rotation":0,"texture":"#0"},"up":{"uv":[1.25,2.625,0.625,2.0],"tintindex":0,"rotation":0,"texture":"#0"},"down":{"uv":[1.875,2.0,1.25,2.625],"tintindex":0,"rotation":0,"texture":"#0"}}},{"from":[12.0,8.0,18.5],"to":[20.0,16.0,18.5],"faces":{"south":{"uv":[7.5,1.625,8.5,2.625],"tintindex":0,"rotation":0,"texture":"#0"},"north":{"uv":[8.5,1.625,7.5,2.625],"tintindex":0,"rotation":0,"texture":"#0"}},"rotation":{"origin":[16.0,12.0,18.5],"angle":45.0,"axis":"y"}},{"from":[16.0,8.0,-2.5],"to":[24.0,16.0,-2.5],"faces":{"south":{"uv":[8.5,1.625,7.5,2.625],"tintindex":0,"rotation":0,"texture":"#0"},"north":{"uv":[7.5,1.625,8.5,2.625],"tintindex":0,"rotation":0,"texture":"#0"}},"rotation":{"origin":[20.0,12.0,-2.5],"angle":45.0,"axis":"y"}}],"display":{"head":{"rotation":[0.0,0.0,0.0]},"firstperson_righthand":{"rotation":[0.0,0.0,0.0]},"thirdperson_lefthand":{"rotation":[0.0,-0.0,-0.0]},"firstperson_lefthand":{"rotation":[0.0,-0.0,-0.0]},"fixed":{"rotation":[0.0,0.0,0.0]},"ground":{"rotation":[0.0,0.0,0.0]},"thirdperson_righthand":{"rotation":[0.0,0.0,0.0]},"gui":{"rotation":[-150.0,-45.0,180.0]}}}