{"textures":{"0":"modelengine:entity/creepleton","particle":"#0"},"elements":[{"from":[8.0,8.0,6.5],"to":[8.0,16.0,9.5],"faces":{"east":{"uv":[8.0,0.0,8.75,4.0],"tintindex":0,"rotation":0,"texture":"#0"},"west":{"uv":[8.75,0.0,8.0,4.0],"tintindex":0,"rotation":0,"texture":"#0"}}},{"from":[8.0,8.23406,8.015038],"to":[8.0,11.23406,16.015038],"faces":{"east":{"uv":[8.0,4.0,8.75,8.0],"tintindex":0,"rotation":90,"texture":"#0"},"west":{"uv":[8.75,4.0,8.0,8.0],"tintindex":0,"rotation":270,"texture":"#0"}},"rotation":{"origin":[8.0,9.73406,12.015038],"angle":-22.5,"axis":"x"}},{"from":[6.5,9.73406,8.015038],"to":[9.5,9.73406,16.015038],"faces":{"up":{"uv":[8.75,4.0,9.5,8.0],"tintindex":0,"rotation":0,"texture":"#0"},"down":{"uv":[9.5,4.0,8.75,8.0],"tintindex":0,"rotation":180,"texture":"#0"}},"rotation":{"origin":[8.0,9.73406,12.015038],"angle":-22.5,"axis":"x"}},{"from":[6.5,8.0,8.0],"to":[9.5,16.0,8.0],"faces":{"south":{"uv":[8.75,0.0,9.5,4.0],"tintindex":0,"rotation":0,"texture":"#0"},"north":{"uv":[9.5,0.0,8.75,4.0],"tintindex":0,"rotation":0,"texture":"#0"}}}],"display":{"head":{"rotation":[-3.88274E-15,35.0,-90.0]},"firstperson_righthand":{"rotation":[-3.88274E-15,35.0,-90.0]},"thirdperson_lefthand":{"rotation":[-3.88274E-15,-35.0,90.0]},"firstperson_lefthand":{"rotation":[-3.88274E-15,-35.0,90.0]},"fixed":{"rotation":[-3.88274E-15,35.0,-90.0]},"ground":{"rotation":[-3.88274E-15,35.0,-90.0]},"thirdperson_righthand":{"rotation":[-3.88274E-15,35.0,-90.0]},"gui":{"rotation":[-150.0,-80.0,90.0]}}}