{"textures":{"0":"modelengine:entity/creepleton","particle":"#0"},"elements":[{"from":[11.0,-1.5409727,12.441183],"to":[11.0,6.4590273,15.441183],"faces":{"east":{"uv":[8.0,0.0,8.75,4.0],"tintindex":0,"rotation":0,"texture":"#0"},"west":{"uv":[8.75,0.0,8.0,4.0],"tintindex":0,"rotation":0,"texture":"#0"}}},{"from":[9.5,-1.5409727,13.941183],"to":[12.5,6.4590273,13.941183],"faces":{"south":{"uv":[8.75,0.0,9.5,4.0],"tintindex":0,"rotation":0,"texture":"#0"},"north":{"uv":[9.5,0.0,8.75,4.0],"tintindex":0,"rotation":0,"texture":"#0"}}}],"display":{"head":{"rotation":[-90.0,62.5,90.0]},"firstperson_righthand":{"rotation":[-90.0,62.5,90.0]},"thirdperson_lefthand":{"rotation":[-90.0,-62.5,-90.0]},"firstperson_lefthand":{"rotation":[-90.0,-62.5,-90.0]},"fixed":{"rotation":[-90.0,62.5,90.0]},"ground":{"rotation":[-90.0,62.5,90.0]},"thirdperson_righthand":{"rotation":[-90.0,62.5,90.0]},"gui":{"rotation":[-6.3602395,-38.84468,-24.785067]}}}