{
  "custom.axolobee": {
    "sounds": [
      {
        "name": "custom/axolobee",
        "stream": false
      }
    ]
  },
  "custom.blezz-arden": {
    "sounds": [
      {
        "name": "custom/blezz-arden",
        "stream": false
      }
    ]
  },
  "custom.creepleton": {
    "sounds": [
      {
        "name": "custom/creepleton",
        "stream": false
      }
    ]
  },
  "custom.creeplord": {
    "sounds": [
      {
        "name": "custom/creeplord",
        "stream": false
      }
    ]
  },
  "custom.dracobrute": {
    "sounds": [
      {
        "name": "custom/dracobrute",
        "stream": false
      }
    ]
  },
  "custom.ghastmare": {
    "sounds": [
      {
        "name": "custom/ghastmare",
        "stream": false
      }
    ]
  },
  "custom.lavasquito": {
    "sounds": [
      {
        "name": "custom/lavasquito",
        "stream": false
      }
    ]
  },
  "custom.porco-fungo": {
    "sounds": [
      {
        "name": "custom/porco-fungo",
        "stream": false
      }
    ]
  },
  "custom.slimerine": {
    "sounds": [
      {
        "name": "custom/slimerine",
        "stream": false
      }
    ]
  },
  "custom.snollini": {
    "sounds": [
      {
        "name": "custom/snollini",
        "stream": false
      }
    ]
  },
  "custom.spide-mando": {
    "sounds": [
      {
        "name": "custom/spide-mando",
        "stream": false
      }
    ]
  },
  "custom.villa-ation": {
    "sounds": [
      {
        "name": "custom/villa-ation",
        "stream": false
      }
    ]
  },
  "custom.withermite": {
    "sounds": [
      {
        "name": "custom/withermite",
        "stream": false
      }
    ]
  },
  "custom.zombini": {
    "sounds": [
      {
        "name": "custom/zombini",
        "stream": false
      }
    ]
  }
}
