{
  "custom.axolobee": {
    "sounds": ["custom/axolobee.ogg"]
  },
  "custom.blezz-arden": {
    "sounds": ["custom/blezz-arden.ogg"]
  },
  "custom.creepleton": {
    "sounds": ["custom/creepleton.ogg"]
  },
  "custom.creeplord": {
    "sounds": ["custom/creeplord.ogg"]
  },
  "custom.dracobrute": {
    "sounds": ["custom/dracobrute.ogg"]
  },
  "custom.ghastmare": {
    "sounds": ["custom/ghastmare.ogg"]
  },
  "custom.lavasquito": {
    "sounds": ["custom/lavasquito.ogg"]
  },
  "custom.porco-fungo": {
    "sounds": ["custom/porco-fungo.ogg"]
  },
  "custom.slimerine": {
    "sounds": ["custom/slimerine.ogg"]
  },
  "custom.snollini": {
    "sounds": ["custom/snollini.ogg"]
  },
  "custom.spide-mando": {
    "sounds": ["custom/spide-mando.ogg"]
  },
  "custom.villa-ation": {
    "sounds": ["custom/villa-ation.ogg"]
  },
  "custom.withermite": {
    "sounds": ["custom/withermite.ogg"]
  },
  "custom.zombini": {
    "sounds": ["custom/zombini.ogg"]
  }
}
