{
  "custom.axolobino": {
    "sounds": [
      {
        "name": "custom/axolobino",
        "stream": false
      }
    ]
  },
  "custom.blezzivardone": {
    "sounds": [
      {
        "name": "custom/blezzivardone",
        "stream": false
      }
    ]
  },
  "custom.creeplardo": {
    "sounds": [
      {
        "name": "custom/creeplardo",
        "stream": false
      }
    ]
  },
  "custom.creepolini": {
    "sounds": [
      {
        "name": "custom/creepolini",
        "stream": false
      }
    ]
  },
  "custom.dracobruto": {
    "sounds": [
      {
        "name": "custom/dracobruto",
        "stream": false
      }
    ]
  },
  "custom.gastmarello": {
    "sounds": [
      {
        "name": "custom/gastmarello",
        "stream": false
      }
    ]
  },
  "custom.lavasquito": {
    "sounds": [
      {
        "name": "custom/lavasquito",
        "stream": false
      }
    ]
  },
  "custom.porcofungo": {
    "sounds": [
      {
        "name": "custom/porcofungo",
        "stream": false
      }
    ]
  },
  "custom.slimerini": {
    "sounds": [
      {
        "name": "custom/slimerini",
        "stream": false
      }
    ]
  },
  "custom.snollini": {
    "sounds": [
      {
        "name": "custom/snollini",
        "stream": false
      }
    ]
  },
  "custom.spidermandozzo": {
    "sounds": [
      {
        "name": "custom/spidermandozzo",
        "stream": false
      }
    ]
  },
  "custom.villabroccione": {
    "sounds": [
      {
        "name": "custom/villabroccione",
        "stream": false
      }
    ]
  },
  "custom.withermito": {
    "sounds": [
      {
        "name": "custom/withermito",
        "stream": false
      }
    ]
  },
  "custom.zombini": {
    "sounds": [
      {
        "name": "custom/zombini",
        "stream": false
      }
    ]
  }
}
