{"textures":{"0":"modelengine:entity/axolobeerb_17586578445357460","particle":"#0"},"elements":[{"from":[7.5,7.0,19.0],"to":[8.5,8.0,22.0],"faces":{"east":{"uv":[0.0,14.0,1.5,14.5],"tintindex":0,"rotation":0,"texture":"#0"},"south":{"uv":[14.0,2.0,14.5,2.5],"tintindex":0,"rotation":0,"texture":"#0"},"north":{"uv":[2.0,14.0,2.5,14.5],"tintindex":0,"rotation":0,"texture":"#0"},"west":{"uv":[14.0,0.0,15.5,0.5],"tintindex":0,"rotation":0,"texture":"#0"},"up":{"uv":[14.5,2.0,14.0,0.5],"tintindex":0,"rotation":0,"texture":"#0"},"down":{"uv":[2.0,14.0,1.5,15.5],"tintindex":0,"rotation":0,"texture":"#0"}}},{"from":[8.0,6.0,8.0],"to":[8.0,11.0,20.0],"faces":{"east":{"uv":[0.0,0.0,6.0,2.5],"tintindex":0,"rotation":0,"texture":"#0"},"west":{"uv":[6.0,0.0,0.0,2.5],"tintindex":0,"rotation":0,"texture":"#0"}}}],"display":{"head":{"rotation":[0.0,0.0,0.0]},"firstperson_righthand":{"rotation":[0.0,0.0,0.0]},"thirdperson_lefthand":{"rotation":[0.0,-0.0,-0.0]},"firstperson_lefthand":{"rotation":[0.0,-0.0,-0.0]},"fixed":{"rotation":[0.0,0.0,0.0]},"ground":{"rotation":[0.0,0.0,0.0]},"thirdperson_righthand":{"rotation":[0.0,0.0,0.0]},"gui":{"rotation":[-150.0,-45.0,180.0]}}}