{"textures":{"1":"modelengine:entity/creepletongold_17586578445626971","particle":"#1"},"elements":[{"from":[-12.0,7.794306,1.723392],"to":[-12.0,12.794306,7.723392],"faces":{"east":{"uv":[10.25,10.0,11.5,12.5],"tintindex":0,"rotation":0,"texture":"#1"},"south":{"uv":[13.5,14.5,14.25,16.0],"tintindex":0,"rotation":0,"texture":"#1"},"north":{"uv":[11.25,14.5,12.0,16.0],"tintindex":0,"rotation":0,"texture":"#1"},"west":{"uv":[11.5,10.0,10.25,12.5],"tintindex":0,"rotation":0,"texture":"#1"},"up":{"uv":[10.25,10.0,11.5,12.5],"tintindex":0,"rotation":0,"texture":"#1"},"down":{"uv":[12.75,14.5,13.5,16.0],"tintindex":0,"rotation":0,"texture":"#1"}}}],"display":{"head":{"rotation":[-35.0,0.0,0.0]},"firstperson_righthand":{"rotation":[-35.0,0.0,0.0]},"thirdperson_lefthand":{"rotation":[-35.0,-0.0,-0.0]},"firstperson_lefthand":{"rotation":[-35.0,-0.0,-0.0]},"fixed":{"rotation":[-35.0,0.0,0.0]},"ground":{"rotation":[-35.0,0.0,0.0]},"thirdperson_righthand":{"rotation":[-35.0,0.0,0.0]},"gui":{"rotation":[-105.28088,-35.39626,-150.16243]}}}