{"textures":{"0":"modelengine:entity/sprite-0006-sheet___","particle":"#0"},"elements":[{"from":[-9.281832,-9.282408,3.228497],"to":[-0.28183174,0.7175927,3.228497],"faces":{"south":{"uv":[3.375,6.875,2.25,8.125],"tintindex":0,"rotation":0,"texture":"#0"},"north":{"uv":[2.25,6.875,1.125,8.125],"tintindex":0,"rotation":0,"texture":"#0"}}}],"display":{"head":{"rotation":[-10.292836,-7.131364,34.356895]},"firstperson_righthand":{"rotation":[-10.292836,-7.131364,34.356895]},"thirdperson_lefthand":{"rotation":[-10.292836,7.131364,-34.356895]},"firstperson_lefthand":{"rotation":[-10.292836,7.131364,-34.356895]},"fixed":{"rotation":[-10.292836,-7.131364,34.356895]},"ground":{"rotation":[-10.292836,-7.131364,34.356895]},"thirdperson_righthand":{"rotation":[-10.292836,-7.131364,34.356895]},"gui":{"rotation":[-137.16428,-37.053608,-136.5341]}}}