{"textures":{"0":"modelengine:entity/villabomination_17586578447258840","particle":"#0"},"elements":[{"from":[4.0,0.0,5.95],"to":[12.0,4.0,9.95],"faces":{"east":{"uv":[11.0,11.5,12.0,12.5],"tintindex":0,"rotation":0,"texture":"#0"},"south":{"uv":[11.5,5.5,13.5,6.5],"tintindex":0,"rotation":0,"texture":"#0"},"north":{"uv":[11.0,4.5,13.0,5.5],"tintindex":0,"rotation":0,"texture":"#0"},"west":{"uv":[12.0,1.5,13.0,2.5],"tintindex":0,"rotation":0,"texture":"#0"},"up":{"uv":[13.5,7.5,11.5,6.5],"tintindex":0,"rotation":0,"texture":"#0"},"down":{"uv":[13.5,7.5,11.5,8.5],"tintindex":0,"rotation":0,"texture":"#0"}}},{"from":[12.0,0.0,5.95],"to":[16.0,8.0,9.95],"faces":{"east":{"uv":[7.5,11.0,8.5,13.0],"tintindex":0,"rotation":0,"texture":"#0"},"south":{"uv":[0.0,11.5,1.0,13.5],"tintindex":0,"rotation":0,"texture":"#0"},"north":{"uv":[8.0,2.5,9.0,4.5],"tintindex":0,"rotation":0,"texture":"#0"},"west":{"uv":[1.0,11.5,2.0,13.5],"tintindex":0,"rotation":0,"texture":"#0"},"up":{"uv":[3.5,5.5,2.5,4.5],"tintindex":0,"rotation":0,"texture":"#0"},"down":{"uv":[12.5,10.0,11.5,11.0],"tintindex":0,"rotation":0,"texture":"#0"}}}],"display":{"head":{"rotation":[0.0,0.0,0.0]},"firstperson_righthand":{"rotation":[0.0,0.0,0.0]},"thirdperson_lefthand":{"rotation":[0.0,-0.0,-0.0]},"firstperson_lefthand":{"rotation":[0.0,-0.0,-0.0]},"fixed":{"rotation":[0.0,0.0,0.0]},"ground":{"rotation":[0.0,0.0,0.0]},"thirdperson_righthand":{"rotation":[0.0,0.0,0.0]},"gui":{"rotation":[-150.0,-45.0,180.0]}}}