{"textures":{"0":"modelengine:entity/villabomination_17586578447258840","particle":"#0"},"elements":[{"from":[0.0,24.0,5.95],"to":[4.0,32.0,9.95],"faces":{"east":{"uv":[2.0,11.5,1.0,13.5],"tintindex":0,"rotation":0,"texture":"#0"},"south":{"uv":[1.0,11.5,0.0,13.5],"tintindex":0,"rotation":0,"texture":"#0"},"north":{"uv":[9.0,2.5,8.0,4.5],"tintindex":0,"rotation":0,"texture":"#0"},"west":{"uv":[8.5,11.0,7.5,13.0],"tintindex":0,"rotation":0,"texture":"#0"},"up":{"uv":[3.5,4.5,2.5,5.5],"tintindex":0,"rotation":0,"texture":"#0"},"down":{"uv":[12.5,10.0,11.5,11.0],"tintindex":0,"rotation":0,"texture":"#0"}}}],"display":{"head":{"rotation":[0.0,0.0,0.0]},"firstperson_righthand":{"rotation":[0.0,0.0,0.0]},"thirdperson_lefthand":{"rotation":[0.0,-0.0,-0.0]},"firstperson_lefthand":{"rotation":[0.0,-0.0,-0.0]},"fixed":{"rotation":[0.0,0.0,0.0]},"ground":{"rotation":[0.0,0.0,0.0]},"thirdperson_righthand":{"rotation":[0.0,0.0,0.0]},"gui":{"rotation":[-150.0,-45.0,180.0]}}}