{"textures":{"0":"modelengine:entity/villabomination","particle":"#0"},"elements":[{"from":[3.75,-10.25,4.75],"to":[12.25,8.25,11.25],"faces":{"east":{"uv":[5.0,6.0,6.5,10.5],"tintindex":0,"rotation":0,"texture":"#0"},"south":{"uv":[2.0,0.0,4.0,4.5],"tintindex":0,"rotation":0,"texture":"#0"},"north":{"uv":[0.0,0.0,2.0,4.5],"tintindex":0,"rotation":0,"texture":"#0"},"west":{"uv":[6.5,0.0,8.0,4.5],"tintindex":0,"rotation":0,"texture":"#0"},"up":{"uv":[12.5,1.5,10.5,0.0],"tintindex":0,"rotation":0,"texture":"#0"},"down":{"uv":[6.5,10.5,4.5,12.0],"tintindex":0,"rotation":0,"texture":"#0"}}},{"from":[4.0,-4.0,5.0],"to":[12.0,8.0,11.0],"faces":{"east":{"uv":[9.0,5.5,10.5,8.5],"tintindex":0,"rotation":0,"texture":"#0"},"south":{"uv":[9.0,2.5,11.0,5.5],"tintindex":0,"rotation":0,"texture":"#0"},"north":{"uv":[2.5,9.0,4.5,12.0],"tintindex":0,"rotation":0,"texture":"#0"},"west":{"uv":[9.0,8.5,10.5,11.5],"tintindex":0,"rotation":0,"texture":"#0"},"up":{"uv":[8.5,11.0,6.5,9.5],"tintindex":0,"rotation":0,"texture":"#0"},"down":{"uv":[2.0,10.0,0.0,11.5],"tintindex":0,"rotation":0,"texture":"#0"}}}],"display":{"head":{"rotation":[0.0,0.0,0.0]},"firstperson_righthand":{"rotation":[0.0,0.0,0.0]},"thirdperson_lefthand":{"rotation":[0.0,-0.0,-0.0]},"firstperson_lefthand":{"rotation":[0.0,-0.0,-0.0]},"fixed":{"rotation":[0.0,0.0,0.0]},"ground":{"rotation":[0.0,0.0,0.0]},"thirdperson_righthand":{"rotation":[0.0,0.0,0.0]},"gui":{"rotation":[-150.0,-45.0,180.0]}}}