{"textures":{"0":"modelengine:entity/villabomination","particle":"#0"},"elements":[{"from":[3.1999998,4.3999996,5.2],"to":[12.8,16.400002,14.8],"faces":{"east":{"uv":[4.0,3.0,6.5,6.0],"tintindex":0,"rotation":0,"texture":"#0"},"south":{"uv":[0.0,4.5,2.5,7.5],"tintindex":0,"rotation":0,"texture":"#0"},"north":{"uv":[4.0,0.0,6.5,3.0],"tintindex":0,"rotation":0,"texture":"#0"},"west":{"uv":[2.5,6.0,5.0,9.0],"tintindex":0,"rotation":0,"texture":"#0"},"up":{"uv":[9.0,7.0,6.5,4.5],"tintindex":0,"rotation":0,"texture":"#0"},"down":{"uv":[9.0,7.0,6.5,9.5],"tintindex":0,"rotation":0,"texture":"#0"}}},{"from":[6.8,3.2000008,2.8000002],"to":[9.2,8.0,5.2],"faces":{"east":{"uv":[4.5,9.0,5.0,10.25],"tintindex":0,"rotation":0,"texture":"#0"},"south":{"uv":[3.0,12.0,3.5,13.25],"tintindex":0,"rotation":0,"texture":"#0"},"north":{"uv":[3.5,4.5,4.0,5.75],"tintindex":0,"rotation":0,"texture":"#0"},"west":{"uv":[3.5,12.0,4.0,13.25],"tintindex":0,"rotation":0,"texture":"#0"},"up":{"uv":[3.0,6.0,2.5,5.5],"tintindex":0,"rotation":0,"texture":"#0"},"down":{"uv":[3.5,5.5,3.0,6.0],"tintindex":0,"rotation":0,"texture":"#0"}}}],"display":{"head":{"rotation":[0.0,0.0,0.0]},"firstperson_righthand":{"rotation":[0.0,0.0,0.0]},"thirdperson_lefthand":{"rotation":[0.0,-0.0,-0.0]},"firstperson_lefthand":{"rotation":[0.0,-0.0,-0.0]},"fixed":{"rotation":[0.0,0.0,0.0]},"ground":{"rotation":[0.0,0.0,0.0]},"thirdperson_righthand":{"rotation":[0.0,0.0,0.0]},"gui":{"rotation":[-150.0,-45.0,180.0]}}}