{"textures":{"0":"modelengine:entity/villabomination_17586578447258840","particle":"#0"},"elements":[{"from":[9.8,-3.563589,17.77128],"to":[11.0,4.8364105,20.17128],"faces":{"east":{"uv":[8.5,9.5,9.0,11.5],"tintindex":0,"rotation":0,"texture":"#0"},"south":{"uv":[4.25,12.0,4.5,14.0],"tintindex":0,"rotation":0,"texture":"#0"},"north":{"uv":[4.0,12.0,4.25,14.0],"tintindex":0,"rotation":0,"texture":"#0"},"west":{"uv":[2.0,10.0,2.5,12.0],"tintindex":0,"rotation":0,"texture":"#0"},"up":{"uv":[10.75,2.0,10.5,1.5],"tintindex":0,"rotation":0,"texture":"#0"},"down":{"uv":[10.75,2.0,10.5,2.5],"tintindex":0,"rotation":0,"texture":"#0"}}}],"display":{"head":{"rotation":[0.0,0.0,0.0]},"firstperson_righthand":{"rotation":[0.0,0.0,0.0]},"thirdperson_lefthand":{"rotation":[0.0,-0.0,-0.0]},"firstperson_lefthand":{"rotation":[0.0,-0.0,-0.0]},"fixed":{"rotation":[0.0,0.0,0.0]},"ground":{"rotation":[0.0,0.0,0.0]},"thirdperson_righthand":{"rotation":[0.0,0.0,0.0]},"gui":{"rotation":[-150.0,-45.0,180.0]}}}