{"textures":{"0":"modelengine:entity/villabomination","particle":"#0"},"elements":[{"from":[3.1999998,9.4,13.599999],"to":[12.8,11.200001,23.2],"faces":{"east":{"uv":[11.5,8.5,14.0,9.0],"tintindex":0,"rotation":0,"texture":"#0"},"south":{"uv":[11.5,9.0,14.0,9.5],"tintindex":0,"rotation":0,"texture":"#0"},"north":{"uv":[8.5,11.5,11.0,12.0],"tintindex":0,"rotation":0,"texture":"#0"},"west":{"uv":[11.5,9.5,14.0,10.0],"tintindex":0,"rotation":0,"texture":"#0"},"up":{"uv":[2.5,10.0,0.0,7.5],"tintindex":0,"rotation":0,"texture":"#0"},"down":{"uv":[10.5,0.0,8.0,2.5],"tintindex":0,"rotation":0,"texture":"#0"}}}],"display":{"head":{"rotation":[0.0,0.0,0.0]},"firstperson_righthand":{"rotation":[0.0,0.0,0.0]},"thirdperson_lefthand":{"rotation":[0.0,-0.0,-0.0]},"firstperson_lefthand":{"rotation":[0.0,-0.0,-0.0]},"fixed":{"rotation":[0.0,0.0,0.0]},"ground":{"rotation":[0.0,0.0,0.0]},"thirdperson_righthand":{"rotation":[0.0,0.0,0.0]},"gui":{"rotation":[-150.0,-45.0,180.0]}}}