{"textures":{"0":"modelengine:entity/villabomination","particle":"#0"},"elements":[{"from":[6.0,-4.0,6.0],"to":[10.0,8.0,10.0],"faces":{"east":{"uv":[10.5,8.5,11.5,11.5],"tintindex":0,"rotation":0,"texture":"#0"},"south":{"uv":[11.0,1.5,12.0,4.5],"tintindex":0,"rotation":0,"texture":"#0"},"north":{"uv":[10.5,5.5,11.5,8.5],"tintindex":0,"rotation":0,"texture":"#0"},"west":{"uv":[6.5,11.0,7.5,14.0],"tintindex":0,"rotation":0,"texture":"#0"},"up":{"uv":[3.0,13.0,2.0,12.0],"tintindex":0,"rotation":0,"texture":"#0"},"down":{"uv":[13.0,2.5,12.0,3.5],"tintindex":0,"rotation":0,"texture":"#0"}}}],"display":{"head":{"rotation":[0.0,0.0,0.0]},"firstperson_righthand":{"rotation":[0.0,0.0,0.0]},"thirdperson_lefthand":{"rotation":[0.0,-0.0,-0.0]},"firstperson_lefthand":{"rotation":[0.0,-0.0,-0.0]},"fixed":{"rotation":[0.0,0.0,0.0]},"ground":{"rotation":[0.0,0.0,0.0]},"thirdperson_righthand":{"rotation":[0.0,0.0,0.0]},"gui":{"rotation":[-150.0,-45.0,180.0]}}}