{"textures":{"0":"modelengine:entity/villabomination","particle":"#0"},"elements":[{"from":[2.0,12.636411,6.3712797],"to":[3.1999998,21.036411,8.77128],"faces":{"east":{"uv":[2.5,10.0,2.0,12.0],"tintindex":0,"rotation":0,"texture":"#0"},"south":{"uv":[4.5,12.0,4.25,14.0],"tintindex":0,"rotation":0,"texture":"#0"},"north":{"uv":[4.25,12.0,4.0,14.0],"tintindex":0,"rotation":0,"texture":"#0"},"west":{"uv":[9.0,9.5,8.5,11.5],"tintindex":0,"rotation":0,"texture":"#0"},"up":{"uv":[10.5,2.0,10.75,1.5],"tintindex":0,"rotation":0,"texture":"#0"},"down":{"uv":[10.5,2.0,10.75,2.5],"tintindex":0,"rotation":0,"texture":"#0"}}}],"display":{"head":{"rotation":[0.0,0.0,0.0]},"firstperson_righthand":{"rotation":[0.0,0.0,0.0]},"thirdperson_lefthand":{"rotation":[0.0,-0.0,-0.0]},"firstperson_lefthand":{"rotation":[0.0,-0.0,-0.0]},"fixed":{"rotation":[0.0,0.0,0.0]},"ground":{"rotation":[0.0,0.0,0.0]},"thirdperson_righthand":{"rotation":[0.0,0.0,0.0]},"gui":{"rotation":[-150.0,-45.0,180.0]}}}