{"textures":{"0":"modelengine:entity/zombeegold_17586578446930230","particle":"#0"},"elements":[{"from":[-0.5,5.0,8.0],"to":[8.5,11.0,8.0],"faces":{"south":{"uv":[10.0,7.0,12.25,5.5],"tintindex":0,"rotation":0,"texture":"#0"},"north":{"uv":[12.25,5.5,14.5,7.0],"tintindex":0,"rotation":180,"texture":"#0"}}}],"display":{"head":{"rotation":[0.0,0.0,0.0]},"firstperson_righthand":{"rotation":[0.0,0.0,0.0]},"thirdperson_lefthand":{"rotation":[0.0,-0.0,-0.0]},"firstperson_lefthand":{"rotation":[0.0,-0.0,-0.0]},"fixed":{"rotation":[0.0,0.0,0.0]},"ground":{"rotation":[0.0,0.0,0.0]},"thirdperson_righthand":{"rotation":[0.0,0.0,0.0]},"gui":{"rotation":[-150.0,-45.0,180.0]}}}