{"textures":{"0":"modelengine:entity/zombeegold_17586578446930230","particle":"#0"},"elements":[{"from":[7.0,-2.0,6.0],"to":[11.0,10.0,10.0],"faces":{"east":{"uv":[6.0,5.5,7.0,8.5],"tintindex":0,"rotation":0,"texture":"#0"},"south":{"uv":[9.0,5.5,10.0,8.5],"tintindex":0,"rotation":0,"texture":"#0"},"north":{"uv":[7.0,5.5,8.0,8.5],"tintindex":0,"rotation":0,"texture":"#0"},"west":{"uv":[8.0,5.5,9.0,8.5],"tintindex":0,"rotation":0,"texture":"#0"},"up":{"uv":[8.0,5.5,7.0,4.5],"tintindex":0,"rotation":0,"texture":"#0"},"down":{"uv":[9.0,4.5,8.0,5.5],"tintindex":0,"rotation":0,"texture":"#0"}}}],"display":{"head":{"rotation":[0.0,0.0,0.0]},"firstperson_righthand":{"rotation":[0.0,0.0,0.0]},"thirdperson_lefthand":{"rotation":[0.0,-0.0,-0.0]},"firstperson_lefthand":{"rotation":[0.0,-0.0,-0.0]},"fixed":{"rotation":[0.0,0.0,0.0]},"ground":{"rotation":[0.0,0.0,0.0]},"thirdperson_righthand":{"rotation":[0.0,0.0,0.0]},"gui":{"rotation":[-150.0,-45.0,180.0]}}}