{"textures":{"0":"modelengine:entity/lavasquito_17586578444217130","particle":"#0"},"elements":[{"from":[5.5,25.0,7.0],"to":[10.5,31.0,9.0],"faces":{"east":{"uv":[7.0,4.5,8.0,7.5],"tintindex":0,"rotation":0,"texture":"#0"},"south":{"uv":[11.5,4.5,14.0,7.5],"tintindex":0,"rotation":0,"texture":"#0"},"north":{"uv":[8.0,4.5,10.5,7.5],"tintindex":0,"rotation":0,"texture":"#0"},"west":{"uv":[10.5,4.5,11.5,7.5],"tintindex":0,"rotation":0,"texture":"#0"},"up":{"uv":[10.5,4.5,8.0,3.5],"tintindex":0,"rotation":0,"texture":"#0"},"down":{"uv":[13.0,3.5,10.5,4.5],"tintindex":0,"rotation":0,"texture":"#0"}}}],"display":{"head":{"rotation":[0.0,0.0,0.0]},"firstperson_righthand":{"rotation":[0.0,0.0,0.0]},"thirdperson_lefthand":{"rotation":[0.0,-0.0,-0.0]},"firstperson_lefthand":{"rotation":[0.0,-0.0,-0.0]},"fixed":{"rotation":[0.0,0.0,0.0]},"ground":{"rotation":[0.0,0.0,0.0]},"thirdperson_righthand":{"rotation":[0.0,0.0,0.0]},"gui":{"rotation":[-150.0,-45.0,180.0]}}}