{"textures":{"1":"modelengine:entity/4567cb55-d27a-3335-9b29-0c00eed72111","particle":"#1"},"elements":[{"from":[5.5,3.0,7.0],"to":[10.5,9.0,9.0],"faces":{"east":{"uv":[7.0,4.5,8.0,7.5],"tintindex":0,"rotation":0,"texture":"#1"},"south":{"uv":[11.5,4.5,14.0,7.5],"tintindex":0,"rotation":0,"texture":"#1"},"north":{"uv":[8.0,4.5,10.5,7.5],"tintindex":0,"rotation":0,"texture":"#1"},"west":{"uv":[10.5,4.5,11.5,7.5],"tintindex":0,"rotation":0,"texture":"#1"},"up":{"uv":[10.5,4.5,8.0,3.5],"tintindex":0,"rotation":0,"texture":"#1"},"down":{"uv":[13.0,3.5,10.5,4.5],"tintindex":0,"rotation":0,"texture":"#1"}}}],"display":{"head":{"rotation":[0.0,0.0,0.0]},"firstperson_righthand":{"rotation":[0.0,0.0,0.0]},"thirdperson_lefthand":{"rotation":[0.0,-0.0,-0.0]},"firstperson_lefthand":{"rotation":[0.0,-0.0,-0.0]},"fixed":{"rotation":[0.0,0.0,0.0]},"ground":{"rotation":[0.0,0.0,0.0]},"thirdperson_righthand":{"rotation":[0.0,0.0,0.0]},"gui":{"rotation":[-150.0,-45.0,180.0]}}}