{"textures":{"1":"modelengine:entity/4567cb55-d27a-3335-9b29-0c00eed72111","particle":"#1"},"elements":[{"from":[5.5,6.25,8.0],"to":[10.5,8.25,8.0],"faces":{"south":{"uv":[2.5,8.0,5.0,9.0],"tintindex":0,"rotation":0,"texture":"#1"},"north":{"uv":[0.0,8.0,2.5,9.0],"tintindex":0,"rotation":0,"texture":"#1"}},"rotation":{"origin":[8.0,7.25,8.0],"angle":-22.5,"axis":"x"}}],"display":{"head":{"rotation":[0.0,0.0,0.0]},"firstperson_righthand":{"rotation":[0.0,0.0,0.0]},"thirdperson_lefthand":{"rotation":[0.0,-0.0,-0.0]},"firstperson_lefthand":{"rotation":[0.0,-0.0,-0.0]},"fixed":{"rotation":[0.0,0.0,0.0]},"ground":{"rotation":[0.0,0.0,0.0]},"thirdperson_righthand":{"rotation":[0.0,0.0,0.0]},"gui":{"rotation":[-150.0,-45.0,180.0]}}}