{"textures":{"1":"modelengine:entity/4567cb55-d27a-3335-9b29-0c00eed72111","particle":"#1"},"elements":[{"from":[4.0,10.0,8.0],"to":[7.0,15.0,8.0],"faces":{"south":{"uv":[1.5,9.0,3.0,11.5],"tintindex":0,"rotation":0,"texture":"#1"},"north":{"uv":[0.0,9.0,1.5,11.5],"tintindex":0,"rotation":0,"texture":"#1"}}},{"from":[5.0,8.0,6.0],"to":[11.0,12.0,9.0],"faces":{"east":{"uv":[0.0,1.5,1.5,3.5],"tintindex":0,"rotation":0,"texture":"#1"},"south":{"uv":[6.0,1.5,9.0,3.5],"tintindex":0,"rotation":0,"texture":"#1"},"north":{"uv":[1.5,1.5,4.5,3.5],"tintindex":0,"rotation":0,"texture":"#1"},"west":{"uv":[4.5,1.5,6.0,3.5],"tintindex":0,"rotation":0,"texture":"#1"},"up":{"uv":[4.5,1.5,1.5,0.0],"tintindex":0,"rotation":0,"texture":"#1"},"down":{"uv":[7.5,0.0,4.5,1.5],"tintindex":0,"rotation":0,"texture":"#1"}}},{"from":[9.0,10.0,8.0],"to":[12.0,15.0,8.0],"faces":{"south":{"uv":[10.5,0.0,12.0,2.5],"tintindex":0,"rotation":0,"texture":"#1"},"north":{"uv":[9.0,0.0,10.5,2.5],"tintindex":0,"rotation":0,"texture":"#1"}}}],"display":{"head":{"rotation":[0.0,0.0,0.0]},"firstperson_righthand":{"rotation":[0.0,0.0,0.0]},"thirdperson_lefthand":{"rotation":[0.0,-0.0,-0.0]},"firstperson_lefthand":{"rotation":[0.0,-0.0,-0.0]},"fixed":{"rotation":[0.0,0.0,0.0]},"ground":{"rotation":[0.0,0.0,0.0]},"thirdperson_righthand":{"rotation":[0.0,0.0,0.0]},"gui":{"rotation":[-150.0,-45.0,180.0]}}}