{"textures":{"0":"modelengine:entity/lavasquito_17586578444217130","particle":"#0"},"elements":[{"from":[6.0,20.0,8.0],"to":[7.5,22.5,8.0],"faces":{"south":{"uv":[1.5,9.0,3.0,11.5],"tintindex":0,"rotation":0,"texture":"#0"},"north":{"uv":[0.0,9.0,1.5,11.5],"tintindex":0,"rotation":0,"texture":"#0"}}},{"from":[6.5,19.0,7.0],"to":[9.5,21.0,8.5],"faces":{"east":{"uv":[0.0,1.5,1.5,3.5],"tintindex":0,"rotation":0,"texture":"#0"},"south":{"uv":[6.0,1.5,9.0,3.5],"tintindex":0,"rotation":0,"texture":"#0"},"north":{"uv":[1.5,1.5,4.5,3.5],"tintindex":0,"rotation":0,"texture":"#0"},"west":{"uv":[4.5,1.5,6.0,3.5],"tintindex":0,"rotation":0,"texture":"#0"},"up":{"uv":[4.5,1.5,1.5,0.0],"tintindex":0,"rotation":0,"texture":"#0"},"down":{"uv":[7.5,0.0,4.5,1.5],"tintindex":0,"rotation":0,"texture":"#0"}}},{"from":[8.5,20.0,8.0],"to":[10.0,22.5,8.0],"faces":{"south":{"uv":[10.5,0.0,12.0,2.5],"tintindex":0,"rotation":0,"texture":"#0"},"north":{"uv":[9.0,0.0,10.5,2.5],"tintindex":0,"rotation":0,"texture":"#0"}}}],"display":{"head":{"rotation":[0.0,0.0,0.0]},"firstperson_righthand":{"rotation":[0.0,0.0,0.0]},"thirdperson_lefthand":{"rotation":[0.0,-0.0,-0.0]},"firstperson_lefthand":{"rotation":[0.0,-0.0,-0.0]},"fixed":{"rotation":[0.0,0.0,0.0]},"ground":{"rotation":[0.0,0.0,0.0]},"thirdperson_righthand":{"rotation":[0.0,0.0,0.0]},"gui":{"rotation":[-150.0,-45.0,180.0]}}}