{"textures":{"1":"modelengine:entity/4567cb55-d27a-3335-9b29-0c00eed72111","particle":"#1"},"elements":[{"from":[6.0,4.0,8.0],"to":[8.0,12.0,8.0],"faces":{"south":{"uv":[8.0,7.5,9.0,11.5],"tintindex":0,"rotation":0,"texture":"#1"},"north":{"uv":[7.0,7.5,8.0,11.5],"tintindex":0,"rotation":0,"texture":"#1"}}}],"display":{"head":{"rotation":[0.0,0.0,0.0]},"firstperson_righthand":{"rotation":[0.0,0.0,0.0]},"thirdperson_lefthand":{"rotation":[0.0,-0.0,-0.0]},"firstperson_lefthand":{"rotation":[0.0,-0.0,-0.0]},"fixed":{"rotation":[0.0,0.0,0.0]},"ground":{"rotation":[0.0,0.0,0.0]},"thirdperson_righthand":{"rotation":[0.0,0.0,0.0]},"gui":{"rotation":[-150.0,-45.0,180.0]}}}