{"textures":{"0":"modelengine:entity/lavasquito_17586578444217130","particle":"#0"},"elements":[{"from":[8.0,16.75,8.0],"to":[11.5,21.25,8.0],"faces":{"south":{"uv":[3.5,3.5,0.0,8.0],"tintindex":0,"rotation":0,"texture":"#0"},"north":{"uv":[0.0,3.5,3.5,8.0],"tintindex":0,"rotation":0,"texture":"#0"}}}],"display":{"head":{"rotation":[0.0,0.0,0.0]},"firstperson_righthand":{"rotation":[0.0,0.0,0.0]},"thirdperson_lefthand":{"rotation":[0.0,-0.0,-0.0]},"firstperson_lefthand":{"rotation":[0.0,-0.0,-0.0]},"fixed":{"rotation":[0.0,0.0,0.0]},"ground":{"rotation":[0.0,0.0,0.0]},"thirdperson_righthand":{"rotation":[0.0,0.0,0.0]},"gui":{"rotation":[-150.0,-45.0,180.0]}}}