{"textures":{"0":"modelengine:entity/texture123","particle":"#0"},"elements":[{"from":[1.0,3.5,8.0],"to":[8.0,12.5,8.0],"faces":{"south":{"uv":[7.0,3.5,3.5,8.0],"tintindex":0,"rotation":0,"texture":"#0"},"north":{"uv":[3.5,3.5,0.0,8.0],"tintindex":0,"rotation":0,"texture":"#0"}}}],"display":{"head":{"rotation":[0.0,0.0,0.0]},"firstperson_righthand":{"rotation":[0.0,0.0,0.0]},"thirdperson_lefthand":{"rotation":[0.0,-0.0,-0.0]},"firstperson_lefthand":{"rotation":[0.0,-0.0,-0.0]},"fixed":{"rotation":[0.0,0.0,0.0]},"ground":{"rotation":[0.0,0.0,0.0]},"thirdperson_righthand":{"rotation":[0.0,0.0,0.0]},"gui":{"rotation":[-150.0,-45.0,180.0]}}}