{"textures":{"0":"modelengine:entity/pigshroomrb_17586578446999300","particle":"#0"},"elements":[{"from":[5.1560535,16.488884,3.5571404],"to":[16.156054,21.488884,14.55714],"faces":{"east":{"uv":[11.75,4.0,9.0,5.25],"tintindex":0,"rotation":0,"texture":"#0"},"south":{"uv":[9.0,4.0,11.75,5.25],"tintindex":0,"rotation":0,"texture":"#0"},"north":{"uv":[9.0,4.0,11.75,5.25],"tintindex":0,"rotation":0,"texture":"#0"},"west":{"uv":[11.75,4.0,9.0,5.25],"tintindex":0,"rotation":0,"texture":"#0"},"up":{"uv":[10.75,12.25,8.0,9.5],"tintindex":0,"rotation":0,"texture":"#0"},"down":{"uv":[2.75,10.0,0.0,12.75],"tintindex":0,"rotation":0,"texture":"#0"}}},{"from":[9.156054,8.488884,7.5571404],"to":[12.156054,16.488884,10.55714],"faces":{"east":{"uv":[6.25,10.0,5.5,12.0],"tintindex":0,"rotation":0,"texture":"#0"},"south":{"uv":[5.5,10.0,6.25,12.0],"tintindex":0,"rotation":0,"texture":"#0"},"north":{"uv":[5.5,10.0,6.25,12.0],"tintindex":0,"rotation":0,"texture":"#0"},"west":{"uv":[6.25,10.0,5.5,12.0],"tintindex":0,"rotation":0,"texture":"#0"},"up":{"uv":[9.75,6.0,9.0,5.25],"tintindex":0,"rotation":0,"texture":"#0"},"down":{"uv":[10.5,5.25,9.75,6.0],"tintindex":0,"rotation":0,"texture":"#0"}}}],"display":{"head":{"rotation":[66.05708,-32.41987,-42.504753]},"firstperson_righthand":{"rotation":[66.05708,-32.41987,-42.504753]},"thirdperson_lefthand":{"rotation":[66.05708,32.41987,42.504753]},"firstperson_lefthand":{"rotation":[66.05708,32.41987,42.504753]},"fixed":{"rotation":[66.05708,-32.41987,-42.504753]},"ground":{"rotation":[66.05708,-32.41987,-42.504753]},"thirdperson_righthand":{"rotation":[66.05708,-32.41987,-42.504753]},"gui":{"rotation":[158.84624,7.865997,96.77253]}}}