{"textures":{"0":"modelengine:entity/ironcreeplord_17586578444364730","particle":"#0"},"elements":[{"from":[4.53613,4.51119,6.2829094],"to":[10.53613,12.51119,11.282909],"faces":{"east":{"uv":[5.125,5.375,5.75,6.375],"tintindex":0,"rotation":0,"texture":"#0"},"south":{"uv":[4.375,5.375,5.125,6.375],"tintindex":0,"rotation":0,"texture":"#0"},"north":{"uv":[5.75,5.375,6.5,6.375],"tintindex":0,"rotation":0,"texture":"#0"},"west":{"uv":[3.75,5.375,4.375,6.375],"tintindex":0,"rotation":0,"texture":"#0"},"up":{"uv":[5.125,5.375,4.375,4.75],"tintindex":0,"rotation":180,"texture":"#0"},"down":{"uv":[5.875,4.75,5.125,5.375],"tintindex":0,"rotation":180,"texture":"#0"}},"rotation":{"origin":[7.53613,8.51119,8.782909],"angle":-22.5,"axis":"x"}}],"display":{"head":{"rotation":[0.0,0.0,0.0]},"firstperson_righthand":{"rotation":[0.0,0.0,0.0]},"thirdperson_lefthand":{"rotation":[0.0,-0.0,-0.0]},"firstperson_lefthand":{"rotation":[0.0,-0.0,-0.0]},"fixed":{"rotation":[0.0,0.0,0.0]},"ground":{"rotation":[0.0,0.0,0.0]},"thirdperson_righthand":{"rotation":[0.0,0.0,0.0]},"gui":{"rotation":[-150.0,-45.0,180.0]}}}