{"textures":{"0":"modelengine:entity/texture3142","particle":"#0"},"elements":[{"from":[2.22782,4.51119,13.50308],"to":[8.22782,12.51119,18.50308],"faces":{"east":{"uv":[5.75,9.375,5.125,10.375],"tintindex":0,"rotation":0,"texture":"#0"},"south":{"uv":[6.5,9.375,5.75,10.375],"tintindex":0,"rotation":0,"texture":"#0"},"north":{"uv":[5.125,9.375,4.375,10.375],"tintindex":0,"rotation":0,"texture":"#0"},"west":{"uv":[4.375,9.375,3.75,10.375],"tintindex":0,"rotation":0,"texture":"#0"},"up":{"uv":[4.375,9.375,5.125,8.75],"tintindex":0,"rotation":0,"texture":"#0"},"down":{"uv":[5.125,8.75,5.875,9.375],"tintindex":0,"rotation":0,"texture":"#0"}},"rotation":{"origin":[5.22782,8.51119,16.00308],"angle":22.5,"axis":"x"}}],"display":{"head":{"rotation":[0.0,0.0,0.0]},"firstperson_righthand":{"rotation":[0.0,0.0,0.0]},"thirdperson_lefthand":{"rotation":[0.0,-0.0,-0.0]},"firstperson_lefthand":{"rotation":[0.0,-0.0,-0.0]},"fixed":{"rotation":[0.0,0.0,0.0]},"ground":{"rotation":[0.0,0.0,0.0]},"thirdperson_righthand":{"rotation":[0.0,0.0,0.0]},"gui":{"rotation":[-150.0,-45.0,180.0]}}}