{"textures":{"0":"modelengine:entity/ironcreeplord_17586578444364730","particle":"#0"},"elements":[{"from":[4.9222803,6.5,7.9998],"to":[10.92228,9.5,12.9998],"faces":{"east":{"uv":[2.0,7.0,1.375,7.375],"tintindex":0,"rotation":0,"texture":"#0"},"south":{"uv":[2.75,7.0,2.0,7.375],"tintindex":0,"rotation":0,"texture":"#0"},"north":{"uv":[1.375,7.0,0.625,7.375],"tintindex":0,"rotation":0,"texture":"#0"},"west":{"uv":[0.625,7.0,0.0,7.375],"tintindex":0,"rotation":0,"texture":"#0"},"up":{"uv":[0.625,7.0,1.375,6.375],"tintindex":0,"rotation":0,"texture":"#0"},"down":{"uv":[1.375,6.375,2.125,7.0],"tintindex":0,"rotation":0,"texture":"#0"}}}],"display":{"head":{"rotation":[0.0,0.0,0.0]},"firstperson_righthand":{"rotation":[0.0,0.0,0.0]},"thirdperson_lefthand":{"rotation":[0.0,-0.0,-0.0]},"firstperson_lefthand":{"rotation":[0.0,-0.0,-0.0]},"fixed":{"rotation":[0.0,0.0,0.0]},"ground":{"rotation":[0.0,0.0,0.0]},"thirdperson_righthand":{"rotation":[0.0,0.0,0.0]},"gui":{"rotation":[-150.0,-45.0,180.0]}}}