{"textures":{"0":"modelengine:entity/te21211221xture","particle":"#0"},"elements":[{"from":[0.5155301,4.51119,1.3317499],"to":[6.51553,12.51119,6.3317494],"faces":{"east":{"uv":[4.375,5.375,3.75,6.375],"tintindex":0,"rotation":0,"texture":"#0"},"south":{"uv":[5.125,5.375,4.375,6.375],"tintindex":0,"rotation":0,"texture":"#0"},"north":{"uv":[6.5,5.375,5.75,6.375],"tintindex":0,"rotation":0,"texture":"#0"},"west":{"uv":[5.75,5.375,5.125,6.375],"tintindex":0,"rotation":0,"texture":"#0"},"up":{"uv":[4.375,5.375,5.125,4.75],"tintindex":0,"rotation":180,"texture":"#0"},"down":{"uv":[5.125,4.75,5.875,5.375],"tintindex":0,"rotation":180,"texture":"#0"}},"rotation":{"origin":[3.51553,8.51119,3.83175],"angle":-22.5,"axis":"x"}}],"display":{"head":{"rotation":[0.0,0.0,0.0]},"firstperson_righthand":{"rotation":[0.0,0.0,0.0]},"thirdperson_lefthand":{"rotation":[0.0,-0.0,-0.0]},"firstperson_lefthand":{"rotation":[0.0,-0.0,-0.0]},"fixed":{"rotation":[0.0,0.0,0.0]},"ground":{"rotation":[0.0,0.0,0.0]},"thirdperson_righthand":{"rotation":[0.0,0.0,0.0]},"gui":{"rotation":[-150.0,-45.0,180.0]}}}