{"textures":{"0":"modelengine:entity/texture3142","particle":"#0"},"elements":[{"from":[5.02512,6.5,2.98909],"to":[11.02512,9.5,7.98909],"faces":{"east":{"uv":[0.0,7.0,0.625,7.375],"tintindex":0,"rotation":0,"texture":"#0"},"south":{"uv":[2.0,7.0,2.75,7.375],"tintindex":0,"rotation":0,"texture":"#0"},"north":{"uv":[0.625,7.0,1.375,7.375],"tintindex":0,"rotation":0,"texture":"#0"},"west":{"uv":[1.375,7.0,2.0,7.375],"tintindex":0,"rotation":0,"texture":"#0"},"up":{"uv":[1.375,7.0,0.625,6.375],"tintindex":0,"rotation":0,"texture":"#0"},"down":{"uv":[2.125,6.375,1.375,7.0],"tintindex":0,"rotation":0,"texture":"#0"}}}],"display":{"head":{"rotation":[0.0,0.0,0.0]},"firstperson_righthand":{"rotation":[0.0,0.0,0.0]},"thirdperson_lefthand":{"rotation":[0.0,-0.0,-0.0]},"firstperson_lefthand":{"rotation":[0.0,-0.0,-0.0]},"fixed":{"rotation":[0.0,0.0,0.0]},"ground":{"rotation":[0.0,0.0,0.0]},"thirdperson_righthand":{"rotation":[0.0,0.0,0.0]},"gui":{"rotation":[-150.0,-45.0,180.0]}}}