{"textures":{"0":"modelengine:entity/ironcreeplord_17586578444364730","particle":"#0"},"elements":[{"from":[5.12938,6.5,7.95096],"to":[11.12938,9.5,12.95096],"faces":{"east":{"uv":[0.0,7.0,0.625,7.375],"tintindex":0,"rotation":0,"texture":"#0"},"south":{"uv":[2.0,7.0,2.75,7.375],"tintindex":0,"rotation":0,"texture":"#0"},"north":{"uv":[0.625,7.0,1.375,7.375],"tintindex":0,"rotation":0,"texture":"#0"},"west":{"uv":[1.375,7.0,2.0,7.375],"tintindex":0,"rotation":0,"texture":"#0"},"up":{"uv":[1.375,7.0,0.625,6.375],"tintindex":0,"rotation":0,"texture":"#0"},"down":{"uv":[2.125,6.375,1.375,7.0],"tintindex":0,"rotation":0,"texture":"#0"}}}],"display":{"head":{"rotation":[0.0,0.0,0.0]},"firstperson_righthand":{"rotation":[0.0,0.0,0.0]},"thirdperson_lefthand":{"rotation":[0.0,-0.0,-0.0]},"firstperson_lefthand":{"rotation":[0.0,-0.0,-0.0]},"fixed":{"rotation":[0.0,0.0,0.0]},"ground":{"rotation":[0.0,0.0,0.0]},"thirdperson_righthand":{"rotation":[0.0,0.0,0.0]},"gui":{"rotation":[-150.0,-45.0,180.0]}}}