{"textures":{"0":"modelengine:entity/dracobrute","particle":"#0"},"elements":[{"from":[6.0,11.0,1.0],"to":[7.0,12.0,3.0],"faces":{"east":{"uv":[3.0,4.875,3.25,5.0],"tintindex":0,"rotation":0,"texture":"#0"},"south":{"uv":[8.0,8.0,8.125,8.125],"tintindex":0,"rotation":0,"texture":"#0"},"north":{"uv":[8.0,7.875,8.125,8.0],"tintindex":0,"rotation":0,"texture":"#0"},"west":{"uv":[5.75,3.375,6.0,3.5],"tintindex":0,"rotation":0,"texture":"#0"},"up":{"uv":[6.75,8.25,6.625,8.0],"tintindex":0,"rotation":0,"texture":"#0"},"down":{"uv":[8.125,6.625,8.0,6.875],"tintindex":0,"rotation":0,"texture":"#0"}}},{"from":[9.0,11.0,1.0],"to":[10.0,12.0,3.0],"faces":{"east":{"uv":[4.5,2.875,4.75,3.0],"tintindex":0,"rotation":0,"texture":"#0"},"south":{"uv":[7.875,8.0,8.0,8.125],"tintindex":0,"rotation":0,"texture":"#0"},"north":{"uv":[7.75,8.0,7.875,8.125],"tintindex":0,"rotation":0,"texture":"#0"},"west":{"uv":[4.75,3.875,5.0,4.0],"tintindex":0,"rotation":0,"texture":"#0"},"up":{"uv":[8.125,6.625,8.0,6.375],"tintindex":0,"rotation":0,"texture":"#0"},"down":{"uv":[6.625,8.0,6.5,8.25],"tintindex":0,"rotation":0,"texture":"#0"}}},{"from":[3.0,8.0,4.0],"to":[13.0,16.0,12.0],"faces":{"east":{"uv":[4.5,1.0,5.5,2.0],"tintindex":0,"rotation":0,"texture":"#0"},"south":{"uv":[3.5,3.0,4.75,4.0],"tintindex":0,"rotation":0,"texture":"#0"},"north":{"uv":[2.0,3.5,3.25,4.5],"tintindex":0,"rotation":0,"texture":"#0"},"west":{"uv":[2.0,4.5,3.0,5.5],"tintindex":0,"rotation":0,"texture":"#0"},"up":{"uv":[4.5,5.0,3.25,4.0],"tintindex":0,"rotation":0,"texture":"#0"},"down":{"uv":[5.75,0.0,4.5,1.0],"tintindex":0,"rotation":0,"texture":"#0"}}},{"from":[5.0,8.0,0.0],"to":[11.0,9.0,4.0],"faces":{"east":{"uv":[4.0,8.0,4.5,8.125],"tintindex":0,"rotation":0,"texture":"#0"},"south":{"uv":[2.875,8.0,3.625,8.125],"tintindex":0,"rotation":0,"texture":"#0"},"north":{"uv":[2.125,8.0,2.875,8.125],"tintindex":0,"rotation":0,"texture":"#0"},"west":{"uv":[8.0,4.5,8.5,4.625],"tintindex":0,"rotation":0,"texture":"#0"},"up":{"uv":[2.75,7.5,2.0,7.0],"tintindex":0,"rotation":0,"texture":"#0"},"down":{"uv":[7.75,3.0,7.0,3.5],"tintindex":0,"rotation":0,"texture":"#0"}}},{"from":[5.0,9.0,0.0],"to":[11.0,11.0,4.0],"faces":{"east":{"uv":[1.125,8.0,1.625,8.25],"tintindex":0,"rotation":0,"texture":"#0"},"south":{"uv":[7.75,4.25,8.5,4.5],"tintindex":0,"rotation":0,"texture":"#0"},"north":{"uv":[7.75,4.0,8.5,4.25],"tintindex":0,"rotation":0,"texture":"#0"},"west":{"uv":[1.625,8.0,2.125,8.25],"tintindex":0,"rotation":0,"texture":"#0"},"up":{"uv":[7.75,4.0,7.0,3.5],"tintindex":0,"rotation":0,"texture":"#0"},"down":{"uv":[7.75,4.0,7.0,4.5],"tintindex":0,"rotation":0,"texture":"#0"}}}],"display":{"head":{"rotation":[0.0,0.0,0.0]},"firstperson_righthand":{"rotation":[0.0,0.0,0.0]},"thirdperson_lefthand":{"rotation":[0.0,-0.0,-0.0]},"firstperson_lefthand":{"rotation":[0.0,-0.0,-0.0]},"fixed":{"rotation":[0.0,0.0,0.0]},"ground":{"rotation":[0.0,0.0,0.0]},"thirdperson_righthand":{"rotation":[0.0,0.0,0.0]},"gui":{"rotation":[-150.0,-45.0,180.0]}}}