{"textures":{"0":"modelengine:entity/dracobrute_17586578446296120","particle":"#0"},"elements":[{"from":[7.5,10.0,12.0],"to":[8.5,14.0,14.0],"faces":{"east":{"uv":[3.25,3.5,3.5,4.0],"tintindex":0,"rotation":0,"texture":"#0"},"south":{"uv":[5.375,8.0,5.5,8.5],"tintindex":0,"rotation":0,"texture":"#0"},"north":{"uv":[8.0,5.125,8.125,5.625],"tintindex":0,"rotation":0,"texture":"#0"},"west":{"uv":[4.5,2.0,4.75,2.5],"tintindex":0,"rotation":0,"texture":"#0"},"up":{"uv":[7.75,8.25,7.625,8.0],"tintindex":0,"rotation":0,"texture":"#0"},"down":{"uv":[8.125,7.625,8.0,7.875],"tintindex":0,"rotation":0,"texture":"#0"}}},{"from":[7.5,16.0,6.0],"to":[8.5,18.0,10.0],"faces":{"east":{"uv":[3.25,3.5,3.5,4.0],"tintindex":0,"rotation":270,"texture":"#0"},"south":{"uv":[7.75,8.25,7.625,8.0],"tintindex":0,"rotation":0,"texture":"#0"},"north":{"uv":[8.125,7.625,8.0,7.875],"tintindex":0,"rotation":180,"texture":"#0"},"west":{"uv":[4.5,2.0,4.75,2.5],"tintindex":0,"rotation":90,"texture":"#0"},"up":{"uv":[8.0,5.125,8.125,5.625],"tintindex":0,"rotation":180,"texture":"#0"},"down":{"uv":[5.375,8.0,5.5,8.5],"tintindex":0,"rotation":0,"texture":"#0"}}},{"from":[3.75,-4.25,5.75],"to":[12.25,8.25,10.25],"faces":{"east":{"uv":[0.0,5.0,0.5,6.5],"tintindex":0,"rotation":0,"texture":"#0"},"south":{"uv":[3.5,1.5,4.5,3.0],"tintindex":0,"rotation":0,"texture":"#0"},"north":{"uv":[1.0,3.5,2.0,5.0],"tintindex":0,"rotation":0,"texture":"#0"},"west":{"uv":[0.5,5.0,1.0,6.5],"tintindex":0,"rotation":0,"texture":"#0"},"up":{"uv":[7.75,1.5,6.75,1.0],"tintindex":0,"rotation":0,"texture":"#0"},"down":{"uv":[7.75,1.5,6.75,2.0],"tintindex":0,"rotation":0,"texture":"#0"}}}],"display":{"head":{"rotation":[0.0,0.0,0.0]},"firstperson_righthand":{"rotation":[0.0,0.0,0.0]},"thirdperson_lefthand":{"rotation":[0.0,-0.0,-0.0]},"firstperson_lefthand":{"rotation":[0.0,-0.0,-0.0]},"fixed":{"rotation":[0.0,0.0,0.0]},"ground":{"rotation":[0.0,0.0,0.0]},"thirdperson_righthand":{"rotation":[0.0,0.0,0.0]},"gui":{"rotation":[-150.0,-45.0,180.0]}}}