{"textures":{"0":"modelengine:entity/dracobrute","particle":"#0"},"elements":[{"from":[-6.0,-6.5,8.0],"to":[8.0,7.5,8.0],"faces":{"south":{"uv":[1.75,1.75,0.0,3.5],"tintindex":0,"rotation":0,"texture":"#0"},"north":{"uv":[1.75,0.0,0.0,1.75],"tintindex":0,"rotation":0,"texture":"#0"}}},{"from":[-6.0,7.0,7.0],"to":[8.0,9.0,9.0],"faces":{"east":{"uv":[5.375,8.0,5.125,8.25],"tintindex":0,"rotation":0,"texture":"#0"},"south":{"uv":[8.5,2.25,6.75,2.5],"tintindex":0,"rotation":0,"texture":"#0"},"north":{"uv":[8.5,2.0,6.75,2.25],"tintindex":0,"rotation":0,"texture":"#0"},"west":{"uv":[5.75,1.75,5.5,2.0],"tintindex":0,"rotation":0,"texture":"#0"},"up":{"uv":[6.75,2.75,8.5,2.5],"tintindex":0,"rotation":0,"texture":"#0"},"down":{"uv":[6.75,2.75,8.5,3.0],"tintindex":0,"rotation":0,"texture":"#0"}}}],"display":{"head":{"rotation":[0.0,0.0,0.0]},"firstperson_righthand":{"rotation":[0.0,0.0,0.0]},"thirdperson_lefthand":{"rotation":[0.0,-0.0,-0.0]},"firstperson_lefthand":{"rotation":[0.0,-0.0,-0.0]},"fixed":{"rotation":[0.0,0.0,0.0]},"ground":{"rotation":[0.0,0.0,0.0]},"thirdperson_righthand":{"rotation":[0.0,0.0,0.0]},"gui":{"rotation":[-150.0,-45.0,180.0]}}}