{"textures":{"0":"modelengine:entity/dracobrute_17586578446296120","particle":"#0"},"elements":[{"from":[4.75,-2.25,5.75],"to":[9.25,10.25,10.25],"faces":{"east":{"uv":[4.0,5.0,4.5,6.5],"tintindex":0,"rotation":0,"texture":"#0"},"south":{"uv":[5.0,5.0,5.5,6.5],"tintindex":0,"rotation":0,"texture":"#0"},"north":{"uv":[5.0,3.5,5.5,5.0],"tintindex":0,"rotation":0,"texture":"#0"},"west":{"uv":[5.25,2.0,5.75,3.5],"tintindex":0,"rotation":0,"texture":"#0"},"up":{"uv":[7.5,7.875,7.0,7.375],"tintindex":0,"rotation":0,"texture":"#0"},"down":{"uv":[2.5,7.5,2.0,8.0],"tintindex":0,"rotation":0,"texture":"#0"}}},{"from":[5.0,-2.0,6.0],"to":[9.0,10.0,10.0],"faces":{"east":{"uv":[1.5,5.0,2.0,6.5],"tintindex":0,"rotation":0,"texture":"#0"},"south":{"uv":[3.0,5.0,3.5,6.5],"tintindex":0,"rotation":0,"texture":"#0"},"north":{"uv":[1.0,5.0,1.5,6.5],"tintindex":0,"rotation":0,"texture":"#0"},"west":{"uv":[3.5,5.0,4.0,6.5],"tintindex":0,"rotation":0,"texture":"#0"},"up":{"uv":[7.5,6.875,7.0,6.375],"tintindex":0,"rotation":0,"texture":"#0"},"down":{"uv":[7.5,6.875,7.0,7.375],"tintindex":0,"rotation":0,"texture":"#0"}}}],"display":{"head":{"rotation":[0.0,0.0,0.0]},"firstperson_righthand":{"rotation":[0.0,0.0,0.0]},"thirdperson_lefthand":{"rotation":[0.0,-0.0,-0.0]},"firstperson_lefthand":{"rotation":[0.0,-0.0,-0.0]},"fixed":{"rotation":[0.0,0.0,0.0]},"ground":{"rotation":[0.0,0.0,0.0]},"thirdperson_righthand":{"rotation":[0.0,0.0,0.0]},"gui":{"rotation":[-150.0,-45.0,180.0]}}}