{"textures":{"0":"modelengine:entity/dracobrute","particle":"#0"},"elements":[{"from":[8.0,-6.5,8.0],"to":[22.0,7.5,8.0],"faces":{"south":{"uv":[1.75,1.75,3.5,3.5],"tintindex":0,"rotation":0,"texture":"#0"},"north":{"uv":[1.75,0.0,3.5,1.75],"tintindex":0,"rotation":0,"texture":"#0"}}},{"from":[8.0,7.5,7.5],"to":[22.0,8.5,8.5],"faces":{"east":{"uv":[8.125,1.25,8.25,1.375],"tintindex":0,"rotation":0,"texture":"#0"},"south":{"uv":[7.75,3.625,9.5,3.75],"tintindex":0,"rotation":0,"texture":"#0"},"north":{"uv":[7.75,1.875,9.5,2.0],"tintindex":0,"rotation":0,"texture":"#0"},"west":{"uv":[8.125,1.375,8.25,1.5],"tintindex":0,"rotation":0,"texture":"#0"},"up":{"uv":[9.5,3.875,7.75,3.75],"tintindex":0,"rotation":0,"texture":"#0"},"down":{"uv":[9.5,3.875,7.75,4.0],"tintindex":0,"rotation":0,"texture":"#0"}}}],"display":{"head":{"rotation":[0.0,0.0,0.0]},"firstperson_righthand":{"rotation":[0.0,0.0,0.0]},"thirdperson_lefthand":{"rotation":[0.0,-0.0,-0.0]},"firstperson_lefthand":{"rotation":[0.0,-0.0,-0.0]},"fixed":{"rotation":[0.0,0.0,0.0]},"ground":{"rotation":[0.0,0.0,0.0]},"thirdperson_righthand":{"rotation":[0.0,0.0,0.0]},"gui":{"rotation":[-150.0,-45.0,180.0]}}}