{"textures":{"0":"modelengine:entity/dracobrute_17586578446296120","particle":"#0"},"elements":[{"from":[8.0,3.0,6.0],"to":[9.0,8.0,10.0],"faces":{"east":{"uv":[7.0,5.125,7.5,5.75],"tintindex":0,"rotation":0,"texture":"#0"},"south":{"uv":[3.875,8.0,4.0,8.625],"tintindex":0,"rotation":0,"texture":"#0"},"north":{"uv":[3.75,8.0,3.875,8.625],"tintindex":0,"rotation":0,"texture":"#0"},"west":{"uv":[7.0,5.75,7.5,6.375],"tintindex":0,"rotation":0,"texture":"#0"},"up":{"uv":[8.125,5.125,8.0,4.625],"tintindex":0,"rotation":0,"texture":"#0"},"down":{"uv":[5.125,8.0,5.0,8.5],"tintindex":0,"rotation":0,"texture":"#0"}}}],"display":{"head":{"rotation":[0.0,0.0,0.0]},"firstperson_righthand":{"rotation":[0.0,0.0,0.0]},"thirdperson_lefthand":{"rotation":[0.0,-0.0,-0.0]},"firstperson_lefthand":{"rotation":[0.0,-0.0,-0.0]},"fixed":{"rotation":[0.0,0.0,0.0]},"ground":{"rotation":[0.0,0.0,0.0]},"thirdperson_righthand":{"rotation":[0.0,0.0,0.0]},"gui":{"rotation":[-150.0,-45.0,180.0]}}}