{"textures":{"0":"modelengine:entity/dracobrute_17586578446296120","particle":"#0"},"elements":[{"from":[6.0,-4.0,6.0],"to":[10.0,8.0,10.0],"faces":{"east":{"uv":[6.5,3.0,7.0,4.5],"tintindex":0,"rotation":0,"texture":"#0"},"south":{"uv":[3.5,6.5,4.0,8.0],"tintindex":0,"rotation":0,"texture":"#0"},"north":{"uv":[3.0,6.5,3.5,8.0],"tintindex":0,"rotation":0,"texture":"#0"},"west":{"uv":[4.0,6.5,4.5,8.0],"tintindex":0,"rotation":0,"texture":"#0"},"up":{"uv":[8.0,7.5,7.5,7.0],"tintindex":0,"rotation":0,"texture":"#0"},"down":{"uv":[8.0,7.5,7.5,8.0],"tintindex":0,"rotation":0,"texture":"#0"}}},{"from":[5.75,-4.25,5.75],"to":[10.25,8.25,10.25],"faces":{"east":{"uv":[5.0,6.5,5.5,8.0],"tintindex":0,"rotation":0,"texture":"#0"},"south":{"uv":[5.5,6.5,6.0,8.0],"tintindex":0,"rotation":0,"texture":"#0"},"north":{"uv":[6.5,4.5,7.0,6.0],"tintindex":0,"rotation":0,"texture":"#0"},"west":{"uv":[6.5,6.0,7.0,7.5],"tintindex":0,"rotation":0,"texture":"#0"},"up":{"uv":[5.0,8.125,4.5,7.625],"tintindex":0,"rotation":0,"texture":"#0"},"down":{"uv":[8.25,0.0,7.75,0.5],"tintindex":0,"rotation":0,"texture":"#0"}}}],"display":{"head":{"rotation":[0.0,0.0,0.0]},"firstperson_righthand":{"rotation":[0.0,0.0,0.0]},"thirdperson_lefthand":{"rotation":[0.0,-0.0,-0.0]},"firstperson_lefthand":{"rotation":[0.0,-0.0,-0.0]},"fixed":{"rotation":[0.0,0.0,0.0]},"ground":{"rotation":[0.0,0.0,0.0]},"thirdperson_righthand":{"rotation":[0.0,0.0,0.0]},"gui":{"rotation":[-150.0,-45.0,180.0]}}}