{"textures":{"0":"modelengine:entity/dracobrute","particle":"#0"},"elements":[{"from":[6.75,-2.25,5.75],"to":[11.25,10.25,10.25],"faces":{"east":{"uv":[5.75,0.0,6.25,1.5],"tintindex":0,"rotation":0,"texture":"#0"},"south":{"uv":[5.75,1.5,6.25,3.0],"tintindex":0,"rotation":0,"texture":"#0"},"north":{"uv":[5.5,5.0,6.0,6.5],"tintindex":0,"rotation":0,"texture":"#0"},"west":{"uv":[6.0,3.0,6.5,4.5],"tintindex":0,"rotation":0,"texture":"#0"},"up":{"uv":[8.0,5.5,7.5,5.0],"tintindex":0,"rotation":0,"texture":"#0"},"down":{"uv":[8.0,5.5,7.5,6.0],"tintindex":0,"rotation":0,"texture":"#0"}}},{"from":[7.0,-2.0,6.0],"to":[11.0,10.0,10.0],"faces":{"east":{"uv":[2.5,5.5,3.0,7.0],"tintindex":0,"rotation":0,"texture":"#0"},"south":{"uv":[5.5,3.5,6.0,5.0],"tintindex":0,"rotation":0,"texture":"#0"},"north":{"uv":[2.0,5.5,2.5,7.0],"tintindex":0,"rotation":0,"texture":"#0"},"west":{"uv":[4.5,5.5,5.0,7.0],"tintindex":0,"rotation":0,"texture":"#0"},"up":{"uv":[3.0,8.0,2.5,7.5],"tintindex":0,"rotation":0,"texture":"#0"},"down":{"uv":[8.0,4.5,7.5,5.0],"tintindex":0,"rotation":0,"texture":"#0"}}}],"display":{"head":{"rotation":[0.0,0.0,0.0]},"firstperson_righthand":{"rotation":[0.0,0.0,0.0]},"thirdperson_lefthand":{"rotation":[0.0,-0.0,-0.0]},"firstperson_lefthand":{"rotation":[0.0,-0.0,-0.0]},"fixed":{"rotation":[0.0,0.0,0.0]},"ground":{"rotation":[0.0,0.0,0.0]},"thirdperson_righthand":{"rotation":[0.0,0.0,0.0]},"gui":{"rotation":[-150.0,-45.0,180.0]}}}