{"textures":{"0":"modelengine:entity/dracobrute_17586578446296120","particle":"#0"},"elements":[{"from":[7.5,-1.3776903,14.962259],"to":[8.5,1.6223097,16.96226],"faces":{"east":{"uv":[7.0,7.875,7.375,8.25],"tintindex":0,"rotation":0,"texture":"#0"},"south":{"uv":[5.625,8.0,5.75,8.375],"tintindex":0,"rotation":0,"texture":"#0"},"north":{"uv":[5.5,8.0,5.625,8.375],"tintindex":0,"rotation":0,"texture":"#0"},"west":{"uv":[0.0,8.0,0.375,8.375],"tintindex":0,"rotation":0,"texture":"#0"},"up":{"uv":[8.125,6.0,8.0,5.625],"tintindex":0,"rotation":0,"texture":"#0"},"down":{"uv":[5.875,8.0,5.75,8.375],"tintindex":0,"rotation":0,"texture":"#0"}}},{"from":[7.5,7.42126,4.19082],"to":[8.5,10.42126,6.19082],"faces":{"east":{"uv":[7.0,7.875,7.375,8.25],"tintindex":0,"rotation":0,"texture":"#0"},"south":{"uv":[5.625,8.0,5.75,8.375],"tintindex":0,"rotation":0,"texture":"#0"},"north":{"uv":[5.5,8.0,5.625,8.375],"tintindex":0,"rotation":0,"texture":"#0"},"west":{"uv":[0.0,8.0,0.375,8.375],"tintindex":0,"rotation":0,"texture":"#0"},"up":{"uv":[8.125,6.0,8.0,5.625],"tintindex":0,"rotation":0,"texture":"#0"},"down":{"uv":[5.875,8.0,5.75,8.375],"tintindex":0,"rotation":0,"texture":"#0"}},"rotation":{"origin":[8.0,8.0,8.0],"angle":22.5,"axis":"x"}},{"from":[6.5,-1.5732203,17.50659],"to":[9.5,1.4267797,21.50659],"faces":{"east":{"uv":[7.75,0.5,8.375,0.875],"tintindex":0,"rotation":0,"texture":"#0"},"south":{"uv":[0.75,8.0,1.125,8.375],"tintindex":0,"rotation":0,"texture":"#0"},"north":{"uv":[0.375,8.0,0.75,8.375],"tintindex":0,"rotation":0,"texture":"#0"},"west":{"uv":[7.75,0.875,8.375,1.25],"tintindex":0,"rotation":0,"texture":"#0"},"up":{"uv":[8.125,1.875,7.75,1.25],"tintindex":0,"rotation":0,"texture":"#0"},"down":{"uv":[8.125,3.0,7.75,3.625],"tintindex":0,"rotation":0,"texture":"#0"}},"rotation":{"origin":[8.0,0.42677975,20.00659],"angle":-22.5,"axis":"x"}},{"from":[6.5,6.5187798,6.9585204],"to":[9.5,9.51878,10.958521],"faces":{"east":{"uv":[7.75,0.5,8.375,0.875],"tintindex":0,"rotation":0,"texture":"#0"},"south":{"uv":[0.75,8.0,1.125,8.375],"tintindex":0,"rotation":0,"texture":"#0"},"north":{"uv":[0.375,8.0,0.75,8.375],"tintindex":0,"rotation":0,"texture":"#0"},"west":{"uv":[7.75,0.875,8.375,1.25],"tintindex":0,"rotation":0,"texture":"#0"},"up":{"uv":[8.125,1.875,7.75,1.25],"tintindex":0,"rotation":0,"texture":"#0"},"down":{"uv":[8.125,3.0,7.75,3.625],"tintindex":0,"rotation":0,"texture":"#0"}},"rotation":{"origin":[8.0,8.13268,7.3261204],"angle":45.0,"axis":"x"}},{"from":[6.5,6.42126,3.1908202],"to":[9.5,9.42126,7.19082],"faces":{"east":{"uv":[7.75,0.5,8.375,0.875],"tintindex":0,"rotation":0,"texture":"#0"},"south":{"uv":[0.75,8.0,1.125,8.375],"tintindex":0,"rotation":0,"texture":"#0"},"north":{"uv":[0.375,8.0,0.75,8.375],"tintindex":0,"rotation":0,"texture":"#0"},"west":{"uv":[7.75,0.875,8.375,1.25],"tintindex":0,"rotation":0,"texture":"#0"},"up":{"uv":[8.125,1.875,7.75,1.25],"tintindex":0,"rotation":0,"texture":"#0"},"down":{"uv":[8.125,3.0,7.75,3.625],"tintindex":0,"rotation":0,"texture":"#0"}},"rotation":{"origin":[8.0,8.0,8.0],"angle":22.5,"axis":"x"}},{"from":[7.5,3.1180897,10.46435],"to":[8.5,5.1180897,13.46435],"faces":{"east":{"uv":[7.0,7.875,7.375,8.25],"tintindex":0,"rotation":270,"texture":"#0"},"south":{"uv":[8.125,6.0,8.0,5.625],"tintindex":0,"rotation":0,"texture":"#0"},"north":{"uv":[5.875,8.0,5.75,8.375],"tintindex":0,"rotation":180,"texture":"#0"},"west":{"uv":[0.0,8.0,0.375,8.375],"tintindex":0,"rotation":90,"texture":"#0"},"up":{"uv":[5.5,8.0,5.625,8.375],"tintindex":0,"rotation":180,"texture":"#0"},"down":{"uv":[5.625,8.0,5.75,8.375],"tintindex":0,"rotation":0,"texture":"#0"}},"rotation":{"origin":[8.0,3.1180897,11.46435],"angle":-22.5,"axis":"x"}},{"from":[6.5,-0.031889915,11.16736],"to":[9.5,2.96811,15.16736],"faces":{"east":{"uv":[7.75,0.5,8.375,0.875],"tintindex":0,"rotation":0,"texture":"#0"},"south":{"uv":[0.75,8.0,1.125,8.375],"tintindex":0,"rotation":0,"texture":"#0"},"north":{"uv":[0.375,8.0,0.75,8.375],"tintindex":0,"rotation":0,"texture":"#0"},"west":{"uv":[7.75,0.875,8.375,1.25],"tintindex":0,"rotation":0,"texture":"#0"},"up":{"uv":[8.125,1.875,7.75,1.25],"tintindex":0,"rotation":0,"texture":"#0"},"down":{"uv":[8.125,3.0,7.75,3.625],"tintindex":0,"rotation":0,"texture":"#0"}},"rotation":{"origin":[8.0,1.5819998,11.53496],"angle":45.0,"axis":"x"}},{"from":[7.5,7.5187798,7.9585204],"to":[8.5,10.51878,9.958521],"faces":{"east":{"uv":[7.0,7.875,7.375,8.25],"tintindex":0,"rotation":0,"texture":"#0"},"south":{"uv":[5.625,8.0,5.75,8.375],"tintindex":0,"rotation":0,"texture":"#0"},"north":{"uv":[5.5,8.0,5.625,8.375],"tintindex":0,"rotation":0,"texture":"#0"},"west":{"uv":[0.0,8.0,0.375,8.375],"tintindex":0,"rotation":0,"texture":"#0"},"up":{"uv":[8.125,6.0,8.0,5.625],"tintindex":0,"rotation":0,"texture":"#0"},"down":{"uv":[5.875,8.0,5.75,8.375],"tintindex":0,"rotation":0,"texture":"#0"}},"rotation":{"origin":[8.0,8.13268,7.3261204],"angle":45.0,"axis":"x"}},{"from":[6.5,1.8519197,9.15757],"to":[9.5,5.85192,12.15757],"faces":{"east":{"uv":[7.75,0.5,8.375,0.875],"tintindex":0,"rotation":270,"texture":"#0"},"south":{"uv":[8.125,1.875,7.75,1.25],"tintindex":0,"rotation":0,"texture":"#0"},"north":{"uv":[8.125,3.0,7.75,3.625],"tintindex":0,"rotation":180,"texture":"#0"},"west":{"uv":[7.75,0.875,8.375,1.25],"tintindex":0,"rotation":90,"texture":"#0"},"up":{"uv":[0.375,8.0,0.75,8.375],"tintindex":0,"rotation":180,"texture":"#0"},"down":{"uv":[0.75,8.0,1.125,8.375],"tintindex":0,"rotation":0,"texture":"#0"}},"rotation":{"origin":[8.0,3.3519197,11.15757],"angle":-22.5,"axis":"x"}},{"from":[7.5,-0.57322025,18.50659],"to":[8.5,2.4267797,20.50659],"faces":{"east":{"uv":[7.0,7.875,7.375,8.25],"tintindex":0,"rotation":0,"texture":"#0"},"south":{"uv":[5.625,8.0,5.75,8.375],"tintindex":0,"rotation":0,"texture":"#0"},"north":{"uv":[5.5,8.0,5.625,8.375],"tintindex":0,"rotation":0,"texture":"#0"},"west":{"uv":[0.0,8.0,0.375,8.375],"tintindex":0,"rotation":0,"texture":"#0"},"up":{"uv":[8.125,6.0,8.0,5.625],"tintindex":0,"rotation":0,"texture":"#0"},"down":{"uv":[5.875,8.0,5.75,8.375],"tintindex":0,"rotation":0,"texture":"#0"}},"rotation":{"origin":[8.0,0.42677975,20.00659],"angle":-22.5,"axis":"x"}},{"from":[7.5,0.9681101,12.16736],"to":[8.5,3.96811,14.16736],"faces":{"east":{"uv":[7.0,7.875,7.375,8.25],"tintindex":0,"rotation":0,"texture":"#0"},"south":{"uv":[5.625,8.0,5.75,8.375],"tintindex":0,"rotation":0,"texture":"#0"},"north":{"uv":[5.5,8.0,5.625,8.375],"tintindex":0,"rotation":0,"texture":"#0"},"west":{"uv":[0.0,8.0,0.375,8.375],"tintindex":0,"rotation":0,"texture":"#0"},"up":{"uv":[8.125,6.0,8.0,5.625],"tintindex":0,"rotation":0,"texture":"#0"},"down":{"uv":[5.875,8.0,5.75,8.375],"tintindex":0,"rotation":0,"texture":"#0"}},"rotation":{"origin":[8.0,1.5819998,11.53496],"angle":45.0,"axis":"x"}},{"from":[6.5,-2.3776903,13.962259],"to":[9.5,0.6223097,17.96226],"faces":{"east":{"uv":[7.75,0.5,8.375,0.875],"tintindex":0,"rotation":0,"texture":"#0"},"south":{"uv":[0.75,8.0,1.125,8.375],"tintindex":0,"rotation":0,"texture":"#0"},"north":{"uv":[0.375,8.0,0.75,8.375],"tintindex":0,"rotation":0,"texture":"#0"},"west":{"uv":[7.75,0.875,8.375,1.25],"tintindex":0,"rotation":0,"texture":"#0"},"up":{"uv":[8.125,1.875,7.75,1.25],"tintindex":0,"rotation":0,"texture":"#0"},"down":{"uv":[8.125,3.0,7.75,3.625],"tintindex":0,"rotation":0,"texture":"#0"}}}],"display":{"head":{"rotation":[0.0,0.0,0.0]},"firstperson_righthand":{"rotation":[0.0,0.0,0.0]},"thirdperson_lefthand":{"rotation":[0.0,-0.0,-0.0]},"firstperson_lefthand":{"rotation":[0.0,-0.0,-0.0]},"fixed":{"rotation":[0.0,0.0,0.0]},"ground":{"rotation":[0.0,0.0,0.0]},"thirdperson_righthand":{"rotation":[0.0,0.0,0.0]},"gui":{"rotation":[-150.0,-45.0,180.0]}}}