{"textures":{"0":"modelengine:entity/ghastmare_17586578444797770","particle":"#0"},"elements":[{"from":[9.0,8.0,12.0],"to":[23.0,20.0,27.0],"faces":{"east":{"uv":[7.25,5.25,5.375,6.75],"tintindex":0,"rotation":0,"texture":"#0"},"south":{"uv":[0.0,6.375,1.75,7.875],"tintindex":0,"rotation":0,"texture":"#0"},"north":{"uv":[6.25,3.0,8.0,4.5],"tintindex":0,"rotation":0,"texture":"#0"},"west":{"uv":[5.375,5.25,7.25,6.75],"tintindex":0,"rotation":0,"texture":"#0"},"up":{"uv":[1.75,6.375,0.0,4.5],"tintindex":0,"rotation":0,"texture":"#0"},"down":{"uv":[3.5,5.25,1.75,7.125],"tintindex":0,"rotation":0,"texture":"#0"}}}],"display":{"head":{"rotation":[0.0,0.0,0.0]},"firstperson_righthand":{"rotation":[0.0,0.0,0.0]},"thirdperson_lefthand":{"rotation":[0.0,-0.0,-0.0]},"firstperson_lefthand":{"rotation":[0.0,-0.0,-0.0]},"fixed":{"rotation":[0.0,0.0,0.0]},"ground":{"rotation":[0.0,0.0,0.0]},"thirdperson_righthand":{"rotation":[0.0,0.0,0.0]},"gui":{"rotation":[-150.0,-45.0,180.0]}}}