{"textures":{"0":"modelengine:entity/ghastmare","particle":"#0"},"elements":[{"from":[0.9,5.9,5.9],"to":[15.1,14.1,14.1],"faces":{"east":{"uv":[4.25,8.375,5.25,9.375],"tintindex":0,"rotation":0,"texture":"#0"},"south":{"uv":[1.75,7.125,3.5,8.125],"tintindex":0,"rotation":0,"texture":"#0"},"north":{"uv":[7.125,0.0,8.875,1.0],"tintindex":0,"rotation":0,"texture":"#0"},"west":{"uv":[5.25,8.375,6.25,9.375],"tintindex":0,"rotation":0,"texture":"#0"},"up":{"uv":[9.0,2.0,7.25,1.0],"tintindex":0,"rotation":0,"texture":"#0"},"down":{"uv":[9.0,2.0,7.25,3.0],"tintindex":0,"rotation":0,"texture":"#0"}},"rotation":{"origin":[8.0,8.0,8.0],"angle":-22.5,"axis":"x"}},{"from":[1.0,4.0,6.0],"to":[15.0,6.0,11.0],"faces":{"east":{"uv":[1.75,5.0,2.375,5.25],"tintindex":0,"rotation":0,"texture":"#0"},"south":{"uv":[4.0,3.25,5.75,3.5],"tintindex":0,"rotation":0,"texture":"#0"},"north":{"uv":[4.0,3.0,5.75,3.25],"tintindex":0,"rotation":0,"texture":"#0"},"west":{"uv":[2.375,5.0,3.0,5.25],"tintindex":0,"rotation":0,"texture":"#0"},"up":{"uv":[9.375,8.625,7.625,8.0],"tintindex":0,"rotation":0,"texture":"#0"},"down":{"uv":[3.25,8.125,1.5,8.75],"tintindex":0,"rotation":0,"texture":"#0"}},"rotation":{"origin":[8.0,8.0,8.0],"angle":-22.5,"axis":"x"}}],"display":{"head":{"rotation":[0.0,0.0,0.0]},"firstperson_righthand":{"rotation":[0.0,0.0,0.0]},"thirdperson_lefthand":{"rotation":[0.0,-0.0,-0.0]},"firstperson_lefthand":{"rotation":[0.0,-0.0,-0.0]},"fixed":{"rotation":[0.0,0.0,0.0]},"ground":{"rotation":[0.0,0.0,0.0]},"thirdperson_righthand":{"rotation":[0.0,0.0,0.0]},"gui":{"rotation":[-150.0,-45.0,180.0]}}}