{"textures":{"0":"modelengine:entity/lavasquitorb_17586578447793520","particle":"#0"},"elements":[{"from":[5.064539,6.020008,7.986291],"to":[8.064539,9.020008,10.986291],"faces":{"east":{"uv":[9.0,9.0,10.5,7.5],"tintindex":0,"rotation":0,"texture":"#0"},"south":{"uv":[10.5,9.0,9.0,10.5],"tintindex":0,"rotation":0,"texture":"#0"},"north":{"uv":[3.0,9.0,4.5,10.5],"tintindex":0,"rotation":0,"texture":"#0"},"west":{"uv":[9.0,7.5,10.5,9.0],"tintindex":0,"rotation":0,"texture":"#0"},"up":{"uv":[9.0,9.0,10.5,10.5],"tintindex":0,"rotation":0,"texture":"#0"},"down":{"uv":[9.0,9.0,10.5,10.5],"tintindex":0,"rotation":0,"texture":"#0"}}}],"display":{"head":{"rotation":[-27.500006,30.000004,7.792638E-6]},"firstperson_righthand":{"rotation":[-27.500006,30.000004,7.792638E-6]},"thirdperson_lefthand":{"rotation":[-27.500006,-30.000004,-7.792638E-6]},"firstperson_lefthand":{"rotation":[-27.500006,-30.000004,-7.792638E-6]},"fixed":{"rotation":[-27.500006,30.000004,7.792638E-6]},"ground":{"rotation":[-27.500006,30.000004,7.792638E-6]},"thirdperson_righthand":{"rotation":[-27.500006,30.000004,7.792638E-6]},"gui":{"rotation":[-85.37048,-63.73208,-132.45985]}}}