{"textures":{"0":"modelengine:entity/slimerine","particle":"#0"},"elements":[{"from":[7.5,8.0,8.0],"to":[8.5,12.0,15.0],"faces":{"east":{"uv":[0.0,9.5,1.75,10.5],"tintindex":0,"rotation":0,"texture":"#0"},"south":{"uv":[10.5,8.75,10.75,9.75],"tintindex":0,"rotation":0,"texture":"#0"},"north":{"uv":[7.0,10.5,7.25,11.5],"tintindex":0,"rotation":0,"texture":"#0"},"west":{"uv":[9.5,7.25,11.25,8.25],"tintindex":0,"rotation":0,"texture":"#0"},"up":{"uv":[1.75,9.5,2.0,11.25],"tintindex":0,"rotation":0,"texture":"#0"},"down":{"uv":[5.75,9.75,6.0,11.5],"tintindex":0,"rotation":0,"texture":"#0"}}}],"display":{"head":{"rotation":[0.0,0.0,0.0]},"firstperson_righthand":{"rotation":[0.0,0.0,0.0]},"thirdperson_lefthand":{"rotation":[0.0,-0.0,-0.0]},"firstperson_lefthand":{"rotation":[0.0,-0.0,-0.0]},"fixed":{"rotation":[0.0,0.0,0.0]},"ground":{"rotation":[0.0,0.0,0.0]},"thirdperson_righthand":{"rotation":[0.0,0.0,0.0]},"gui":{"rotation":[-150.0,-45.0,180.0]}}}