{"textures":{"1":"modelengine:entity/snowlker_17586578445289021","particle":"#1"},"elements":[{"from":[2.0,16.0,3.0],"to":[14.0,19.0,6.0],"faces":{"east":{"uv":[5.0,5.375,5.375,5.75],"tintindex":0,"rotation":0,"texture":"#1"},"south":{"uv":[7.25,5.375,8.75,5.75],"tintindex":0,"rotation":0,"texture":"#1"},"north":{"uv":[5.375,5.375,6.875,5.75],"tintindex":0,"rotation":0,"texture":"#1"},"west":{"uv":[6.875,5.375,7.25,5.75],"tintindex":0,"rotation":0,"texture":"#1"},"up":{"uv":[6.875,5.375,5.375,5.0],"tintindex":0,"rotation":0,"texture":"#1"},"down":{"uv":[8.375,5.0,6.875,5.375],"tintindex":0,"rotation":0,"texture":"#1"}}},{"from":[11.0,8.0,3.0],"to":[14.0,16.0,6.0],"faces":{"east":{"uv":[0.0,5.875,0.375,6.875],"tintindex":0,"rotation":0,"texture":"#1"},"south":{"uv":[1.125,5.875,1.5,6.875],"tintindex":0,"rotation":0,"texture":"#1"},"north":{"uv":[0.375,5.875,0.75,6.875],"tintindex":0,"rotation":0,"texture":"#1"},"west":{"uv":[0.75,5.875,1.125,6.875],"tintindex":0,"rotation":0,"texture":"#1"},"up":{"uv":[0.75,5.875,0.375,5.5],"tintindex":0,"rotation":0,"texture":"#1"},"down":{"uv":[1.125,5.5,0.75,5.875],"tintindex":0,"rotation":0,"texture":"#1"}}},{"from":[4.0,8.0,4.0],"to":[12.0,16.0,12.0],"faces":{"east":{"uv":[5.0,4.0,6.0,5.0],"tintindex":0,"rotation":0,"texture":"#1"},"south":{"uv":[8.0,4.0,9.0,5.0],"tintindex":0,"rotation":0,"texture":"#1"},"north":{"uv":[6.0,4.0,7.0,5.0],"tintindex":0,"rotation":0,"texture":"#1"},"west":{"uv":[7.0,4.0,8.0,5.0],"tintindex":0,"rotation":0,"texture":"#1"},"up":{"uv":[7.0,4.0,6.0,3.0],"tintindex":0,"rotation":0,"texture":"#1"},"down":{"uv":[8.0,3.0,7.0,4.0],"tintindex":0,"rotation":0,"texture":"#1"}}},{"from":[2.0,8.0,3.0],"to":[5.0,16.0,6.0],"faces":{"east":{"uv":[0.0,5.875,0.375,6.875],"tintindex":0,"rotation":0,"texture":"#1"},"south":{"uv":[1.125,5.875,1.5,6.875],"tintindex":0,"rotation":0,"texture":"#1"},"north":{"uv":[0.375,5.875,0.75,6.875],"tintindex":0,"rotation":0,"texture":"#1"},"west":{"uv":[0.75,5.875,1.125,6.875],"tintindex":0,"rotation":0,"texture":"#1"},"up":{"uv":[0.75,5.875,0.375,5.5],"tintindex":0,"rotation":0,"texture":"#1"},"down":{"uv":[1.125,5.5,0.75,5.875],"tintindex":0,"rotation":0,"texture":"#1"}}}],"display":{"head":{"rotation":[0.0,0.0,0.0]},"firstperson_righthand":{"rotation":[0.0,0.0,0.0]},"thirdperson_lefthand":{"rotation":[0.0,-0.0,-0.0]},"firstperson_lefthand":{"rotation":[0.0,-0.0,-0.0]},"fixed":{"rotation":[0.0,0.0,0.0]},"ground":{"rotation":[0.0,0.0,0.0]},"thirdperson_righthand":{"rotation":[0.0,0.0,0.0]},"gui":{"rotation":[-150.0,-45.0,180.0]}}}