{"textures":{"1":"modelengine:entity/snowlker","particle":"#1"},"elements":[{"from":[-3.0,2.625,7.5],"to":[-2.0,8.625,8.5],"faces":{"east":{"uv":[6.5,0.0,6.25,1.5],"tintindex":0,"rotation":0,"texture":"#1"},"south":{"uv":[6.25,0.0,6.5,1.5],"tintindex":0,"rotation":0,"texture":"#1"},"north":{"uv":[6.25,0.0,6.5,1.5],"tintindex":0,"rotation":0,"texture":"#1"},"west":{"uv":[6.5,0.0,6.25,1.5],"tintindex":0,"rotation":0,"texture":"#1"},"up":{"uv":[4.75,5.75,4.5,5.5],"tintindex":0,"rotation":0,"texture":"#1"},"down":{"uv":[5.0,5.5,4.75,5.75],"tintindex":0,"rotation":0,"texture":"#1"}},"rotation":{"origin":[-2.5,5.625,8.0],"angle":-22.5,"axis":"z"}}],"display":{"head":{"rotation":[0.0,0.0,0.0]},"firstperson_righthand":{"rotation":[0.0,0.0,0.0]},"thirdperson_lefthand":{"rotation":[0.0,-0.0,-0.0]},"firstperson_lefthand":{"rotation":[0.0,-0.0,-0.0]},"fixed":{"rotation":[0.0,0.0,0.0]},"ground":{"rotation":[0.0,0.0,0.0]},"thirdperson_righthand":{"rotation":[0.0,0.0,0.0]},"gui":{"rotation":[-150.0,-45.0,180.0]}}}