{"textures":{"0":"modelengine:entity/lavasquito_17586578444217130","particle":"#0"},"elements":[{"from":[0.6052637,18.162182,6.041996],"to":[2.1052637,19.662182,7.541996],"faces":{"east":{"uv":[9.0,7.5,10.5,9.0],"tintindex":0,"rotation":0,"texture":"#0"},"south":{"uv":[9.0,9.0,10.5,10.5],"tintindex":0,"rotation":0,"texture":"#0"},"north":{"uv":[3.0,9.0,4.5,10.5],"tintindex":0,"rotation":0,"texture":"#0"},"west":{"uv":[9.0,7.5,10.5,9.0],"tintindex":0,"rotation":0,"texture":"#0"},"up":{"uv":[9.0,9.0,10.5,10.5],"tintindex":0,"rotation":0,"texture":"#0"},"down":{"uv":[9.0,9.0,10.5,10.5],"tintindex":0,"rotation":0,"texture":"#0"}}}],"display":{"head":{"rotation":[3.4144082E-7,-25.0,-35.0]},"firstperson_righthand":{"rotation":[3.4144082E-7,-25.0,-35.0]},"thirdperson_lefthand":{"rotation":[3.4144082E-7,25.0,35.0]},"firstperson_lefthand":{"rotation":[3.4144082E-7,25.0,35.0]},"fixed":{"rotation":[3.4144082E-7,-25.0,-35.0]},"ground":{"rotation":[3.4144082E-7,-25.0,-35.0]},"thirdperson_righthand":{"rotation":[3.4144082E-7,-25.0,-35.0]},"gui":{"rotation":[-150.0,-20.0,145.0]}}}