{"textures":{"1":"modelengine:entity/4567cb55-d27a-3335-9b29-0c00eed72111","particle":"#1"},"elements":[{"from":[5.8292093,10.303019,4.083993],"to":[8.829209,13.303019,7.0839925],"faces":{"east":{"uv":[9.0,7.5,10.5,9.0],"tintindex":0,"rotation":0,"texture":"#1"},"south":{"uv":[9.0,9.0,10.5,10.5],"tintindex":0,"rotation":0,"texture":"#1"},"north":{"uv":[3.0,9.0,4.5,10.5],"tintindex":0,"rotation":0,"texture":"#1"},"west":{"uv":[9.0,7.5,10.5,9.0],"tintindex":0,"rotation":0,"texture":"#1"},"up":{"uv":[9.0,9.0,10.5,10.5],"tintindex":0,"rotation":0,"texture":"#1"},"down":{"uv":[9.0,9.0,10.5,10.5],"tintindex":0,"rotation":0,"texture":"#1"}}}],"display":{"head":{"rotation":[3.4144082E-7,-25.0,-35.0]},"firstperson_righthand":{"rotation":[3.4144082E-7,-25.0,-35.0]},"thirdperson_lefthand":{"rotation":[3.4144082E-7,25.0,35.0]},"firstperson_lefthand":{"rotation":[3.4144082E-7,25.0,35.0]},"fixed":{"rotation":[3.4144082E-7,-25.0,-35.0]},"ground":{"rotation":[3.4144082E-7,-25.0,-35.0]},"thirdperson_righthand":{"rotation":[3.4144082E-7,-25.0,-35.0]},"gui":{"rotation":[-150.0,-20.0,145.0]}}}