{"textures":{"0":"modelengine:entity/ghastmarerb_17586578445955670","particle":"#0"},"elements":[{"from":[4.0,5.0,-10.25],"to":[14.0,15.0,2.75],"faces":{"east":{"uv":[5.5,0.0,7.125,1.25],"tintindex":0,"rotation":0,"texture":"#0"},"south":{"uv":[7.625,5.75,8.875,7.0],"tintindex":0,"rotation":0,"texture":"#0"},"north":{"uv":[7.25,4.5,8.5,5.75],"tintindex":0,"rotation":0,"texture":"#0"},"west":{"uv":[7.125,0.0,5.5,1.25],"tintindex":0,"rotation":0,"texture":"#0"},"up":{"uv":[6.375,8.375,5.125,6.75],"tintindex":0,"rotation":0,"texture":"#0"},"down":{"uv":[7.625,6.75,6.375,8.375],"tintindex":0,"rotation":0,"texture":"#0"}}}],"display":{"head":{"rotation":[25.0,0.0,-0.0]},"firstperson_righthand":{"rotation":[25.0,0.0,-0.0]},"thirdperson_lefthand":{"rotation":[25.0,-0.0,0.0]},"firstperson_lefthand":{"rotation":[25.0,-0.0,0.0]},"fixed":{"rotation":[25.0,0.0,-0.0]},"ground":{"rotation":[25.0,0.0,-0.0]},"thirdperson_righthand":{"rotation":[25.0,0.0,-0.0]},"gui":{"rotation":[176.5968,-39.85571,157.0902]}}}