{"textures":{"0":"modelengine:entity/ghastmarerb_17586578445955670","particle":"#0"},"elements":[{"from":[5.0,4.1141796,-2.6759796],"to":[11.0,12.11418,9.32402],"faces":{"east":{"uv":[1.5,7.875,0.0,8.875],"tintindex":0,"rotation":0,"texture":"#0"},"south":{"uv":[8.5,4.5,9.25,5.5],"tintindex":0,"rotation":0,"texture":"#0"},"north":{"uv":[6.25,8.375,7.0,9.375],"tintindex":0,"rotation":0,"texture":"#0"},"west":{"uv":[0.0,7.875,1.5,8.875],"tintindex":0,"rotation":0,"texture":"#0"},"up":{"uv":[8.75,4.5,8.0,3.0],"tintindex":0,"rotation":0,"texture":"#0"},"down":{"uv":[4.25,8.0,3.5,9.5],"tintindex":0,"rotation":0,"texture":"#0"}}}],"display":{"head":{"rotation":[47.5,0.0,-0.0]},"firstperson_righthand":{"rotation":[47.5,0.0,-0.0]},"thirdperson_lefthand":{"rotation":[47.5,-0.0,0.0]},"firstperson_lefthand":{"rotation":[47.5,-0.0,0.0]},"fixed":{"rotation":[47.5,0.0,-0.0]},"ground":{"rotation":[47.5,0.0,-0.0]},"thirdperson_righthand":{"rotation":[47.5,0.0,-0.0]},"gui":{"rotation":[152.94098,-28.536234,143.59949]}}}