{"textures":{"0":"modelengine:entity/ghastmarerb_17586578445955670","particle":"#0"},"elements":[{"from":[2.8000002,7.0,3.5],"to":[8.8,9.0,12.5],"faces":{"east":{"uv":[0.0,2.375,1.125,2.625],"tintindex":0,"rotation":0,"texture":"#0"},"south":{"uv":[3.0,2.375,3.75,2.625],"tintindex":0,"rotation":0,"texture":"#0"},"north":{"uv":[1.125,2.375,1.875,2.625],"tintindex":0,"rotation":0,"texture":"#0"},"west":{"uv":[1.875,2.375,3.0,2.625],"tintindex":0,"rotation":0,"texture":"#0"},"up":{"uv":[1.875,2.375,1.125,1.25],"tintindex":0,"rotation":0,"texture":"#0"},"down":{"uv":[2.625,1.25,1.875,2.375],"tintindex":0,"rotation":0,"texture":"#0"}}}],"display":{"head":{"rotation":[0.0,0.0,0.0]},"firstperson_righthand":{"rotation":[0.0,0.0,0.0]},"thirdperson_lefthand":{"rotation":[0.0,-0.0,-0.0]},"firstperson_lefthand":{"rotation":[0.0,-0.0,-0.0]},"fixed":{"rotation":[0.0,0.0,0.0]},"ground":{"rotation":[0.0,0.0,0.0]},"thirdperson_righthand":{"rotation":[0.0,0.0,0.0]},"gui":{"rotation":[-150.0,-45.0,180.0]}}}