{"textures":{"0":"modelengine:entity/ghastmarerb_17586578445955670","particle":"#0"},"elements":[{"from":[8.0,7.5,3.5],"to":[21.0,8.5,12.5],"faces":{"east":{"uv":[3.875,1.125,2.75,1.25],"tintindex":0,"rotation":0,"texture":"#0"},"south":{"uv":[5.5,1.125,3.875,1.25],"tintindex":0,"rotation":0,"texture":"#0"},"north":{"uv":[2.75,1.125,1.125,1.25],"tintindex":0,"rotation":0,"texture":"#0"},"west":{"uv":[1.125,1.125,0.0,1.25],"tintindex":0,"rotation":0,"texture":"#0"},"up":{"uv":[1.125,1.125,2.75,0.0],"tintindex":0,"rotation":0,"texture":"#0"},"down":{"uv":[2.75,0.0,4.375,1.125],"tintindex":0,"rotation":0,"texture":"#0"}}}],"display":{"head":{"rotation":[0.0,0.0,0.0]},"firstperson_righthand":{"rotation":[0.0,0.0,0.0]},"thirdperson_lefthand":{"rotation":[0.0,-0.0,-0.0]},"firstperson_lefthand":{"rotation":[0.0,-0.0,-0.0]},"fixed":{"rotation":[0.0,0.0,0.0]},"ground":{"rotation":[0.0,0.0,0.0]},"thirdperson_righthand":{"rotation":[0.0,0.0,0.0]},"gui":{"rotation":[-150.0,-45.0,180.0]}}}