{"textures":{"0":"modelengine:entity/ghastmarerb_17586578445955670","particle":"#0"},"elements":[{"from":[19.75,6.875,-6.5],"to":[19.75,20.875,19.5],"faces":{"east":{"uv":[7.25,1.25,4.0,3.0],"tintindex":0,"rotation":0,"texture":"#0"},"west":{"uv":[4.0,1.25,7.25,3.0],"tintindex":0,"rotation":0,"texture":"#0"}}},{"from":[18.75,8.875,5.5],"to":[20.75,19.875,7.5],"faces":{"east":{"uv":[5.375,3.625,5.125,5.0],"tintindex":0,"rotation":0,"texture":"#0"},"south":{"uv":[5.125,3.625,5.375,5.0],"tintindex":0,"rotation":0,"texture":"#0"},"north":{"uv":[5.125,3.625,5.375,5.0],"tintindex":0,"rotation":0,"texture":"#0"},"west":{"uv":[5.375,3.625,5.125,5.0],"tintindex":0,"rotation":0,"texture":"#0"},"up":{"uv":[4.875,3.625,5.125,3.875],"tintindex":0,"rotation":0,"texture":"#0"},"down":{"uv":[4.875,3.875,5.125,4.125],"tintindex":0,"rotation":0,"texture":"#0"}}},{"from":[18.75,8.875,-2.5],"to":[20.75,19.875,-0.5],"faces":{"east":{"uv":[5.125,3.625,5.375,5.0],"tintindex":0,"rotation":0,"texture":"#0"},"south":{"uv":[5.375,3.625,5.125,5.0],"tintindex":0,"rotation":0,"texture":"#0"},"north":{"uv":[5.375,3.625,5.125,5.0],"tintindex":0,"rotation":0,"texture":"#0"},"west":{"uv":[5.125,3.625,5.375,5.0],"tintindex":0,"rotation":0,"texture":"#0"},"up":{"uv":[4.875,3.625,5.125,3.875],"tintindex":0,"rotation":0,"texture":"#0"},"down":{"uv":[4.875,3.875,5.125,4.125],"tintindex":0,"rotation":0,"texture":"#0"}},"rotation":{"origin":[19.75,14.375,-1.5],"angle":-45.0,"axis":"x"}},{"from":[18.75,8.875,13.5],"to":[20.75,19.875,15.5],"faces":{"east":{"uv":[5.125,3.625,5.375,5.0],"tintindex":0,"rotation":0,"texture":"#0"},"south":{"uv":[5.375,3.625,5.125,5.0],"tintindex":0,"rotation":0,"texture":"#0"},"north":{"uv":[5.375,3.625,5.125,5.0],"tintindex":0,"rotation":0,"texture":"#0"},"west":{"uv":[5.125,3.625,5.375,5.0],"tintindex":0,"rotation":0,"texture":"#0"},"up":{"uv":[4.875,3.625,5.125,3.875],"tintindex":0,"rotation":0,"texture":"#0"},"down":{"uv":[4.875,3.875,5.125,4.125],"tintindex":0,"rotation":0,"texture":"#0"}},"rotation":{"origin":[19.75,14.375,14.5],"angle":45.0,"axis":"x"}}],"display":{"head":{"rotation":[0.0,0.0,0.0]},"firstperson_righthand":{"rotation":[0.0,0.0,0.0]},"thirdperson_lefthand":{"rotation":[0.0,-0.0,-0.0]},"firstperson_lefthand":{"rotation":[0.0,-0.0,-0.0]},"fixed":{"rotation":[0.0,0.0,0.0]},"ground":{"rotation":[0.0,0.0,0.0]},"thirdperson_righthand":{"rotation":[0.0,0.0,0.0]},"gui":{"rotation":[-150.0,-45.0,180.0]}}}