{"textures":{"0":"modelengine:entity/ghastmarerb_17586578445955670","particle":"#0"},"elements":[{"from":[-2.0,7.5,5.0],"to":[8.0,8.5,11.0],"faces":{"east":{"uv":[0.0,3.375,0.75,3.5],"tintindex":0,"rotation":0,"texture":"#0"},"south":{"uv":[2.75,3.375,4.0,3.5],"tintindex":0,"rotation":0,"texture":"#0"},"north":{"uv":[0.75,3.375,2.0,3.5],"tintindex":0,"rotation":0,"texture":"#0"},"west":{"uv":[2.0,3.375,2.75,3.5],"tintindex":0,"rotation":0,"texture":"#0"},"up":{"uv":[2.0,3.375,0.75,2.625],"tintindex":0,"rotation":0,"texture":"#0"},"down":{"uv":[3.25,2.625,2.0,3.375],"tintindex":0,"rotation":0,"texture":"#0"}}}],"display":{"head":{"rotation":[0.0,0.0,0.0]},"firstperson_righthand":{"rotation":[0.0,0.0,0.0]},"thirdperson_lefthand":{"rotation":[0.0,-0.0,-0.0]},"firstperson_lefthand":{"rotation":[0.0,-0.0,-0.0]},"fixed":{"rotation":[0.0,0.0,0.0]},"ground":{"rotation":[0.0,0.0,0.0]},"thirdperson_righthand":{"rotation":[0.0,0.0,0.0]},"gui":{"rotation":[-150.0,-45.0,180.0]}}}