{"textures":{"0":"modelengine:entity/creepleton","particle":"#0"},"elements":[{"from":[4.0,-4.0,6.0],"to":[12.0,8.0,10.0],"faces":{"east":{"uv":[4.0,10.0,5.0,16.0],"tintindex":0,"rotation":0,"texture":"#0"},"south":{"uv":[8.0,10.0,10.0,16.0],"tintindex":0,"rotation":0,"texture":"#0"},"north":{"uv":[5.0,10.0,7.0,16.0],"tintindex":0,"rotation":0,"texture":"#0"},"west":{"uv":[7.0,10.0,8.0,16.0],"tintindex":0,"rotation":0,"texture":"#0"},"up":{"uv":[7.0,10.0,5.0,8.0],"tintindex":0,"rotation":0,"texture":"#0"},"down":{"uv":[9.0,8.0,7.0,10.0],"tintindex":0,"rotation":0,"texture":"#0"}}}],"display":{"head":{"rotation":[0.0,0.0,0.0]},"firstperson_righthand":{"rotation":[0.0,0.0,0.0]},"thirdperson_lefthand":{"rotation":[0.0,-0.0,-0.0]},"firstperson_lefthand":{"rotation":[0.0,-0.0,-0.0]},"fixed":{"rotation":[0.0,0.0,0.0]},"ground":{"rotation":[0.0,0.0,0.0]},"thirdperson_righthand":{"rotation":[0.0,0.0,0.0]},"gui":{"rotation":[-150.0,-45.0,180.0]}}}