{"textures":{"0":"modelengine:entity/creepleton_17586578446562870","particle":"#0"},"elements":[{"from":[6.5,4.0,8.0],"to":[9.5,12.0,8.0],"faces":{"south":{"uv":[8.75,0.0,9.5,4.0],"tintindex":0,"rotation":0,"texture":"#0"},"north":{"uv":[9.5,0.0,8.75,4.0],"tintindex":0,"rotation":0,"texture":"#0"}}}],"display":{"head":{"rotation":[-90.0,62.5,90.0]},"firstperson_righthand":{"rotation":[-90.0,62.5,90.0]},"thirdperson_lefthand":{"rotation":[-90.0,-62.5,-90.0]},"firstperson_lefthand":{"rotation":[-90.0,-62.5,-90.0]},"fixed":{"rotation":[-90.0,62.5,90.0]},"ground":{"rotation":[-90.0,62.5,90.0]},"thirdperson_righthand":{"rotation":[-90.0,62.5,90.0]},"gui":{"rotation":[-6.3602395,-38.84468,-24.785067]}}}