{"textures":{"0":"modelengine:entity/creepleton","particle":"#0"},"elements":[{"from":[8.0,8.0,6.5],"to":[8.0,16.0,9.5],"faces":{"east":{"uv":[8.0,0.0,8.75,4.0],"tintindex":0,"rotation":0,"texture":"#0"},"west":{"uv":[8.75,0.0,8.0,4.0],"tintindex":0,"rotation":0,"texture":"#0"}}}],"display":{"head":{"rotation":[-3.88274E-15,35.0,-90.0]},"firstperson_righthand":{"rotation":[-3.88274E-15,35.0,-90.0]},"thirdperson_lefthand":{"rotation":[-3.88274E-15,-35.0,90.0]},"firstperson_lefthand":{"rotation":[-3.88274E-15,-35.0,90.0]},"fixed":{"rotation":[-3.88274E-15,35.0,-90.0]},"ground":{"rotation":[-3.88274E-15,35.0,-90.0]},"thirdperson_righthand":{"rotation":[-3.88274E-15,35.0,-90.0]},"gui":{"rotation":[-150.0,-80.0,90.0]}}}