{"textures":{"0":"modelengine:entity/creepleton_17586578446562870","particle":"#0"},"elements":[{"from":[8.0,4.0,6.5],"to":[8.0,12.0,9.5],"faces":{"east":{"uv":[8.0,4.0,8.75,8.0],"tintindex":0,"rotation":0,"texture":"#0"},"west":{"uv":[8.75,4.0,8.0,8.0],"tintindex":0,"rotation":0,"texture":"#0"}}}],"display":{"head":{"rotation":[-180.0,37.5,90.0]},"firstperson_righthand":{"rotation":[-180.0,37.5,90.0]},"thirdperson_lefthand":{"rotation":[-180.0,-37.5,-90.0]},"firstperson_lefthand":{"rotation":[-180.0,-37.5,-90.0]},"fixed":{"rotation":[-180.0,37.5,90.0]},"ground":{"rotation":[-180.0,37.5,90.0]},"thirdperson_righthand":{"rotation":[-180.0,37.5,90.0]},"gui":{"rotation":[30.0,7.5,-90.0]}}}