{"textures":{"0":"modelengine:entity/creepleton","particle":"#0"},"elements":[{"from":[17.0,-5.0,3.5],"to":[17.0,3.0,6.5],"faces":{"east":{"uv":[8.75,4.0,9.5,8.0],"tintindex":0,"rotation":0,"texture":"#0"},"west":{"uv":[9.5,4.0,8.75,8.0],"tintindex":0,"rotation":0,"texture":"#0"}},"rotation":{"origin":[17.0,3.0,5.0],"angle":-45.0,"axis":"z"}},{"from":[15.5,-5.0,5.0],"to":[18.5,3.0,5.0],"faces":{"south":{"uv":[8.75,4.0,8.0,8.0],"tintindex":0,"rotation":0,"texture":"#0"},"north":{"uv":[8.0,4.0,8.75,8.0],"tintindex":0,"rotation":0,"texture":"#0"}},"rotation":{"origin":[17.0,3.0,5.0],"angle":-45.0,"axis":"z"}}],"display":{"head":{"rotation":[0.0,0.0,0.0]},"firstperson_righthand":{"rotation":[0.0,0.0,0.0]},"thirdperson_lefthand":{"rotation":[0.0,-0.0,-0.0]},"firstperson_lefthand":{"rotation":[0.0,-0.0,-0.0]},"fixed":{"rotation":[0.0,0.0,0.0]},"ground":{"rotation":[0.0,0.0,0.0]},"thirdperson_righthand":{"rotation":[0.0,0.0,0.0]},"gui":{"rotation":[-150.0,-45.0,180.0]}}}