{"textures":{"0":"modelengine:entity/creepleton_17586578446562870","particle":"#0"},"elements":[{"from":[4.0,8.0,4.0],"to":[12.0,16.0,12.0],"faces":{"east":{"uv":[0.0,4.0,2.0,8.0],"tintindex":0,"rotation":0,"texture":"#0"},"south":{"uv":[6.0,4.0,8.0,8.0],"tintindex":0,"rotation":0,"texture":"#0"},"north":{"uv":[2.0,4.0,4.0,8.0],"tintindex":0,"rotation":0,"texture":"#0"},"west":{"uv":[4.0,4.0,6.0,8.0],"tintindex":0,"rotation":0,"texture":"#0"},"up":{"uv":[4.0,4.0,2.0,0.0],"tintindex":0,"rotation":0,"texture":"#0"},"down":{"uv":[6.0,0.0,4.0,4.0],"tintindex":0,"rotation":0,"texture":"#0"}}}],"display":{"head":{"rotation":[0.0,0.0,0.0]},"firstperson_righthand":{"rotation":[0.0,0.0,0.0]},"thirdperson_lefthand":{"rotation":[0.0,-0.0,-0.0]},"firstperson_lefthand":{"rotation":[0.0,-0.0,-0.0]},"fixed":{"rotation":[0.0,0.0,0.0]},"ground":{"rotation":[0.0,0.0,0.0]},"thirdperson_righthand":{"rotation":[0.0,0.0,0.0]},"gui":{"rotation":[-150.0,-45.0,180.0]}}}