{"textures":{"0":"modelengine:entity/creepleton_17586578446562870","particle":"#0"},"elements":[{"from":[-5.5,8.0,7.0],"to":[2.5,8.0,9.0],"faces":{"up":{"uv":[16.0,14.5,12.0,12.5],"tintindex":0,"rotation":0,"texture":"#0"},"down":{"uv":[12.0,12.5,16.0,14.5],"tintindex":0,"rotation":0,"texture":"#0"}}}],"display":{"head":{"rotation":[-37.5,0.0,0.0]},"firstperson_righthand":{"rotation":[-37.5,0.0,0.0]},"thirdperson_lefthand":{"rotation":[-37.5,-0.0,-0.0]},"firstperson_lefthand":{"rotation":[-37.5,-0.0,-0.0]},"fixed":{"rotation":[-37.5,0.0,0.0]},"ground":{"rotation":[-37.5,0.0,0.0]},"thirdperson_righthand":{"rotation":[-37.5,0.0,0.0]},"gui":{"rotation":[-102.66117,-34.12398,-148.66856]}}}