{"model":{"entries":[{"model":{"model":"modelengine:axolobee_gold/body","tints":[{"default":-1,"type":"minecraft:dye"}],"type":"minecraft:model"},"threshold":1},{"model":{"model":"modelengine:axolobee_diamond/body","tints":[{"default":-1,"type":"minecraft:dye"}],"type":"minecraft:model"},"threshold":2},{"model":{"model":"modelengine:axolobee/body","tints":[{"default":-1,"type":"minecraft:dye"}],"type":"minecraft:model"},"threshold":3},{"model":{"model":"modelengine:axolobee_rb/body","tints":[{"default":-1,"type":"minecraft:dye"}],"type":"minecraft:model"},"threshold":4},{"model":{"model":"modelengine:axolobee_rb/leg4","tints":[{"default":-1,"type":"minecraft:dye"}],"type":"minecraft:model"},"threshold":5},{"model":{"model":"modelengine:axolobee_diamond/leg4","tints":[{"default":-1,"type":"minecraft:dye"}],"type":"minecraft:model"},"threshold":6},{"model":{"model":"modelengine:axolobee/leg4","tints":[{"default":-1,"type":"minecraft:dye"}],"type":"minecraft:model"},"threshold":7},{"model":{"model":"modelengine:axolobee_diamond/head","tints":[{"default":-1,"type":"minecraft:dye"}],"type":"minecraft:model"},"threshold":8},{"model":{"model":"modelengine:axolobee/head","tints":[{"default":-1,"type":"minecraft:dye"}],"type":"minecraft:model"},"threshold":9},{"model":{"model":"modelengine:axolobee/leg3","tints":[{"default":-1,"type":"minecraft:dye"}],"type":"minecraft:model"},"threshold":10},{"model":{"model":"modelengine:axolobee_diamond/leg3","tints":[{"default":-1,"type":"minecraft:dye"}],"type":"minecraft:model"},"threshold":11},{"model":{"model":"modelengine:axolobee/leg1","tints":[{"default":-1,"type":"minecraft:dye"}],"type":"minecraft:model"},"threshold":12},{"model":{"model":"modelengine:axolobee_diamond/leg1","tints":[{"default":-1,"type":"minecraft:dye"}],"type":"minecraft:model"},"threshold":13},{"model":{"model":"modelengine:axolobee_rb/head","tints":[{"default":-1,"type":"minecraft:dye"}],"type":"minecraft:model"},"threshold":14},{"model":{"model":"modelengine:axolobee/tail","tints":[{"default":-1,"type":"minecraft:dye"}],"type":"minecraft:model"},"threshold":15},{"model":{"model":"modelengine:axolobee_rb/leg3","tints":[{"default":-1,"type":"minecraft:dye"}],"type":"minecraft:model"},"threshold":16},{"model":{"model":"modelengine:axolobee/leg2","tints":[{"default":-1,"type":"minecraft:dye"}],"type":"minecraft:model"},"threshold":17},{"model":{"model":"modelengine:axolobee_rb/leg1","tints":[{"default":-1,"type":"minecraft:dye"}],"type":"minecraft:model"},"threshold":18},{"model":{"model":"modelengine:axolobee_rb/tail","tints":[{"default":-1,"type":"minecraft:dye"}],"type":"minecraft:model"},"threshold":19},{"model":{"model":"modelengine:axolobee_rb/leg2","tints":[{"default":-1,"type":"minecraft:dye"}],"type":"minecraft:model"},"threshold":20},{"model":{"model":"modelengine:axolobee/top_gills","tints":[{"default":-1,"type":"minecraft:dye"}],"type":"minecraft:model"},"threshold":21},{"model":{"model":"modelengine:axolobee_rb/top_gills","tints":[{"default":-1,"type":"minecraft:dye"}],"type":"minecraft:model"},"threshold":22},{"model":{"model":"modelengine:axolobee/left_gills","tints":[{"default":-1,"type":"minecraft:dye"}],"type":"minecraft:model"},"threshold":23},{"model":{"model":"modelengine:axolobee_rb/left_gills","tints":[{"default":-1,"type":"minecraft:dye"}],"type":"minecraft:model"},"threshold":24},{"model":{"model":"modelengine:axolobee_gold/leg4","tints":[{"default":-1,"type":"minecraft:dye"}],"type":"minecraft:model"},"threshold":25},{"model":{"model":"modelengine:axolobee_rb/right_gills","tints":[{"default":-1,"type":"minecraft:dye"}],"type":"minecraft:model"},"threshold":26},{"model":{"model":"modelengine:axolobee/right_gills","tints":[{"default":-1,"type":"minecraft:dye"}],"type":"minecraft:model"},"threshold":27},{"model":{"model":"modelengine:axolobee_gold/head","tints":[{"default":-1,"type":"minecraft:dye"}],"type":"minecraft:model"},"threshold":28},{"model":{"model":"modelengine:axolobee_gold/leg3","tints":[{"default":-1,"type":"minecraft:dye"}],"type":"minecraft:model"},"threshold":29},{"model":{"model":"modelengine:axolobee_gold/leg1","tints":[{"default":-1,"type":"minecraft:dye"}],"type":"minecraft:model"},"threshold":30},{"model":{"model":"modelengine:axolobee_diamond/tail","tints":[{"default":-1,"type":"minecraft:dye"}],"type":"minecraft:model"},"threshold":31},{"model":{"model":"modelengine:axolobee_diamond/leg2","tints":[{"default":-1,"type":"minecraft:dye"}],"type":"minecraft:model"},"threshold":32},{"model":{"model":"modelengine:axolobee_diamond/top_gills","tints":[{"default":-1,"type":"minecraft:dye"}],"type":"minecraft:model"},"threshold":33},{"model":{"model":"modelengine:axolobee_gold/tail","tints":[{"default":-1,"type":"minecraft:dye"}],"type":"minecraft:model"},"threshold":34},{"model":{"model":"modelengine:axolobee_diamond/left_gills","tints":[{"default":-1,"type":"minecraft:dye"}],"type":"minecraft:model"},"threshold":35},{"model":{"model":"modelengine:axolobee_gold/leg2","tints":[{"default":-1,"type":"minecraft:dye"}],"type":"minecraft:model"},"threshold":36},{"model":{"model":"modelengine:axolobee_diamond/right_gills","tints":[{"default":-1,"type":"minecraft:dye"}],"type":"minecraft:model"},"threshold":37},{"model":{"model":"modelengine:axolobee_gold/top_gills","tints":[{"default":-1,"type":"minecraft:dye"}],"type":"minecraft:model"},"threshold":38},{"model":{"model":"modelengine:axolobee_gold/left_gills","tints":[{"default":-1,"type":"minecraft:dye"}],"type":"minecraft:model"},"threshold":39},{"model":{"model":"modelengine:axolobee_gold/right_gills","tints":[{"default":-1,"type":"minecraft:dye"}],"type":"minecraft:model"},"threshold":40},{"model":{"model":"modelengine:dracobrute/body","tints":[{"default":-1,"type":"minecraft:dye"}],"type":"minecraft:model"},"threshold":41},{"model":{"model":"modelengine:dracobrute/right_leg","tints":[{"default":-1,"type":"minecraft:dye"}],"type":"minecraft:model"},"threshold":42},{"model":{"model":"modelengine:dracobrute/left_leg","tints":[{"default":-1,"type":"minecraft:dye"}],"type":"minecraft:model"},"threshold":43},{"model":{"model":"modelengine:dracobrute/tail","tints":[{"default":-1,"type":"minecraft:dye"}],"type":"minecraft:model"},"threshold":44},{"model":{"model":"modelengine:dracobrute/jacket","tints":[{"default":-1,"type":"minecraft:dye"}],"type":"minecraft:model"},"threshold":45},{"model":{"model":"modelengine:dracobrute/left_arm","tints":[{"default":-1,"type":"minecraft:dye"}],"type":"minecraft:model"},"threshold":46},{"model":{"model":"modelengine:dracobrute/right_wing","tints":[{"default":-1,"type":"minecraft:dye"}],"type":"minecraft:model"},"threshold":47},{"model":{"model":"modelengine:dracobrute/head","tints":[{"default":-1,"type":"minecraft:dye"}],"type":"minecraft:model"},"threshold":48},{"model":{"model":"modelengine:dracobrute/right_arm","tints":[{"default":-1,"type":"minecraft:dye"}],"type":"minecraft:model"},"threshold":49},{"model":{"model":"modelengine:dracobrute/left_wing","tints":[{"default":-1,"type":"minecraft:dye"}],"type":"minecraft:model"},"threshold":50},{"model":{"model":"modelengine:dracobrute/right_wing_tip","tints":[{"default":-1,"type":"minecraft:dye"}],"type":"minecraft:model"},"threshold":51},{"model":{"model":"modelengine:dracobrute/left_ear","tints":[{"default":-1,"type":"minecraft:dye"}],"type":"minecraft:model"},"threshold":52},{"model":{"model":"modelengine:dracobrute/right_ear","tints":[{"default":-1,"type":"minecraft:dye"}],"type":"minecraft:model"},"threshold":53},{"model":{"model":"modelengine:dracobrute/left_wing_tip","tints":[{"default":-1,"type":"minecraft:dye"}],"type":"minecraft:model"},"threshold":54},{"model":{"model":"modelengine:dracobrute_diamond/body","tints":[{"default":-1,"type":"minecraft:dye"}],"type":"minecraft:model"},"threshold":55},{"model":{"model":"modelengine:dracobrute_diamond/right_leg","tints":[{"default":-1,"type":"minecraft:dye"}],"type":"minecraft:model"},"threshold":56},{"model":{"model":"modelengine:dracobrute_diamond/left_leg","tints":[{"default":-1,"type":"minecraft:dye"}],"type":"minecraft:model"},"threshold":57},{"model":{"model":"modelengine:dracobrute_diamond/tail","tints":[{"default":-1,"type":"minecraft:dye"}],"type":"minecraft:model"},"threshold":58},{"model":{"model":"modelengine:dracobrute_diamond/jacket","tints":[{"default":-1,"type":"minecraft:dye"}],"type":"minecraft:model"},"threshold":59},{"model":{"model":"modelengine:dracobrute_diamond/left_arm","tints":[{"default":-1,"type":"minecraft:dye"}],"type":"minecraft:model"},"threshold":60},{"model":{"model":"modelengine:dracobrute_diamond/right_wing","tints":[{"default":-1,"type":"minecraft:dye"}],"type":"minecraft:model"},"threshold":61},{"model":{"model":"modelengine:dracobrute_diamond/head","tints":[{"default":-1,"type":"minecraft:dye"}],"type":"minecraft:model"},"threshold":62},{"model":{"model":"modelengine:dracobrute_diamond/right_arm","tints":[{"default":-1,"type":"minecraft:dye"}],"type":"minecraft:model"},"threshold":63},{"model":{"model":"modelengine:dracobrute_diamond/left_wing","tints":[{"default":-1,"type":"minecraft:dye"}],"type":"minecraft:model"},"threshold":64},{"model":{"model":"modelengine:dracobrute_diamond/right_wing_tip","tints":[{"default":-1,"type":"minecraft:dye"}],"type":"minecraft:model"},"threshold":65},{"model":{"model":"modelengine:dracobrute_diamond/left_ear","tints":[{"default":-1,"type":"minecraft:dye"}],"type":"minecraft:model"},"threshold":66},{"model":{"model":"modelengine:dracobrute_diamond/right_ear","tints":[{"default":-1,"type":"minecraft:dye"}],"type":"minecraft:model"},"threshold":67},{"model":{"model":"modelengine:dracobrute_diamond/left_wing_tip","tints":[{"default":-1,"type":"minecraft:dye"}],"type":"minecraft:model"},"threshold":68},{"model":{"model":"modelengine:blazewarden_rb/head","tints":[{"default":-1,"type":"minecraft:dye"}],"type":"minecraft:model"},"threshold":69},{"model":{"model":"modelengine:blazewarden_rb/middile","tints":[{"default":-1,"type":"minecraft:dye"}],"type":"minecraft:model"},"threshold":70},{"model":{"model":"modelengine:blazewarden_rb/top","tints":[{"default":-1,"type":"minecraft:dye"}],"type":"minecraft:model"},"threshold":71},{"model":{"model":"modelengine:blazewarden_rb/below","tints":[{"default":-1,"type":"minecraft:dye"}],"type":"minecraft:model"},"threshold":72},{"model":{"model":"modelengine:blazewarden_rb/bone","tints":[{"default":-1,"type":"minecraft:dye"}],"type":"minecraft:model"},"threshold":73},{"model":{"model":"modelengine:blazewarden_rb/bone2","tints":[{"default":-1,"type":"minecraft:dye"}],"type":"minecraft:model"},"threshold":74},{"model":{"model":"modelengine:blazewarden_rb/bone3","tints":[{"default":-1,"type":"minecraft:dye"}],"type":"minecraft:model"},"threshold":75},{"model":{"model":"modelengine:blazewarden_rb/bone4","tints":[{"default":-1,"type":"minecraft:dye"}],"type":"minecraft:model"},"threshold":76},{"model":{"model":"modelengine:blazewarden_diamond/head","tints":[{"default":-1,"type":"minecraft:dye"}],"type":"minecraft:model"},"threshold":77},{"model":{"model":"modelengine:blazewarden/head","tints":[{"default":-1,"type":"minecraft:dye"}],"type":"minecraft:model"},"threshold":78},{"model":{"model":"modelengine:blazewarden_diamond/middile","tints":[{"default":-1,"type":"minecraft:dye"}],"type":"minecraft:model"},"threshold":79},{"model":{"model":"modelengine:blazewarden_diamond/top","tints":[{"default":-1,"type":"minecraft:dye"}],"type":"minecraft:model"},"threshold":80},{"model":{"model":"modelengine:blazewarden/middile","tints":[{"default":-1,"type":"minecraft:dye"}],"type":"minecraft:model"},"threshold":81},{"model":{"model":"modelengine:blazewarden_diamond/below","tints":[{"default":-1,"type":"minecraft:dye"}],"type":"minecraft:model"},"threshold":82},{"model":{"model":"modelengine:blazewarden/top","tints":[{"default":-1,"type":"minecraft:dye"}],"type":"minecraft:model"},"threshold":83},{"model":{"model":"modelengine:blazewarden_diamond/bone","tints":[{"default":-1,"type":"minecraft:dye"}],"type":"minecraft:model"},"threshold":84},{"model":{"model":"modelengine:blazewarden/below","tints":[{"default":-1,"type":"minecraft:dye"}],"type":"minecraft:model"},"threshold":85},{"model":{"model":"modelengine:blazewarden_diamond/bone2","tints":[{"default":-1,"type":"minecraft:dye"}],"type":"minecraft:model"},"threshold":86},{"model":{"model":"modelengine:blazewarden/bone","tints":[{"default":-1,"type":"minecraft:dye"}],"type":"minecraft:model"},"threshold":87},{"model":{"model":"modelengine:blazewarden_diamond/bone3","tints":[{"default":-1,"type":"minecraft:dye"}],"type":"minecraft:model"},"threshold":88},{"model":{"model":"modelengine:blazewarden/bone2","tints":[{"default":-1,"type":"minecraft:dye"}],"type":"minecraft:model"},"threshold":89},{"model":{"model":"modelengine:blazewarden_diamond/bone4","tints":[{"default":-1,"type":"minecraft:dye"}],"type":"minecraft:model"},"threshold":90},{"model":{"model":"modelengine:blazewarden/bone3","tints":[{"default":-1,"type":"minecraft:dye"}],"type":"minecraft:model"},"threshold":91},{"model":{"model":"modelengine:blazewarden/bone4","tints":[{"default":-1,"type":"minecraft:dye"}],"type":"minecraft:model"},"threshold":92},{"model":{"model":"modelengine:blazewarden_gold/head","tints":[{"default":-1,"type":"minecraft:dye"}],"type":"minecraft:model"},"threshold":93},{"model":{"model":"modelengine:blazewarden_gold/middile","tints":[{"default":-1,"type":"minecraft:dye"}],"type":"minecraft:model"},"threshold":94},{"model":{"model":"modelengine:blazewarden_gold/top","tints":[{"default":-1,"type":"minecraft:dye"}],"type":"minecraft:model"},"threshold":95},{"model":{"model":"modelengine:blazewarden_gold/below","tints":[{"default":-1,"type":"minecraft:dye"}],"type":"minecraft:model"},"threshold":96},{"model":{"model":"modelengine:blazewarden_gold/bone","tints":[{"default":-1,"type":"minecraft:dye"}],"type":"minecraft:model"},"threshold":97},{"model":{"model":"modelengine:blazewarden_gold/bone2","tints":[{"default":-1,"type":"minecraft:dye"}],"type":"minecraft:model"},"threshold":98},{"model":{"model":"modelengine:blazewarden_gold/bone3","tints":[{"default":-1,"type":"minecraft:dye"}],"type":"minecraft:model"},"threshold":99},{"model":{"model":"modelengine:blazewarden_gold/bone4","tints":[{"default":-1,"type":"minecraft:dye"}],"type":"minecraft:model"},"threshold":100},{"model":{"model":"modelengine:dracobrute_gold/body","tints":[{"default":-1,"type":"minecraft:dye"}],"type":"minecraft:model"},"threshold":101},{"model":{"model":"modelengine:dracobrute_gold/right_leg","tints":[{"default":-1,"type":"minecraft:dye"}],"type":"minecraft:model"},"threshold":102},{"model":{"model":"modelengine:dracobrute_gold/left_leg","tints":[{"default":-1,"type":"minecraft:dye"}],"type":"minecraft:model"},"threshold":103},{"model":{"model":"modelengine:dracobrute_gold/tail","tints":[{"default":-1,"type":"minecraft:dye"}],"type":"minecraft:model"},"threshold":104},{"model":{"model":"modelengine:dracobrute_gold/jacket","tints":[{"default":-1,"type":"minecraft:dye"}],"type":"minecraft:model"},"threshold":105},{"model":{"model":"modelengine:dracobrute_gold/left_arm","tints":[{"default":-1,"type":"minecraft:dye"}],"type":"minecraft:model"},"threshold":106},{"model":{"model":"modelengine:dracobrute_gold/right_wing","tints":[{"default":-1,"type":"minecraft:dye"}],"type":"minecraft:model"},"threshold":107},{"model":{"model":"modelengine:dracobrute_gold/head","tints":[{"default":-1,"type":"minecraft:dye"}],"type":"minecraft:model"},"threshold":108},{"model":{"model":"modelengine:dracobrute_gold/right_arm","tints":[{"default":-1,"type":"minecraft:dye"}],"type":"minecraft:model"},"threshold":109},{"model":{"model":"modelengine:dracobrute_gold/left_wing","tints":[{"default":-1,"type":"minecraft:dye"}],"type":"minecraft:model"},"threshold":110},{"model":{"model":"modelengine:dracobrute_gold/right_wing_tip","tints":[{"default":-1,"type":"minecraft:dye"}],"type":"minecraft:model"},"threshold":111},{"model":{"model":"modelengine:dracobrute_gold/left_ear","tints":[{"default":-1,"type":"minecraft:dye"}],"type":"minecraft:model"},"threshold":112},{"model":{"model":"modelengine:dracobrute_gold/right_ear","tints":[{"default":-1,"type":"minecraft:dye"}],"type":"minecraft:model"},"threshold":113},{"model":{"model":"modelengine:dracobrute_gold/left_wing_tip","tints":[{"default":-1,"type":"minecraft:dye"}],"type":"minecraft:model"},"threshold":114},{"model":{"model":"modelengine:ghastmare/main","tints":[{"default":-1,"type":"minecraft:dye"}],"type":"minecraft:model"},"threshold":115},{"model":{"model":"modelengine:ghastmare/body","tints":[{"default":-1,"type":"minecraft:dye"}],"type":"minecraft:model"},"threshold":116},{"model":{"model":"modelengine:ghastmare/head","tints":[{"default":-1,"type":"minecraft:dye"}],"type":"minecraft:model"},"threshold":117},{"model":{"model":"modelengine:ghastmare/body1","tints":[{"default":-1,"type":"minecraft:dye"}],"type":"minecraft:model"},"threshold":118},{"model":{"model":"modelengine:ghastmare/bone7","tints":[{"default":-1,"type":"minecraft:dye"}],"type":"minecraft:model"},"threshold":119},{"model":{"model":"modelengine:ghastmare/smallleftwing","tints":[{"default":-1,"type":"minecraft:dye"}],"type":"minecraft:model"},"threshold":120},{"model":{"model":"modelengine:ghastmare/smallrightwing","tints":[{"default":-1,"type":"minecraft:dye"}],"type":"minecraft:model"},"threshold":121},{"model":{"model":"modelengine:ghastmare/leftwing","tints":[{"default":-1,"type":"minecraft:dye"}],"type":"minecraft:model"},"threshold":122},{"model":{"model":"modelengine:ghastmare/rightwing","tints":[{"default":-1,"type":"minecraft:dye"}],"type":"minecraft:model"},"threshold":123},{"model":{"model":"modelengine:ghastmare/bone8","tints":[{"default":-1,"type":"minecraft:dye"}],"type":"minecraft:model"},"threshold":124},{"model":{"model":"modelengine:ghastmare/smalllowerleftwing","tints":[{"default":-1,"type":"minecraft:dye"}],"type":"minecraft:model"},"threshold":125},{"model":{"model":"modelengine:ghastmare/smalllowerrightwing","tints":[{"default":-1,"type":"minecraft:dye"}],"type":"minecraft:model"},"threshold":126},{"model":{"model":"modelengine:ghastmare/lowerleftwing","tints":[{"default":-1,"type":"minecraft:dye"}],"type":"minecraft:model"},"threshold":127},{"model":{"model":"modelengine:ghastmare/lowerrightwing","tints":[{"default":-1,"type":"minecraft:dye"}],"type":"minecraft:model"},"threshold":128},{"model":{"model":"modelengine:dracobrute_rainbow/body","tints":[{"default":-1,"type":"minecraft:dye"}],"type":"minecraft:model"},"threshold":129},{"model":{"model":"modelengine:dracobrute_rainbow/right_leg","tints":[{"default":-1,"type":"minecraft:dye"}],"type":"minecraft:model"},"threshold":130},{"model":{"model":"modelengine:dracobrute_rainbow/left_leg","tints":[{"default":-1,"type":"minecraft:dye"}],"type":"minecraft:model"},"threshold":131},{"model":{"model":"modelengine:dracobrute_rainbow/tail","tints":[{"default":-1,"type":"minecraft:dye"}],"type":"minecraft:model"},"threshold":132},{"model":{"model":"modelengine:dracobrute_rainbow/jacket","tints":[{"default":-1,"type":"minecraft:dye"}],"type":"minecraft:model"},"threshold":133},{"model":{"model":"modelengine:dracobrute_rainbow/left_arm","tints":[{"default":-1,"type":"minecraft:dye"}],"type":"minecraft:model"},"threshold":134},{"model":{"model":"modelengine:dracobrute_rainbow/right_wing","tints":[{"default":-1,"type":"minecraft:dye"}],"type":"minecraft:model"},"threshold":135},{"model":{"model":"modelengine:dracobrute_rainbow/head","tints":[{"default":-1,"type":"minecraft:dye"}],"type":"minecraft:model"},"threshold":136},{"model":{"model":"modelengine:dracobrute_rainbow/right_arm","tints":[{"default":-1,"type":"minecraft:dye"}],"type":"minecraft:model"},"threshold":137},{"model":{"model":"modelengine:dracobrute_rainbow/left_wing","tints":[{"default":-1,"type":"minecraft:dye"}],"type":"minecraft:model"},"threshold":138},{"model":{"model":"modelengine:dracobrute_rainbow/right_wing_tip","tints":[{"default":-1,"type":"minecraft:dye"}],"type":"minecraft:model"},"threshold":139},{"model":{"model":"modelengine:dracobrute_rainbow/left_ear","tints":[{"default":-1,"type":"minecraft:dye"}],"type":"minecraft:model"},"threshold":140},{"model":{"model":"modelengine:dracobrute_rainbow/right_ear","tints":[{"default":-1,"type":"minecraft:dye"}],"type":"minecraft:model"},"threshold":141},{"model":{"model":"modelengine:dracobrute_rainbow/left_wing_tip","tints":[{"default":-1,"type":"minecraft:dye"}],"type":"minecraft:model"},"threshold":142},{"model":{"model":"modelengine:ghastmare_gold/main","tints":[{"default":-1,"type":"minecraft:dye"}],"type":"minecraft:model"},"threshold":143},{"model":{"model":"modelengine:ghastmare_gold/body","tints":[{"default":-1,"type":"minecraft:dye"}],"type":"minecraft:model"},"threshold":144},{"model":{"model":"modelengine:ghastmare_gold/head","tints":[{"default":-1,"type":"minecraft:dye"}],"type":"minecraft:model"},"threshold":145},{"model":{"model":"modelengine:ghastmare_gold/body1","tints":[{"default":-1,"type":"minecraft:dye"}],"type":"minecraft:model"},"threshold":146},{"model":{"model":"modelengine:ghastmare_gold/bone7","tints":[{"default":-1,"type":"minecraft:dye"}],"type":"minecraft:model"},"threshold":147},{"model":{"model":"modelengine:ghastmare_gold/smallleftwing","tints":[{"default":-1,"type":"minecraft:dye"}],"type":"minecraft:model"},"threshold":148},{"model":{"model":"modelengine:ghastmare_gold/smallrightwing","tints":[{"default":-1,"type":"minecraft:dye"}],"type":"minecraft:model"},"threshold":149},{"model":{"model":"modelengine:ghastmare_gold/leftwing","tints":[{"default":-1,"type":"minecraft:dye"}],"type":"minecraft:model"},"threshold":150},{"model":{"model":"modelengine:ghastmare_gold/rightwing","tints":[{"default":-1,"type":"minecraft:dye"}],"type":"minecraft:model"},"threshold":151},{"model":{"model":"modelengine:ghastmare_gold/bone8","tints":[{"default":-1,"type":"minecraft:dye"}],"type":"minecraft:model"},"threshold":152},{"model":{"model":"modelengine:ghastmare_gold/smalllowerleftwing","tints":[{"default":-1,"type":"minecraft:dye"}],"type":"minecraft:model"},"threshold":153},{"model":{"model":"modelengine:ghastmare_gold/smalllowerrightwing","tints":[{"default":-1,"type":"minecraft:dye"}],"type":"minecraft:model"},"threshold":154},{"model":{"model":"modelengine:ghastmare_gold/lowerleftwing","tints":[{"default":-1,"type":"minecraft:dye"}],"type":"minecraft:model"},"threshold":155},{"model":{"model":"modelengine:ghastmare_gold/lowerrightwing","tints":[{"default":-1,"type":"minecraft:dye"}],"type":"minecraft:model"},"threshold":156},{"model":{"model":"modelengine:ghastmare_rb/main","tints":[{"default":-1,"type":"minecraft:dye"}],"type":"minecraft:model"},"threshold":157},{"model":{"model":"modelengine:ghastmare_rb/body","tints":[{"default":-1,"type":"minecraft:dye"}],"type":"minecraft:model"},"threshold":158},{"model":{"model":"modelengine:ghastmare_rb/head","tints":[{"default":-1,"type":"minecraft:dye"}],"type":"minecraft:model"},"threshold":159},{"model":{"model":"modelengine:ghastmare_rb/body1","tints":[{"default":-1,"type":"minecraft:dye"}],"type":"minecraft:model"},"threshold":160},{"model":{"model":"modelengine:ghastmare_rb/bone7","tints":[{"default":-1,"type":"minecraft:dye"}],"type":"minecraft:model"},"threshold":161},{"model":{"model":"modelengine:ghastmare_rb/smallleftwing","tints":[{"default":-1,"type":"minecraft:dye"}],"type":"minecraft:model"},"threshold":162},{"model":{"model":"modelengine:ghastmare_rb/smallrightwing","tints":[{"default":-1,"type":"minecraft:dye"}],"type":"minecraft:model"},"threshold":163},{"model":{"model":"modelengine:ghastmare_rb/leftwing","tints":[{"default":-1,"type":"minecraft:dye"}],"type":"minecraft:model"},"threshold":164},{"model":{"model":"modelengine:ghastmare_rb/rightwing","tints":[{"default":-1,"type":"minecraft:dye"}],"type":"minecraft:model"},"threshold":165},{"model":{"model":"modelengine:ghastmare_rb/bone8","tints":[{"default":-1,"type":"minecraft:dye"}],"type":"minecraft:model"},"threshold":166},{"model":{"model":"modelengine:ghastmare_rb/smalllowerleftwing","tints":[{"default":-1,"type":"minecraft:dye"}],"type":"minecraft:model"},"threshold":167},{"model":{"model":"modelengine:ghastmare_rb/smalllowerrightwing","tints":[{"default":-1,"type":"minecraft:dye"}],"type":"minecraft:model"},"threshold":168},{"model":{"model":"modelengine:ghastmare_rb/lowerleftwing","tints":[{"default":-1,"type":"minecraft:dye"}],"type":"minecraft:model"},"threshold":169},{"model":{"model":"modelengine:ghastmare_rb/lowerrightwing","tints":[{"default":-1,"type":"minecraft:dye"}],"type":"minecraft:model"},"threshold":170},{"model":{"model":"modelengine:ghastmare_diamond/lowerrightwing","tints":[{"default":-1,"type":"minecraft:dye"}],"type":"minecraft:model"},"threshold":171},{"model":{"model":"modelengine:creepleton/leg1","tints":[{"default":-1,"type":"minecraft:dye"}],"type":"minecraft:model"},"threshold":172},{"model":{"model":"modelengine:pigshroom_diamond/leg1","tints":[{"default":-1,"type":"minecraft:dye"}],"type":"minecraft:model"},"threshold":173},{"model":{"model":"modelengine:ghastmare_diamond/lowerleftwing","tints":[{"default":-1,"type":"minecraft:dye"}],"type":"minecraft:model"},"threshold":174},{"model":{"model":"modelengine:creepleton/head","tints":[{"default":-1,"type":"minecraft:dye"}],"type":"minecraft:model"},"threshold":175},{"model":{"model":"modelengine:pigshroom_diamond/head","tints":[{"default":-1,"type":"minecraft:dye"}],"type":"minecraft:model"},"threshold":176},{"model":{"model":"modelengine:creepleton/body","tints":[{"default":-1,"type":"minecraft:dye"}],"type":"minecraft:model"},"threshold":177},{"model":{"model":"modelengine:ghastmare_diamond/bone7","tints":[{"default":-1,"type":"minecraft:dye"}],"type":"minecraft:model"},"threshold":178},{"model":{"model":"modelengine:creepleton/leg4","tints":[{"default":-1,"type":"minecraft:dye"}],"type":"minecraft:model"},"threshold":179},{"model":{"model":"modelengine:ghastmare_diamond/bone8","tints":[{"default":-1,"type":"minecraft:dye"}],"type":"minecraft:model"},"threshold":180},{"model":{"model":"modelengine:creepleton/leg2","tints":[{"default":-1,"type":"minecraft:dye"}],"type":"minecraft:model"},"threshold":181},{"model":{"model":"modelengine:ghastmare_diamond/body","tints":[{"default":-1,"type":"minecraft:dye"}],"type":"minecraft:model"},"threshold":182},{"model":{"model":"modelengine:creepleton/leg3","tints":[{"default":-1,"type":"minecraft:dye"}],"type":"minecraft:model"},"threshold":183},{"model":{"model":"modelengine:ghastmare_diamond/head","tints":[{"default":-1,"type":"minecraft:dye"}],"type":"minecraft:model"},"threshold":184},{"model":{"model":"modelengine:creepleton/crossbow","tints":[{"default":-1,"type":"minecraft:dye"}],"type":"minecraft:model"},"threshold":185},{"model":{"model":"modelengine:snowlker_diamond/right_hand/1","tints":[{"default":-1,"type":"minecraft:dye"}],"type":"minecraft:model"},"threshold":186},{"model":{"model":"modelengine:creepleton/string","tints":[{"default":-1,"type":"minecraft:dye"}],"type":"minecraft:model"},"threshold":187},{"model":{"model":"modelengine:ghastmare_diamond/body1","tints":[{"default":-1,"type":"minecraft:dye"}],"type":"minecraft:model"},"threshold":188},{"model":{"model":"modelengine:creepleton/arrow/1","tints":[{"default":-1,"type":"minecraft:dye"}],"type":"minecraft:model"},"threshold":189},{"model":{"model":"modelengine:creepleton/arrow","tints":[{"default":-1,"type":"minecraft:dye"}],"type":"minecraft:model"},"threshold":190},{"model":{"model":"modelengine:snowlker_diamond/right_hand/2","tints":[{"default":-1,"type":"minecraft:dye"}],"type":"minecraft:model"},"threshold":191},{"model":{"model":"modelengine:creepleton/bone3","tints":[{"default":-1,"type":"minecraft:dye"}],"type":"minecraft:model"},"threshold":192},{"model":{"model":"modelengine:ghastmare_diamond/smallleftwing","tints":[{"default":-1,"type":"minecraft:dye"}],"type":"minecraft:model"},"threshold":193},{"model":{"model":"modelengine:creepleton/bone7","tints":[{"default":-1,"type":"minecraft:dye"}],"type":"minecraft:model"},"threshold":194},{"model":{"model":"modelengine:ghastmare_diamond/main","tints":[{"default":-1,"type":"minecraft:dye"}],"type":"minecraft:model"},"threshold":195},{"model":{"model":"modelengine:creepleton/bone","tints":[{"default":-1,"type":"minecraft:dye"}],"type":"minecraft:model"},"threshold":196},{"model":{"model":"modelengine:ghastmare_diamond/smalllowerrightwing","tints":[{"default":-1,"type":"minecraft:dye"}],"type":"minecraft:model"},"threshold":197},{"model":{"model":"modelengine:creepleton/bone4","tints":[{"default":-1,"type":"minecraft:dye"}],"type":"minecraft:model"},"threshold":198},{"model":{"model":"modelengine:creepleton/bone2","tints":[{"default":-1,"type":"minecraft:dye"}],"type":"minecraft:model"},"threshold":199},{"model":{"model":"modelengine:creepleton/bone6","tints":[{"default":-1,"type":"minecraft:dye"}],"type":"minecraft:model"},"threshold":200},{"model":{"model":"modelengine:creepleton/bone5","tints":[{"default":-1,"type":"minecraft:dye"}],"type":"minecraft:model"},"threshold":201},{"model":{"model":"modelengine:creepleton/bone8","tints":[{"default":-1,"type":"minecraft:dye"}],"type":"minecraft:model"},"threshold":202},{"model":{"model":"modelengine:creepleton_rb/leg1","tints":[{"default":-1,"type":"minecraft:dye"}],"type":"minecraft:model"},"threshold":203},{"model":{"model":"modelengine:creepleton_rb/head","tints":[{"default":-1,"type":"minecraft:dye"}],"type":"minecraft:model"},"threshold":204},{"model":{"model":"modelengine:creepleton_rb/body","tints":[{"default":-1,"type":"minecraft:dye"}],"type":"minecraft:model"},"threshold":205},{"model":{"model":"modelengine:creepleton_rb/leg4","tints":[{"default":-1,"type":"minecraft:dye"}],"type":"minecraft:model"},"threshold":206},{"model":{"model":"modelengine:creepleton_rb/leg2","tints":[{"default":-1,"type":"minecraft:dye"}],"type":"minecraft:model"},"threshold":207},{"model":{"model":"modelengine:creepleton_rb/leg3","tints":[{"default":-1,"type":"minecraft:dye"}],"type":"minecraft:model"},"threshold":208},{"model":{"model":"modelengine:creepleton_rb/crossbow","tints":[{"default":-1,"type":"minecraft:dye"}],"type":"minecraft:model"},"threshold":209},{"model":{"model":"modelengine:creepleton_rb/string","tints":[{"default":-1,"type":"minecraft:dye"}],"type":"minecraft:model"},"threshold":210},{"model":{"model":"modelengine:creepleton_rb/arrow/1","tints":[{"default":-1,"type":"minecraft:dye"}],"type":"minecraft:model"},"threshold":211},{"model":{"model":"modelengine:creepleton_rb/arrow","tints":[{"default":-1,"type":"minecraft:dye"}],"type":"minecraft:model"},"threshold":212},{"model":{"model":"modelengine:creepleton_rb/bone3","tints":[{"default":-1,"type":"minecraft:dye"}],"type":"minecraft:model"},"threshold":213},{"model":{"model":"modelengine:creepleton_rb/bone7","tints":[{"default":-1,"type":"minecraft:dye"}],"type":"minecraft:model"},"threshold":214},{"model":{"model":"modelengine:creepleton_rb/bone","tints":[{"default":-1,"type":"minecraft:dye"}],"type":"minecraft:model"},"threshold":215},{"model":{"model":"modelengine:creepleton_rb/bone4","tints":[{"default":-1,"type":"minecraft:dye"}],"type":"minecraft:model"},"threshold":216},{"model":{"model":"modelengine:creepleton_rb/bone2","tints":[{"default":-1,"type":"minecraft:dye"}],"type":"minecraft:model"},"threshold":217},{"model":{"model":"modelengine:creepleton_rb/bone6","tints":[{"default":-1,"type":"minecraft:dye"}],"type":"minecraft:model"},"threshold":218},{"model":{"model":"modelengine:creepleton_rb/bone5","tints":[{"default":-1,"type":"minecraft:dye"}],"type":"minecraft:model"},"threshold":219},{"model":{"model":"modelengine:creepleton_rb/bone8","tints":[{"default":-1,"type":"minecraft:dye"}],"type":"minecraft:model"},"threshold":220},{"model":{"model":"modelengine:creepleton_diamond/leg1","tints":[{"default":-1,"type":"minecraft:dye"}],"type":"minecraft:model"},"threshold":221},{"model":{"model":"modelengine:creepleton_diamond/head","tints":[{"default":-1,"type":"minecraft:dye"}],"type":"minecraft:model"},"threshold":222},{"model":{"model":"modelengine:creepleton_diamond/body","tints":[{"default":-1,"type":"minecraft:dye"}],"type":"minecraft:model"},"threshold":223},{"model":{"model":"modelengine:creepleton_diamond/leg4","tints":[{"default":-1,"type":"minecraft:dye"}],"type":"minecraft:model"},"threshold":224},{"model":{"model":"modelengine:creepleton_diamond/leg2","tints":[{"default":-1,"type":"minecraft:dye"}],"type":"minecraft:model"},"threshold":225},{"model":{"model":"modelengine:creepleton_diamond/leg3","tints":[{"default":-1,"type":"minecraft:dye"}],"type":"minecraft:model"},"threshold":226},{"model":{"model":"modelengine:creepleton_diamond/crossbow","tints":[{"default":-1,"type":"minecraft:dye"}],"type":"minecraft:model"},"threshold":227},{"model":{"model":"modelengine:creepleton_diamond/string","tints":[{"default":-1,"type":"minecraft:dye"}],"type":"minecraft:model"},"threshold":228},{"model":{"model":"modelengine:creepleton_diamond/arrow/1","tints":[{"default":-1,"type":"minecraft:dye"}],"type":"minecraft:model"},"threshold":229},{"model":{"model":"modelengine:creepleton_diamond/arrow","tints":[{"default":-1,"type":"minecraft:dye"}],"type":"minecraft:model"},"threshold":230},{"model":{"model":"modelengine:creepleton_diamond/bone3","tints":[{"default":-1,"type":"minecraft:dye"}],"type":"minecraft:model"},"threshold":231},{"model":{"model":"modelengine:creepleton_diamond/bone7","tints":[{"default":-1,"type":"minecraft:dye"}],"type":"minecraft:model"},"threshold":232},{"model":{"model":"modelengine:creepleton_diamond/bone","tints":[{"default":-1,"type":"minecraft:dye"}],"type":"minecraft:model"},"threshold":233},{"model":{"model":"modelengine:creepleton_diamond/bone4","tints":[{"default":-1,"type":"minecraft:dye"}],"type":"minecraft:model"},"threshold":234},{"model":{"model":"modelengine:creepleton_diamond/bone2","tints":[{"default":-1,"type":"minecraft:dye"}],"type":"minecraft:model"},"threshold":235},{"model":{"model":"modelengine:creepleton_diamond/bone6","tints":[{"default":-1,"type":"minecraft:dye"}],"type":"minecraft:model"},"threshold":236},{"model":{"model":"modelengine:creepleton_diamond/bone5","tints":[{"default":-1,"type":"minecraft:dye"}],"type":"minecraft:model"},"threshold":237},{"model":{"model":"modelengine:creepleton_diamond/bone8","tints":[{"default":-1,"type":"minecraft:dye"}],"type":"minecraft:model"},"threshold":238},{"model":{"model":"modelengine:creepleton_gold/leg1","tints":[{"default":-1,"type":"minecraft:dye"}],"type":"minecraft:model"},"threshold":239},{"model":{"model":"modelengine:creepleton_gold/head","tints":[{"default":-1,"type":"minecraft:dye"}],"type":"minecraft:model"},"threshold":240},{"model":{"model":"modelengine:creepleton_gold/body","tints":[{"default":-1,"type":"minecraft:dye"}],"type":"minecraft:model"},"threshold":241},{"model":{"model":"modelengine:creepleton_gold/leg4","tints":[{"default":-1,"type":"minecraft:dye"}],"type":"minecraft:model"},"threshold":242},{"model":{"model":"modelengine:creepleton_gold/leg2","tints":[{"default":-1,"type":"minecraft:dye"}],"type":"minecraft:model"},"threshold":243},{"model":{"model":"modelengine:creepleton_gold/leg3","tints":[{"default":-1,"type":"minecraft:dye"}],"type":"minecraft:model"},"threshold":244},{"model":{"model":"modelengine:creepleton_gold/crossbow","tints":[{"default":-1,"type":"minecraft:dye"}],"type":"minecraft:model"},"threshold":245},{"model":{"model":"modelengine:creepleton_gold/string","tints":[{"default":-1,"type":"minecraft:dye"}],"type":"minecraft:model"},"threshold":246},{"model":{"model":"modelengine:creepleton_gold/arrow","tints":[{"default":-1,"type":"minecraft:dye"}],"type":"minecraft:model"},"threshold":247},{"model":{"model":"modelengine:creepleton_gold/arrow/1","tints":[{"default":-1,"type":"minecraft:dye"}],"type":"minecraft:model"},"threshold":248},{"model":{"model":"modelengine:creepleton_gold/bone3","tints":[{"default":-1,"type":"minecraft:dye"}],"type":"minecraft:model"},"threshold":249},{"model":{"model":"modelengine:creepleton_gold/bone7","tints":[{"default":-1,"type":"minecraft:dye"}],"type":"minecraft:model"},"threshold":250},{"model":{"model":"modelengine:creepleton_gold/bone","tints":[{"default":-1,"type":"minecraft:dye"}],"type":"minecraft:model"},"threshold":251},{"model":{"model":"modelengine:creepleton_gold/bone4","tints":[{"default":-1,"type":"minecraft:dye"}],"type":"minecraft:model"},"threshold":252},{"model":{"model":"modelengine:creepleton_gold/bone2","tints":[{"default":-1,"type":"minecraft:dye"}],"type":"minecraft:model"},"threshold":253},{"model":{"model":"modelengine:creepleton_gold/bone6","tints":[{"default":-1,"type":"minecraft:dye"}],"type":"minecraft:model"},"threshold":254},{"model":{"model":"modelengine:creepleton_gold/bone5","tints":[{"default":-1,"type":"minecraft:dye"}],"type":"minecraft:model"},"threshold":255},{"model":{"model":"modelengine:creepleton_gold/bone8","tints":[{"default":-1,"type":"minecraft:dye"}],"type":"minecraft:model"},"threshold":256},{"model":{"model":"modelengine:iron-creeplord/head","tints":[{"default":-1,"type":"minecraft:dye"}],"type":"minecraft:model"},"threshold":257},{"model":{"model":"modelengine:iron-creeplord/rightleg4","tints":[{"default":-1,"type":"minecraft:dye"}],"type":"minecraft:model"},"threshold":258},{"model":{"model":"modelengine:iron-creeplord/leftleg1","tints":[{"default":-1,"type":"minecraft:dye"}],"type":"minecraft:model"},"threshold":259},{"model":{"model":"modelengine:iron-creeplord/rightleg1","tints":[{"default":-1,"type":"minecraft:dye"}],"type":"minecraft:model"},"threshold":260},{"model":{"model":"modelengine:iron-creeplord/body/2","tints":[{"default":-1,"type":"minecraft:dye"}],"type":"minecraft:model"},"threshold":261},{"model":{"model":"modelengine:iron-creeplord/body/1","tints":[{"default":-1,"type":"minecraft:dye"}],"type":"minecraft:model"},"threshold":262},{"model":{"model":"modelengine:iron-creeplord/body","tints":[{"default":-1,"type":"minecraft:dye"}],"type":"minecraft:model"},"threshold":263},{"model":{"model":"modelengine:iron-creeplord/leftleg4","tints":[{"default":-1,"type":"minecraft:dye"}],"type":"minecraft:model"},"threshold":264},{"model":{"model":"modelengine:iron-creeplord/bone2","tints":[{"default":-1,"type":"minecraft:dye"}],"type":"minecraft:model"},"threshold":265},{"model":{"model":"modelengine:iron-creeplord/leg_4","tints":[{"default":-1,"type":"minecraft:dye"}],"type":"minecraft:model"},"threshold":266},{"model":{"model":"modelengine:iron-creeplord/bone3","tints":[{"default":-1,"type":"minecraft:dye"}],"type":"minecraft:model"},"threshold":267},{"model":{"model":"modelengine:iron-creeplord/bone","tints":[{"default":-1,"type":"minecraft:dye"}],"type":"minecraft:model"},"threshold":268},{"model":{"model":"modelengine:iron-creeplord_diamond/head","tints":[{"default":-1,"type":"minecraft:dye"}],"type":"minecraft:model"},"threshold":269},{"model":{"model":"modelengine:iron-creeplord_diamond/rightleg4","tints":[{"default":-1,"type":"minecraft:dye"}],"type":"minecraft:model"},"threshold":270},{"model":{"model":"modelengine:iron-creeplord_diamond/leftleg1","tints":[{"default":-1,"type":"minecraft:dye"}],"type":"minecraft:model"},"threshold":271},{"model":{"model":"modelengine:iron-creeplord_diamond/rightleg1","tints":[{"default":-1,"type":"minecraft:dye"}],"type":"minecraft:model"},"threshold":272},{"model":{"model":"modelengine:iron-creeplord_diamond/body/2","tints":[{"default":-1,"type":"minecraft:dye"}],"type":"minecraft:model"},"threshold":273},{"model":{"model":"modelengine:iron-creeplord_diamond/body","tints":[{"default":-1,"type":"minecraft:dye"}],"type":"minecraft:model"},"threshold":274},{"model":{"model":"modelengine:iron-creeplord_diamond/body/1","tints":[{"default":-1,"type":"minecraft:dye"}],"type":"minecraft:model"},"threshold":275},{"model":{"model":"modelengine:iron-creeplord_diamond/leftleg4","tints":[{"default":-1,"type":"minecraft:dye"}],"type":"minecraft:model"},"threshold":276},{"model":{"model":"modelengine:iron-creeplord_diamond/bone2","tints":[{"default":-1,"type":"minecraft:dye"}],"type":"minecraft:model"},"threshold":277},{"model":{"model":"modelengine:iron-creeplord_diamond/leg_4","tints":[{"default":-1,"type":"minecraft:dye"}],"type":"minecraft:model"},"threshold":278},{"model":{"model":"modelengine:iron-creeplord_diamond/bone3","tints":[{"default":-1,"type":"minecraft:dye"}],"type":"minecraft:model"},"threshold":279},{"model":{"model":"modelengine:iron-creeplord_diamond/bone","tints":[{"default":-1,"type":"minecraft:dye"}],"type":"minecraft:model"},"threshold":280},{"model":{"model":"modelengine:iron-creeplord_gold/head","tints":[{"default":-1,"type":"minecraft:dye"}],"type":"minecraft:model"},"threshold":281},{"model":{"model":"modelengine:iron-creeplord_gold/rightleg4","tints":[{"default":-1,"type":"minecraft:dye"}],"type":"minecraft:model"},"threshold":282},{"model":{"model":"modelengine:iron-creeplord_gold/leftleg1","tints":[{"default":-1,"type":"minecraft:dye"}],"type":"minecraft:model"},"threshold":283},{"model":{"model":"modelengine:iron-creeplord_gold/rightleg1","tints":[{"default":-1,"type":"minecraft:dye"}],"type":"minecraft:model"},"threshold":284},{"model":{"model":"modelengine:iron-creeplord_gold/body","tints":[{"default":-1,"type":"minecraft:dye"}],"type":"minecraft:model"},"threshold":285},{"model":{"model":"modelengine:iron-creeplord_gold/body/1","tints":[{"default":-1,"type":"minecraft:dye"}],"type":"minecraft:model"},"threshold":286},{"model":{"model":"modelengine:iron-creeplord_gold/body/2","tints":[{"default":-1,"type":"minecraft:dye"}],"type":"minecraft:model"},"threshold":287},{"model":{"model":"modelengine:iron-creeplord_gold/leftleg4","tints":[{"default":-1,"type":"minecraft:dye"}],"type":"minecraft:model"},"threshold":288},{"model":{"model":"modelengine:iron-creeplord_gold/bone2","tints":[{"default":-1,"type":"minecraft:dye"}],"type":"minecraft:model"},"threshold":289},{"model":{"model":"modelengine:iron-creeplord_gold/leg_4","tints":[{"default":-1,"type":"minecraft:dye"}],"type":"minecraft:model"},"threshold":290},{"model":{"model":"modelengine:iron-creeplord_gold/bone3","tints":[{"default":-1,"type":"minecraft:dye"}],"type":"minecraft:model"},"threshold":291},{"model":{"model":"modelengine:iron-creeplord_gold/bone","tints":[{"default":-1,"type":"minecraft:dye"}],"type":"minecraft:model"},"threshold":292},{"model":{"model":"modelengine:lavasquito/head","tints":[{"default":-1,"type":"minecraft:dye"}],"type":"minecraft:model"},"threshold":293},{"model":{"model":"modelengine:lavasquito/head/1","tints":[{"default":-1,"type":"minecraft:dye"}],"type":"minecraft:model"},"threshold":294},{"model":{"model":"modelengine:lavasquito/left_wing","tints":[{"default":-1,"type":"minecraft:dye"}],"type":"minecraft:model"},"threshold":295},{"model":{"model":"modelengine:lavasquito/body/1","tints":[{"default":-1,"type":"minecraft:dye"}],"type":"minecraft:model"},"threshold":296},{"model":{"model":"modelengine:lavasquito/body","tints":[{"default":-1,"type":"minecraft:dye"}],"type":"minecraft:model"},"threshold":297},{"model":{"model":"modelengine:lavasquito/body/2","tints":[{"default":-1,"type":"minecraft:dye"}],"type":"minecraft:model"},"threshold":298},{"model":{"model":"modelengine:lavasquito/feet","tints":[{"default":-1,"type":"minecraft:dye"}],"type":"minecraft:model"},"threshold":299},{"model":{"model":"modelengine:lavasquito/right_wing/1","tints":[{"default":-1,"type":"minecraft:dye"}],"type":"minecraft:model"},"threshold":300},{"model":{"model":"modelengine:lavasquito/right_wing","tints":[{"default":-1,"type":"minecraft:dye"}],"type":"minecraft:model"},"threshold":301},{"model":{"model":"modelengine:lavasquito/outer_left_wing","tints":[{"default":-1,"type":"minecraft:dye"}],"type":"minecraft:model"},"threshold":302},{"model":{"model":"modelengine:lavasquito/outer_right_wing","tints":[{"default":-1,"type":"minecraft:dye"}],"type":"minecraft:model"},"threshold":303},{"model":{"model":"modelengine:lavasquito_rb/head","tints":[{"default":-1,"type":"minecraft:dye"}],"type":"minecraft:model"},"threshold":304},{"model":{"model":"modelengine:lavasquito_rb/head/1","tints":[{"default":-1,"type":"minecraft:dye"}],"type":"minecraft:model"},"threshold":305},{"model":{"model":"modelengine:pigshroom_gold/head/1","tints":[{"default":-1,"type":"minecraft:dye"}],"type":"minecraft:model"},"threshold":306},{"model":{"model":"modelengine:pigshroom_gold/head","tints":[{"default":-1,"type":"minecraft:dye"}],"type":"minecraft:model"},"threshold":307},{"model":{"model":"modelengine:lavasquito_rb/left_wing","tints":[{"default":-1,"type":"minecraft:dye"}],"type":"minecraft:model"},"threshold":308},{"model":{"model":"modelengine:pigshroom_gold/leg3","tints":[{"default":-1,"type":"minecraft:dye"}],"type":"minecraft:model"},"threshold":309},{"model":{"model":"modelengine:lavasquito_rb/body/1","tints":[{"default":-1,"type":"minecraft:dye"}],"type":"minecraft:model"},"threshold":310},{"model":{"model":"modelengine:lavasquito_rb/body/2","tints":[{"default":-1,"type":"minecraft:dye"}],"type":"minecraft:model"},"threshold":311},{"model":{"model":"modelengine:lavasquito_rb/body","tints":[{"default":-1,"type":"minecraft:dye"}],"type":"minecraft:model"},"threshold":312},{"model":{"model":"modelengine:pigshroom_gold/leg4","tints":[{"default":-1,"type":"minecraft:dye"}],"type":"minecraft:model"},"threshold":313},{"model":{"model":"modelengine:lavasquito_rb/feet","tints":[{"default":-1,"type":"minecraft:dye"}],"type":"minecraft:model"},"threshold":314},{"model":{"model":"modelengine:pigshroom_gold/body","tints":[{"default":-1,"type":"minecraft:dye"}],"type":"minecraft:model"},"threshold":315},{"model":{"model":"modelengine:pigshroom_gold/body/1","tints":[{"default":-1,"type":"minecraft:dye"}],"type":"minecraft:model"},"threshold":316},{"model":{"model":"modelengine:lavasquito_rb/right_wing","tints":[{"default":-1,"type":"minecraft:dye"}],"type":"minecraft:model"},"threshold":317},{"model":{"model":"modelengine:lavasquito_rb/right_wing/1","tints":[{"default":-1,"type":"minecraft:dye"}],"type":"minecraft:model"},"threshold":318},{"model":{"model":"modelengine:pigshroom_gold/leg1","tints":[{"default":-1,"type":"minecraft:dye"}],"type":"minecraft:model"},"threshold":319},{"model":{"model":"modelengine:lavasquito_rb/outer_left_wing","tints":[{"default":-1,"type":"minecraft:dye"}],"type":"minecraft:model"},"threshold":320},{"model":{"model":"modelengine:pigshroom_gold/leg2","tints":[{"default":-1,"type":"minecraft:dye"}],"type":"minecraft:model"},"threshold":321},{"model":{"model":"modelengine:lavasquito_rb/outer_right_wing","tints":[{"default":-1,"type":"minecraft:dye"}],"type":"minecraft:model"},"threshold":322},{"model":{"model":"modelengine:pigshroom_rb/head/1","tints":[{"default":-1,"type":"minecraft:dye"}],"type":"minecraft:model"},"threshold":323},{"model":{"model":"modelengine:pigshroom_rb/head","tints":[{"default":-1,"type":"minecraft:dye"}],"type":"minecraft:model"},"threshold":324},{"model":{"model":"modelengine:pigshroom_rb/leg3","tints":[{"default":-1,"type":"minecraft:dye"}],"type":"minecraft:model"},"threshold":325},{"model":{"model":"modelengine:pigshroom_rb/leg4","tints":[{"default":-1,"type":"minecraft:dye"}],"type":"minecraft:model"},"threshold":326},{"model":{"model":"modelengine:pigshroom_rb/body/1","tints":[{"default":-1,"type":"minecraft:dye"}],"type":"minecraft:model"},"threshold":327},{"model":{"model":"modelengine:pigshroom_rb/body","tints":[{"default":-1,"type":"minecraft:dye"}],"type":"minecraft:model"},"threshold":328},{"model":{"model":"modelengine:pigshroom_rb/leg1","tints":[{"default":-1,"type":"minecraft:dye"}],"type":"minecraft:model"},"threshold":329},{"model":{"model":"modelengine:pigshroom_rb/leg2","tints":[{"default":-1,"type":"minecraft:dye"}],"type":"minecraft:model"},"threshold":330},{"model":{"model":"modelengine:slimerine/body","tints":[{"default":-1,"type":"minecraft:dye"}],"type":"minecraft:model"},"threshold":331},{"model":{"model":"modelengine:lavasquito_diamond/head","tints":[{"default":-1,"type":"minecraft:dye"}],"type":"minecraft:model"},"threshold":332},{"model":{"model":"modelengine:lavasquito_diamond/head/1","tints":[{"default":-1,"type":"minecraft:dye"}],"type":"minecraft:model"},"threshold":333},{"model":{"model":"modelengine:snowlker_diamond/left_hand","tints":[{"default":-1,"type":"minecraft:dye"}],"type":"minecraft:model"},"threshold":334},{"model":{"model":"modelengine:pigshroom_diamond/body/1","tints":[{"default":-1,"type":"minecraft:dye"}],"type":"minecraft:model"},"threshold":335},{"model":{"model":"modelengine:lavasquito_diamond/left_wing","tints":[{"default":-1,"type":"minecraft:dye"}],"type":"minecraft:model"},"threshold":336},{"model":{"model":"modelengine:pigshroom_diamond/body","tints":[{"default":-1,"type":"minecraft:dye"}],"type":"minecraft:model"},"threshold":337},{"model":{"model":"modelengine:lavasquito_diamond/body/1","tints":[{"default":-1,"type":"minecraft:dye"}],"type":"minecraft:model"},"threshold":338},{"model":{"model":"modelengine:lavasquito_diamond/body/2","tints":[{"default":-1,"type":"minecraft:dye"}],"type":"minecraft:model"},"threshold":339},{"model":{"model":"modelengine:lavasquito_diamond/body","tints":[{"default":-1,"type":"minecraft:dye"}],"type":"minecraft:model"},"threshold":340},{"model":{"model":"modelengine:pigshroom_diamond/leg4","tints":[{"default":-1,"type":"minecraft:dye"}],"type":"minecraft:model"},"threshold":341},{"model":{"model":"modelengine:lavasquito_diamond/feet","tints":[{"default":-1,"type":"minecraft:dye"}],"type":"minecraft:model"},"threshold":342},{"model":{"model":"modelengine:ghastmare_diamond/rightwing","tints":[{"default":-1,"type":"minecraft:dye"}],"type":"minecraft:model"},"threshold":343},{"model":{"model":"modelengine:snowlker_diamond/body_bottom","tints":[{"default":-1,"type":"minecraft:dye"}],"type":"minecraft:model"},"threshold":344},{"model":{"model":"modelengine:pigshroom_diamond/leg3","tints":[{"default":-1,"type":"minecraft:dye"}],"type":"minecraft:model"},"threshold":345},{"model":{"model":"modelengine:pigshroom_diamond/head/1","tints":[{"default":-1,"type":"minecraft:dye"}],"type":"minecraft:model"},"threshold":346},{"model":{"model":"modelengine:lavasquito_diamond/right_wing","tints":[{"default":-1,"type":"minecraft:dye"}],"type":"minecraft:model"},"threshold":347},{"model":{"model":"modelengine:lavasquito_diamond/right_wing/1","tints":[{"default":-1,"type":"minecraft:dye"}],"type":"minecraft:model"},"threshold":348},{"model":{"model":"modelengine:lavasquito_diamond/outer_left_wing","tints":[{"default":-1,"type":"minecraft:dye"}],"type":"minecraft:model"},"threshold":349},{"model":{"model":"modelengine:lavasquito_diamond/outer_right_wing","tints":[{"default":-1,"type":"minecraft:dye"}],"type":"minecraft:model"},"threshold":350},{"model":{"model":"modelengine:slimerine/tail","tints":[{"default":-1,"type":"minecraft:dye"}],"type":"minecraft:model"},"threshold":351},{"model":{"model":"modelengine:slimerine/head","tints":[{"default":-1,"type":"minecraft:dye"}],"type":"minecraft:model"},"threshold":352},{"model":{"model":"modelengine:slimerine/right_fin","tints":[{"default":-1,"type":"minecraft:dye"}],"type":"minecraft:model"},"threshold":353},{"model":{"model":"modelengine:slimerine/left_fin","tints":[{"default":-1,"type":"minecraft:dye"}],"type":"minecraft:model"},"threshold":354},{"model":{"model":"modelengine:slimerine/back_fin","tints":[{"default":-1,"type":"minecraft:dye"}],"type":"minecraft:model"},"threshold":355},{"model":{"model":"modelengine:slimerine/tail_fin","tints":[{"default":-1,"type":"minecraft:dye"}],"type":"minecraft:model"},"threshold":356},{"model":{"model":"modelengine:lavasquito_gold/head","tints":[{"default":-1,"type":"minecraft:dye"}],"type":"minecraft:model"},"threshold":357},{"model":{"model":"modelengine:lavasquito_gold/head/1","tints":[{"default":-1,"type":"minecraft:dye"}],"type":"minecraft:model"},"threshold":358},{"model":{"model":"modelengine:lavasquito_gold/left_wing","tints":[{"default":-1,"type":"minecraft:dye"}],"type":"minecraft:model"},"threshold":359},{"model":{"model":"modelengine:lavasquito_gold/body","tints":[{"default":-1,"type":"minecraft:dye"}],"type":"minecraft:model"},"threshold":360},{"model":{"model":"modelengine:lavasquito_gold/body/1","tints":[{"default":-1,"type":"minecraft:dye"}],"type":"minecraft:model"},"threshold":361},{"model":{"model":"modelengine:lavasquito_gold/body/2","tints":[{"default":-1,"type":"minecraft:dye"}],"type":"minecraft:model"},"threshold":362},{"model":{"model":"modelengine:lavasquito_gold/feet","tints":[{"default":-1,"type":"minecraft:dye"}],"type":"minecraft:model"},"threshold":363},{"model":{"model":"modelengine:lavasquito_gold/right_wing","tints":[{"default":-1,"type":"minecraft:dye"}],"type":"minecraft:model"},"threshold":364},{"model":{"model":"modelengine:lavasquito_gold/right_wing/1","tints":[{"default":-1,"type":"minecraft:dye"}],"type":"minecraft:model"},"threshold":365},{"model":{"model":"modelengine:lavasquito_gold/outer_left_wing","tints":[{"default":-1,"type":"minecraft:dye"}],"type":"minecraft:model"},"threshold":366},{"model":{"model":"modelengine:lavasquito_gold/outer_right_wing","tints":[{"default":-1,"type":"minecraft:dye"}],"type":"minecraft:model"},"threshold":367},{"model":{"model":"modelengine:iron-creeplord_rb/head","tints":[{"default":-1,"type":"minecraft:dye"}],"type":"minecraft:model"},"threshold":368},{"model":{"model":"modelengine:iron-creeplord_rb/rightleg4","tints":[{"default":-1,"type":"minecraft:dye"}],"type":"minecraft:model"},"threshold":369},{"model":{"model":"modelengine:iron-creeplord_rb/leftleg1","tints":[{"default":-1,"type":"minecraft:dye"}],"type":"minecraft:model"},"threshold":370},{"model":{"model":"modelengine:iron-creeplord_rb/rightleg1","tints":[{"default":-1,"type":"minecraft:dye"}],"type":"minecraft:model"},"threshold":371},{"model":{"model":"modelengine:iron-creeplord_rb/body/2","tints":[{"default":-1,"type":"minecraft:dye"}],"type":"minecraft:model"},"threshold":372},{"model":{"model":"modelengine:iron-creeplord_rb/body/1","tints":[{"default":-1,"type":"minecraft:dye"}],"type":"minecraft:model"},"threshold":373},{"model":{"model":"modelengine:iron-creeplord_rb/body","tints":[{"default":-1,"type":"minecraft:dye"}],"type":"minecraft:model"},"threshold":374},{"model":{"model":"modelengine:iron-creeplord_rb/leftleg4","tints":[{"default":-1,"type":"minecraft:dye"}],"type":"minecraft:model"},"threshold":375},{"model":{"model":"modelengine:iron-creeplord_rb/bone2","tints":[{"default":-1,"type":"minecraft:dye"}],"type":"minecraft:model"},"threshold":376},{"model":{"model":"modelengine:iron-creeplord_rb/leg_4","tints":[{"default":-1,"type":"minecraft:dye"}],"type":"minecraft:model"},"threshold":377},{"model":{"model":"modelengine:iron-creeplord_rb/bone3","tints":[{"default":-1,"type":"minecraft:dye"}],"type":"minecraft:model"},"threshold":378},{"model":{"model":"modelengine:iron-creeplord_rb/bone","tints":[{"default":-1,"type":"minecraft:dye"}],"type":"minecraft:model"},"threshold":379},{"model":{"model":"modelengine:pigshroom/head/1","tints":[{"default":-1,"type":"minecraft:dye"}],"type":"minecraft:model"},"threshold":380},{"model":{"model":"modelengine:pigshroom/head","tints":[{"default":-1,"type":"minecraft:dye"}],"type":"minecraft:model"},"threshold":381},{"model":{"model":"modelengine:pigshroom/leg3","tints":[{"default":-1,"type":"minecraft:dye"}],"type":"minecraft:model"},"threshold":382},{"model":{"model":"modelengine:pigshroom/leg4","tints":[{"default":-1,"type":"minecraft:dye"}],"type":"minecraft:model"},"threshold":383},{"model":{"model":"modelengine:pigshroom/body/1","tints":[{"default":-1,"type":"minecraft:dye"}],"type":"minecraft:model"},"threshold":384},{"model":{"model":"modelengine:pigshroom/body","tints":[{"default":-1,"type":"minecraft:dye"}],"type":"minecraft:model"},"threshold":385},{"model":{"model":"modelengine:pigshroom/leg1","tints":[{"default":-1,"type":"minecraft:dye"}],"type":"minecraft:model"},"threshold":386},{"model":{"model":"modelengine:pigshroom/leg2","tints":[{"default":-1,"type":"minecraft:dye"}],"type":"minecraft:model"},"threshold":387},{"model":{"model":"modelengine:slimerine_diamond/body","tints":[{"default":-1,"type":"minecraft:dye"}],"type":"minecraft:model"},"threshold":388},{"model":{"model":"modelengine:slimerine_diamond/tail","tints":[{"default":-1,"type":"minecraft:dye"}],"type":"minecraft:model"},"threshold":389},{"model":{"model":"modelengine:slimerine_diamond/head","tints":[{"default":-1,"type":"minecraft:dye"}],"type":"minecraft:model"},"threshold":390},{"model":{"model":"modelengine:slimerine_diamond/right_fin","tints":[{"default":-1,"type":"minecraft:dye"}],"type":"minecraft:model"},"threshold":391},{"model":{"model":"modelengine:slimerine_diamond/left_fin","tints":[{"default":-1,"type":"minecraft:dye"}],"type":"minecraft:model"},"threshold":392},{"model":{"model":"modelengine:slimerine_diamond/back_fin","tints":[{"default":-1,"type":"minecraft:dye"}],"type":"minecraft:model"},"threshold":393},{"model":{"model":"modelengine:slimerine_diamond/tail_fin","tints":[{"default":-1,"type":"minecraft:dye"}],"type":"minecraft:model"},"threshold":394},{"model":{"model":"modelengine:slimerine_gold/body","tints":[{"default":-1,"type":"minecraft:dye"}],"type":"minecraft:model"},"threshold":395},{"model":{"model":"modelengine:slimerine_gold/tail","tints":[{"default":-1,"type":"minecraft:dye"}],"type":"minecraft:model"},"threshold":396},{"model":{"model":"modelengine:slimerine_gold/head","tints":[{"default":-1,"type":"minecraft:dye"}],"type":"minecraft:model"},"threshold":397},{"model":{"model":"modelengine:slimerine_gold/right_fin","tints":[{"default":-1,"type":"minecraft:dye"}],"type":"minecraft:model"},"threshold":398},{"model":{"model":"modelengine:slimerine_rainbow/body","tints":[{"default":-1,"type":"minecraft:dye"}],"type":"minecraft:model"},"threshold":399},{"model":{"model":"modelengine:slimerine_gold/left_fin","tints":[{"default":-1,"type":"minecraft:dye"}],"type":"minecraft:model"},"threshold":400},{"model":{"model":"modelengine:slimerine_gold/back_fin","tints":[{"default":-1,"type":"minecraft:dye"}],"type":"minecraft:model"},"threshold":401},{"model":{"model":"modelengine:slimerine_rainbow/tail","tints":[{"default":-1,"type":"minecraft:dye"}],"type":"minecraft:model"},"threshold":402},{"model":{"model":"modelengine:slimerine_gold/tail_fin","tints":[{"default":-1,"type":"minecraft:dye"}],"type":"minecraft:model"},"threshold":403},{"model":{"model":"modelengine:slimerine_rainbow/head","tints":[{"default":-1,"type":"minecraft:dye"}],"type":"minecraft:model"},"threshold":404},{"model":{"model":"modelengine:slimerine_rainbow/right_fin","tints":[{"default":-1,"type":"minecraft:dye"}],"type":"minecraft:model"},"threshold":405},{"model":{"model":"modelengine:slimerine_rainbow/left_fin","tints":[{"default":-1,"type":"minecraft:dye"}],"type":"minecraft:model"},"threshold":406},{"model":{"model":"modelengine:slimerine_rainbow/back_fin","tints":[{"default":-1,"type":"minecraft:dye"}],"type":"minecraft:model"},"threshold":407},{"model":{"model":"modelengine:slimerine_rainbow/tail_fin","tints":[{"default":-1,"type":"minecraft:dye"}],"type":"minecraft:model"},"threshold":408},{"model":{"model":"modelengine:snowlker/right_hand/2","tints":[{"default":-1,"type":"minecraft:dye"}],"type":"minecraft:model"},"threshold":409},{"model":{"model":"modelengine:snowlker/right_hand","tints":[{"default":-1,"type":"minecraft:dye"}],"type":"minecraft:model"},"threshold":410},{"model":{"model":"modelengine:snowlker/right_hand/1","tints":[{"default":-1,"type":"minecraft:dye"}],"type":"minecraft:model"},"threshold":411},{"model":{"model":"modelengine:snowlker_diamond/head","tints":[{"default":-1,"type":"minecraft:dye"}],"type":"minecraft:model"},"threshold":412},{"model":{"model":"modelengine:ghastmare_diamond/smallrightwing","tints":[{"default":-1,"type":"minecraft:dye"}],"type":"minecraft:model"},"threshold":413},{"model":{"model":"modelengine:ghastmare_diamond/leftwing","tints":[{"default":-1,"type":"minecraft:dye"}],"type":"minecraft:model"},"threshold":414},{"model":{"model":"modelengine:snowlker/body","tints":[{"default":-1,"type":"minecraft:dye"}],"type":"minecraft:model"},"threshold":415},{"model":{"model":"modelengine:snowlker_diamond/body","tints":[{"default":-1,"type":"minecraft:dye"}],"type":"minecraft:model"},"threshold":416},{"model":{"model":"modelengine:snowlker/head","tints":[{"default":-1,"type":"minecraft:dye"}],"type":"minecraft:model"},"threshold":417},{"model":{"model":"modelengine:snowlker_diamond/right_hand","tints":[{"default":-1,"type":"minecraft:dye"}],"type":"minecraft:model"},"threshold":418},{"model":{"model":"modelengine:snowlker/body_bottom","tints":[{"default":-1,"type":"minecraft:dye"}],"type":"minecraft:model"},"threshold":419},{"model":{"model":"modelengine:snowlker_diamond/ender_snowball","tints":[{"default":-1,"type":"minecraft:dye"}],"type":"minecraft:model"},"threshold":420},{"model":{"model":"modelengine:snowlker_rb/right_hand/1","tints":[{"default":-1,"type":"minecraft:dye"}],"type":"minecraft:model"},"threshold":421},{"model":{"model":"modelengine:snowlker_rb/right_hand","tints":[{"default":-1,"type":"minecraft:dye"}],"type":"minecraft:model"},"threshold":422},{"model":{"model":"modelengine:snowlker_rb/right_hand/2","tints":[{"default":-1,"type":"minecraft:dye"}],"type":"minecraft:model"},"threshold":423},{"model":{"model":"modelengine:ghastmare_diamond/smalllowerleftwing","tints":[{"default":-1,"type":"minecraft:dye"}],"type":"minecraft:model"},"threshold":424},{"model":{"model":"modelengine:snowlker/left_hand","tints":[{"default":-1,"type":"minecraft:dye"}],"type":"minecraft:model"},"threshold":425},{"model":{"model":"modelengine:snowlker_gold/right_hand","tints":[{"default":-1,"type":"minecraft:dye"}],"type":"minecraft:model"},"threshold":426},{"model":{"model":"modelengine:snowlker_gold/right_hand/2","tints":[{"default":-1,"type":"minecraft:dye"}],"type":"minecraft:model"},"threshold":427},{"model":{"model":"modelengine:snowlker_gold/right_hand/1","tints":[{"default":-1,"type":"minecraft:dye"}],"type":"minecraft:model"},"threshold":428},{"model":{"model":"modelengine:pigshroom_diamond/leg2","tints":[{"default":-1,"type":"minecraft:dye"}],"type":"minecraft:model"},"threshold":429},{"model":{"model":"modelengine:snowlker_rb/body","tints":[{"default":-1,"type":"minecraft:dye"}],"type":"minecraft:model"},"threshold":430},{"model":{"model":"modelengine:snowlker_gold/body","tints":[{"default":-1,"type":"minecraft:dye"}],"type":"minecraft:model"},"threshold":431},{"model":{"model":"modelengine:snowlker_rb/head","tints":[{"default":-1,"type":"minecraft:dye"}],"type":"minecraft:model"},"threshold":432},{"model":{"model":"modelengine:snowlker_gold/head","tints":[{"default":-1,"type":"minecraft:dye"}],"type":"minecraft:model"},"threshold":433},{"model":{"model":"modelengine:snowlker_gold/body_bottom","tints":[{"default":-1,"type":"minecraft:dye"}],"type":"minecraft:model"},"threshold":434},{"model":{"model":"modelengine:snowlker_rb/body_bottom","tints":[{"default":-1,"type":"minecraft:dye"}],"type":"minecraft:model"},"threshold":435},{"model":{"model":"modelengine:snowlker_gold/left_hand","tints":[{"default":-1,"type":"minecraft:dye"}],"type":"minecraft:model"},"threshold":436},{"model":{"model":"modelengine:snowlker_rb/left_hand","tints":[{"default":-1,"type":"minecraft:dye"}],"type":"minecraft:model"},"threshold":437},{"model":{"model":"modelengine:snowlker_gold/ender_snowball","tints":[{"default":-1,"type":"minecraft:dye"}],"type":"minecraft:model"},"threshold":438},{"model":{"model":"modelengine:snowlker_rb/ender_snowball","tints":[{"default":-1,"type":"minecraft:dye"}],"type":"minecraft:model"},"threshold":439},{"model":{"model":"modelengine:snowlker/ender_snowball","tints":[{"default":-1,"type":"minecraft:dye"}],"type":"minecraft:model"},"threshold":440},{"model":{"model":"modelengine:spidermander/body","tints":[{"default":-1,"type":"minecraft:dye"}],"type":"minecraft:model"},"threshold":441},{"model":{"model":"modelengine:spidermander/rightleg4","tints":[{"default":-1,"type":"minecraft:dye"}],"type":"minecraft:model"},"threshold":442},{"model":{"model":"modelengine:spidermander/rightleg3","tints":[{"default":-1,"type":"minecraft:dye"}],"type":"minecraft:model"},"threshold":443},{"model":{"model":"modelengine:spidermander/leftleg3","tints":[{"default":-1,"type":"minecraft:dye"}],"type":"minecraft:model"},"threshold":444},{"model":{"model":"modelengine:spidermander/leftleg4","tints":[{"default":-1,"type":"minecraft:dye"}],"type":"minecraft:model"},"threshold":445},{"model":{"model":"modelengine:spidermander/head","tints":[{"default":-1,"type":"minecraft:dye"}],"type":"minecraft:model"},"threshold":446},{"model":{"model":"modelengine:spidermander/rightleg2","tints":[{"default":-1,"type":"minecraft:dye"}],"type":"minecraft:model"},"threshold":447},{"model":{"model":"modelengine:spidermander/neck","tints":[{"default":-1,"type":"minecraft:dye"}],"type":"minecraft:model"},"threshold":448},{"model":{"model":"modelengine:spidermander/leftleg2","tints":[{"default":-1,"type":"minecraft:dye"}],"type":"minecraft:model"},"threshold":449},{"model":{"model":"modelengine:spidermander/rightleg1","tints":[{"default":-1,"type":"minecraft:dye"}],"type":"minecraft:model"},"threshold":450},{"model":{"model":"modelengine:spidermander/leftleg1","tints":[{"default":-1,"type":"minecraft:dye"}],"type":"minecraft:model"},"threshold":451},{"model":{"model":"modelengine:spidermander_gold/body","tints":[{"default":-1,"type":"minecraft:dye"}],"type":"minecraft:model"},"threshold":452},{"model":{"model":"modelengine:spidermander_gold/rightleg4","tints":[{"default":-1,"type":"minecraft:dye"}],"type":"minecraft:model"},"threshold":453},{"model":{"model":"modelengine:spidermander_gold/rightleg3","tints":[{"default":-1,"type":"minecraft:dye"}],"type":"minecraft:model"},"threshold":454},{"model":{"model":"modelengine:spidermander_gold/leftleg3","tints":[{"default":-1,"type":"minecraft:dye"}],"type":"minecraft:model"},"threshold":455},{"model":{"model":"modelengine:spidermander_gold/leftleg4","tints":[{"default":-1,"type":"minecraft:dye"}],"type":"minecraft:model"},"threshold":456},{"model":{"model":"modelengine:spidermander_gold/head","tints":[{"default":-1,"type":"minecraft:dye"}],"type":"minecraft:model"},"threshold":457},{"model":{"model":"modelengine:spidermander_gold/rightleg2","tints":[{"default":-1,"type":"minecraft:dye"}],"type":"minecraft:model"},"threshold":458},{"model":{"model":"modelengine:spidermander_gold/neck","tints":[{"default":-1,"type":"minecraft:dye"}],"type":"minecraft:model"},"threshold":459},{"model":{"model":"modelengine:spidermander_gold/leftleg2","tints":[{"default":-1,"type":"minecraft:dye"}],"type":"minecraft:model"},"threshold":460},{"model":{"model":"modelengine:spidermander_gold/rightleg1","tints":[{"default":-1,"type":"minecraft:dye"}],"type":"minecraft:model"},"threshold":461},{"model":{"model":"modelengine:spidermander_gold/leftleg1","tints":[{"default":-1,"type":"minecraft:dye"}],"type":"minecraft:model"},"threshold":462},{"model":{"model":"modelengine:villabomination_diamond/body","tints":[{"default":-1,"type":"minecraft:dye"}],"type":"minecraft:model"},"threshold":463},{"model":{"model":"modelengine:villabomination_diamond/left_leg","tints":[{"default":-1,"type":"minecraft:dye"}],"type":"minecraft:model"},"threshold":464},{"model":{"model":"modelengine:villabomination_diamond/right_leg","tints":[{"default":-1,"type":"minecraft:dye"}],"type":"minecraft:model"},"threshold":465},{"model":{"model":"modelengine:spidermander_diamond/body","tints":[{"default":-1,"type":"minecraft:dye"}],"type":"minecraft:model"},"threshold":466},{"model":{"model":"modelengine:villabomination_diamond/head2","tints":[{"default":-1,"type":"minecraft:dye"}],"type":"minecraft:model"},"threshold":467},{"model":{"model":"modelengine:villabomination_diamond/arms_rotation","tints":[{"default":-1,"type":"minecraft:dye"}],"type":"minecraft:model"},"threshold":468},{"model":{"model":"modelengine:spidermander_diamond/rightleg4","tints":[{"default":-1,"type":"minecraft:dye"}],"type":"minecraft:model"},"threshold":469},{"model":{"model":"modelengine:villabomination_diamond/horns","tints":[{"default":-1,"type":"minecraft:dye"}],"type":"minecraft:model"},"threshold":470},{"model":{"model":"modelengine:spidermander_diamond/rightleg3","tints":[{"default":-1,"type":"minecraft:dye"}],"type":"minecraft:model"},"threshold":471},{"model":{"model":"modelengine:villabomination_diamond/jaw","tints":[{"default":-1,"type":"minecraft:dye"}],"type":"minecraft:model"},"threshold":472},{"model":{"model":"modelengine:spidermander_diamond/leftleg3","tints":[{"default":-1,"type":"minecraft:dye"}],"type":"minecraft:model"},"threshold":473},{"model":{"model":"modelengine:villabomination_diamond/arms_flipped","tints":[{"default":-1,"type":"minecraft:dye"}],"type":"minecraft:model"},"threshold":474},{"model":{"model":"modelengine:spidermander_diamond/leftleg4","tints":[{"default":-1,"type":"minecraft:dye"}],"type":"minecraft:model"},"threshold":475},{"model":{"model":"modelengine:villabomination_diamond/left_horn","tints":[{"default":-1,"type":"minecraft:dye"}],"type":"minecraft:model"},"threshold":476},{"model":{"model":"modelengine:villabomination/body","tints":[{"default":-1,"type":"minecraft:dye"}],"type":"minecraft:model"},"threshold":477},{"model":{"model":"modelengine:spidermander_diamond/head","tints":[{"default":-1,"type":"minecraft:dye"}],"type":"minecraft:model"},"threshold":478},{"model":{"model":"modelengine:villabomination/left_leg","tints":[{"default":-1,"type":"minecraft:dye"}],"type":"minecraft:model"},"threshold":479},{"model":{"model":"modelengine:spidermander_diamond/rightleg2","tints":[{"default":-1,"type":"minecraft:dye"}],"type":"minecraft:model"},"threshold":480},{"model":{"model":"modelengine:villabomination/right_leg","tints":[{"default":-1,"type":"minecraft:dye"}],"type":"minecraft:model"},"threshold":481},{"model":{"model":"modelengine:spidermander_diamond/neck","tints":[{"default":-1,"type":"minecraft:dye"}],"type":"minecraft:model"},"threshold":482},{"model":{"model":"modelengine:villabomination/head2","tints":[{"default":-1,"type":"minecraft:dye"}],"type":"minecraft:model"},"threshold":483},{"model":{"model":"modelengine:spidermander_diamond/leftleg2","tints":[{"default":-1,"type":"minecraft:dye"}],"type":"minecraft:model"},"threshold":484},{"model":{"model":"modelengine:villabomination/arms_rotation","tints":[{"default":-1,"type":"minecraft:dye"}],"type":"minecraft:model"},"threshold":485},{"model":{"model":"modelengine:spidermander_diamond/rightleg1","tints":[{"default":-1,"type":"minecraft:dye"}],"type":"minecraft:model"},"threshold":486},{"model":{"model":"modelengine:villabomination/horns","tints":[{"default":-1,"type":"minecraft:dye"}],"type":"minecraft:model"},"threshold":487},{"model":{"model":"modelengine:spidermander_diamond/leftleg1","tints":[{"default":-1,"type":"minecraft:dye"}],"type":"minecraft:model"},"threshold":488},{"model":{"model":"modelengine:villabomination/jaw","tints":[{"default":-1,"type":"minecraft:dye"}],"type":"minecraft:model"},"threshold":489},{"model":{"model":"modelengine:villabomination/arms_flipped","tints":[{"default":-1,"type":"minecraft:dye"}],"type":"minecraft:model"},"threshold":490},{"model":{"model":"modelengine:villabomination/left_horn","tints":[{"default":-1,"type":"minecraft:dye"}],"type":"minecraft:model"},"threshold":491},{"model":{"model":"modelengine:withermite/main","tints":[{"default":-1,"type":"minecraft:dye"}],"type":"minecraft:model"},"threshold":492},{"model":{"model":"modelengine:withermite/body","tints":[{"default":-1,"type":"minecraft:dye"}],"type":"minecraft:model"},"threshold":493},{"model":{"model":"modelengine:withermite/body3","tints":[{"default":-1,"type":"minecraft:dye"}],"type":"minecraft:model"},"threshold":494},{"model":{"model":"modelengine:withermite_gold/main","tints":[{"default":-1,"type":"minecraft:dye"}],"type":"minecraft:model"},"threshold":495},{"model":{"model":"modelengine:withermite_gold/body","tints":[{"default":-1,"type":"minecraft:dye"}],"type":"minecraft:model"},"threshold":496},{"model":{"model":"modelengine:withermite_gold/body3","tints":[{"default":-1,"type":"minecraft:dye"}],"type":"minecraft:model"},"threshold":497},{"model":{"model":"modelengine:withermite_diamond/main","tints":[{"default":-1,"type":"minecraft:dye"}],"type":"minecraft:model"},"threshold":498},{"model":{"model":"modelengine:withermite_diamond/body","tints":[{"default":-1,"type":"minecraft:dye"}],"type":"minecraft:model"},"threshold":499},{"model":{"model":"modelengine:withermite_diamond/body3","tints":[{"default":-1,"type":"minecraft:dye"}],"type":"minecraft:model"},"threshold":500},{"model":{"model":"modelengine:withermite_rb/main","tints":[{"default":-1,"type":"minecraft:dye"}],"type":"minecraft:model"},"threshold":501},{"model":{"model":"modelengine:withermite_rb/body","tints":[{"default":-1,"type":"minecraft:dye"}],"type":"minecraft:model"},"threshold":502},{"model":{"model":"modelengine:withermite_rb/body3","tints":[{"default":-1,"type":"minecraft:dye"}],"type":"minecraft:model"},"threshold":503},{"model":{"model":"modelengine:zombee_gold/body","tints":[{"default":-1,"type":"minecraft:dye"}],"type":"minecraft:model"},"threshold":504},{"model":{"model":"modelengine:zombee_gold/left_arm","tints":[{"default":-1,"type":"minecraft:dye"}],"type":"minecraft:model"},"threshold":505},{"model":{"model":"modelengine:zombee_gold/right_arm","tints":[{"default":-1,"type":"minecraft:dye"}],"type":"minecraft:model"},"threshold":506},{"model":{"model":"modelengine:zombee_gold/right_leg","tints":[{"default":-1,"type":"minecraft:dye"}],"type":"minecraft:model"},"threshold":507},{"model":{"model":"modelengine:zombee_gold/left_leg","tints":[{"default":-1,"type":"minecraft:dye"}],"type":"minecraft:model"},"threshold":508},{"model":{"model":"modelengine:zombee_gold/torso","tints":[{"default":-1,"type":"minecraft:dye"}],"type":"minecraft:model"},"threshold":509},{"model":{"model":"modelengine:zombee_gold/left_wing","tints":[{"default":-1,"type":"minecraft:dye"}],"type":"minecraft:model"},"threshold":510},{"model":{"model":"modelengine:zombee_gold/right_wing","tints":[{"default":-1,"type":"minecraft:dye"}],"type":"minecraft:model"},"threshold":511},{"model":{"model":"modelengine:zombee_rb/body","tints":[{"default":-1,"type":"minecraft:dye"}],"type":"minecraft:model"},"threshold":512},{"model":{"model":"modelengine:zombee_rb/left_arm","tints":[{"default":-1,"type":"minecraft:dye"}],"type":"minecraft:model"},"threshold":513},{"model":{"model":"modelengine:zombee_rb/right_arm","tints":[{"default":-1,"type":"minecraft:dye"}],"type":"minecraft:model"},"threshold":514},{"model":{"model":"modelengine:zombee_rb/right_leg","tints":[{"default":-1,"type":"minecraft:dye"}],"type":"minecraft:model"},"threshold":515},{"model":{"model":"modelengine:zombee_rb/left_leg","tints":[{"default":-1,"type":"minecraft:dye"}],"type":"minecraft:model"},"threshold":516},{"model":{"model":"modelengine:zombee_rb/torso","tints":[{"default":-1,"type":"minecraft:dye"}],"type":"minecraft:model"},"threshold":517},{"model":{"model":"modelengine:zombee_rb/left_wing","tints":[{"default":-1,"type":"minecraft:dye"}],"type":"minecraft:model"},"threshold":518},{"model":{"model":"modelengine:zombee_rb/right_wing","tints":[{"default":-1,"type":"minecraft:dye"}],"type":"minecraft:model"},"threshold":519},{"model":{"model":"modelengine:villabomination_rb/body","tints":[{"default":-1,"type":"minecraft:dye"}],"type":"minecraft:model"},"threshold":520},{"model":{"model":"modelengine:villabomination_rb/left_leg","tints":[{"default":-1,"type":"minecraft:dye"}],"type":"minecraft:model"},"threshold":521},{"model":{"model":"modelengine:villabomination_rb/right_leg","tints":[{"default":-1,"type":"minecraft:dye"}],"type":"minecraft:model"},"threshold":522},{"model":{"model":"modelengine:villabomination_rb/head2","tints":[{"default":-1,"type":"minecraft:dye"}],"type":"minecraft:model"},"threshold":523},{"model":{"model":"modelengine:villabomination_rb/arms_rotation","tints":[{"default":-1,"type":"minecraft:dye"}],"type":"minecraft:model"},"threshold":524},{"model":{"model":"modelengine:villabomination_rb/horns","tints":[{"default":-1,"type":"minecraft:dye"}],"type":"minecraft:model"},"threshold":525},{"model":{"model":"modelengine:villabomination_rb/jaw","tints":[{"default":-1,"type":"minecraft:dye"}],"type":"minecraft:model"},"threshold":526},{"model":{"model":"modelengine:villabomination_rb/arms_flipped","tints":[{"default":-1,"type":"minecraft:dye"}],"type":"minecraft:model"},"threshold":527},{"model":{"model":"modelengine:villabomination_rb/left_horn","tints":[{"default":-1,"type":"minecraft:dye"}],"type":"minecraft:model"},"threshold":528},{"model":{"model":"modelengine:villabomination_gold/body","tints":[{"default":-1,"type":"minecraft:dye"}],"type":"minecraft:model"},"threshold":529},{"model":{"model":"modelengine:villabomination_gold/left_leg","tints":[{"default":-1,"type":"minecraft:dye"}],"type":"minecraft:model"},"threshold":530},{"model":{"model":"modelengine:villabomination_gold/right_leg","tints":[{"default":-1,"type":"minecraft:dye"}],"type":"minecraft:model"},"threshold":531},{"model":{"model":"modelengine:villabomination_gold/head2","tints":[{"default":-1,"type":"minecraft:dye"}],"type":"minecraft:model"},"threshold":532},{"model":{"model":"modelengine:villabomination_gold/arms_rotation","tints":[{"default":-1,"type":"minecraft:dye"}],"type":"minecraft:model"},"threshold":533},{"model":{"model":"modelengine:villabomination_gold/horns","tints":[{"default":-1,"type":"minecraft:dye"}],"type":"minecraft:model"},"threshold":534},{"model":{"model":"modelengine:villabomination_gold/jaw","tints":[{"default":-1,"type":"minecraft:dye"}],"type":"minecraft:model"},"threshold":535},{"model":{"model":"modelengine:villabomination_gold/arms_flipped","tints":[{"default":-1,"type":"minecraft:dye"}],"type":"minecraft:model"},"threshold":536},{"model":{"model":"modelengine:villabomination_gold/left_horn","tints":[{"default":-1,"type":"minecraft:dye"}],"type":"minecraft:model"},"threshold":537},{"model":{"model":"modelengine:spidermander_rainbow/body","tints":[{"default":-1,"type":"minecraft:dye"}],"type":"minecraft:model"},"threshold":538},{"model":{"model":"modelengine:spidermander_rainbow/rightleg4","tints":[{"default":-1,"type":"minecraft:dye"}],"type":"minecraft:model"},"threshold":539},{"model":{"model":"modelengine:spidermander_rainbow/rightleg3","tints":[{"default":-1,"type":"minecraft:dye"}],"type":"minecraft:model"},"threshold":540},{"model":{"model":"modelengine:spidermander_rainbow/leftleg3","tints":[{"default":-1,"type":"minecraft:dye"}],"type":"minecraft:model"},"threshold":541},{"model":{"model":"modelengine:spidermander_rainbow/leftleg4","tints":[{"default":-1,"type":"minecraft:dye"}],"type":"minecraft:model"},"threshold":542},{"model":{"model":"modelengine:spidermander_rainbow/head","tints":[{"default":-1,"type":"minecraft:dye"}],"type":"minecraft:model"},"threshold":543},{"model":{"model":"modelengine:spidermander_rainbow/rightleg2","tints":[{"default":-1,"type":"minecraft:dye"}],"type":"minecraft:model"},"threshold":544},{"model":{"model":"modelengine:spidermander_rainbow/neck","tints":[{"default":-1,"type":"minecraft:dye"}],"type":"minecraft:model"},"threshold":545},{"model":{"model":"modelengine:spidermander_rainbow/leftleg2","tints":[{"default":-1,"type":"minecraft:dye"}],"type":"minecraft:model"},"threshold":546},{"model":{"model":"modelengine:spidermander_rainbow/rightleg1","tints":[{"default":-1,"type":"minecraft:dye"}],"type":"minecraft:model"},"threshold":547},{"model":{"model":"modelengine:spidermander_rainbow/leftleg1","tints":[{"default":-1,"type":"minecraft:dye"}],"type":"minecraft:model"},"threshold":548},{"model":{"model":"modelengine:zombee/body","tints":[{"default":-1,"type":"minecraft:dye"}],"type":"minecraft:model"},"threshold":549},{"model":{"model":"modelengine:zombee/left_arm","tints":[{"default":-1,"type":"minecraft:dye"}],"type":"minecraft:model"},"threshold":550},{"model":{"model":"modelengine:zombee/right_arm","tints":[{"default":-1,"type":"minecraft:dye"}],"type":"minecraft:model"},"threshold":551},{"model":{"model":"modelengine:zombee/right_leg","tints":[{"default":-1,"type":"minecraft:dye"}],"type":"minecraft:model"},"threshold":552},{"model":{"model":"modelengine:zombee/left_leg","tints":[{"default":-1,"type":"minecraft:dye"}],"type":"minecraft:model"},"threshold":553},{"model":{"model":"modelengine:zombee/torso","tints":[{"default":-1,"type":"minecraft:dye"}],"type":"minecraft:model"},"threshold":554},{"model":{"model":"modelengine:zombee/left_wing","tints":[{"default":-1,"type":"minecraft:dye"}],"type":"minecraft:model"},"threshold":555},{"model":{"model":"modelengine:zombee/right_wing","tints":[{"default":-1,"type":"minecraft:dye"}],"type":"minecraft:model"},"threshold":556},{"model":{"model":"modelengine:zombee_diamond/body","tints":[{"default":-1,"type":"minecraft:dye"}],"type":"minecraft:model"},"threshold":557},{"model":{"model":"modelengine:zombee_diamond/left_arm","tints":[{"default":-1,"type":"minecraft:dye"}],"type":"minecraft:model"},"threshold":558},{"model":{"model":"modelengine:zombee_diamond/right_arm","tints":[{"default":-1,"type":"minecraft:dye"}],"type":"minecraft:model"},"threshold":559},{"model":{"model":"modelengine:zombee_diamond/right_leg","tints":[{"default":-1,"type":"minecraft:dye"}],"type":"minecraft:model"},"threshold":560},{"model":{"model":"modelengine:zombee_diamond/left_leg","tints":[{"default":-1,"type":"minecraft:dye"}],"type":"minecraft:model"},"threshold":561},{"model":{"model":"modelengine:zombee_diamond/torso","tints":[{"default":-1,"type":"minecraft:dye"}],"type":"minecraft:model"},"threshold":562},{"model":{"model":"modelengine:zombee_diamond/left_wing","tints":[{"default":-1,"type":"minecraft:dye"}],"type":"minecraft:model"},"threshold":563},{"model":{"model":"modelengine:zombee_diamond/right_wing","tints":[{"default":-1,"type":"minecraft:dye"}],"type":"minecraft:model"},"threshold":564}],"fallback":{"model":"minecraft:item/leather_horse_armor","tints":[{"default":-6265536,"type":"minecraft:dye"}],"type":"minecraft:model"},"property":"minecraft:custom_model_data","type":"minecraft:range_dispatch"},"oversized_in_gui":true}