{"model":{"entries":[{"model":{"model":"modelengine:axolobee/body","tints":[{"default":-1,"type":"minecraft:dye"}],"type":"minecraft:model"},"threshold":1},{"model":{"model":"modelengine:axolobee/leg4","tints":[{"default":-1,"type":"minecraft:dye"}],"type":"minecraft:model"},"threshold":2},{"model":{"model":"modelengine:axolobee/head","tints":[{"default":-1,"type":"minecraft:dye"}],"type":"minecraft:model"},"threshold":3},{"model":{"model":"modelengine:axolobee/leg3","tints":[{"default":-1,"type":"minecraft:dye"}],"type":"minecraft:model"},"threshold":4},{"model":{"model":"modelengine:axolobee/leg1","tints":[{"default":-1,"type":"minecraft:dye"}],"type":"minecraft:model"},"threshold":5},{"model":{"model":"modelengine:axolobee/tail","tints":[{"default":-1,"type":"minecraft:dye"}],"type":"minecraft:model"},"threshold":6},{"model":{"model":"modelengine:axolobee/leg2","tints":[{"default":-1,"type":"minecraft:dye"}],"type":"minecraft:model"},"threshold":7},{"model":{"model":"modelengine:axolobee/top_gills","tints":[{"default":-1,"type":"minecraft:dye"}],"type":"minecraft:model"},"threshold":8},{"model":{"model":"modelengine:axolobee/left_gills","tints":[{"default":-1,"type":"minecraft:dye"}],"type":"minecraft:model"},"threshold":9},{"model":{"model":"modelengine:axolobee/right_gills","tints":[{"default":-1,"type":"minecraft:dye"}],"type":"minecraft:model"},"threshold":10},{"model":{"model":"modelengine:slimerine/body","tints":[{"default":-1,"type":"minecraft:dye"}],"type":"minecraft:model"},"threshold":11},{"model":{"model":"modelengine:slimerine/tail","tints":[{"default":-1,"type":"minecraft:dye"}],"type":"minecraft:model"},"threshold":12},{"model":{"model":"modelengine:slimerine/head","tints":[{"default":-1,"type":"minecraft:dye"}],"type":"minecraft:model"},"threshold":13},{"model":{"model":"modelengine:slimerine/right_fin","tints":[{"default":-1,"type":"minecraft:dye"}],"type":"minecraft:model"},"threshold":14},{"model":{"model":"modelengine:slimerine/left_fin","tints":[{"default":-1,"type":"minecraft:dye"}],"type":"minecraft:model"},"threshold":15},{"model":{"model":"modelengine:slimerine/back_fin","tints":[{"default":-1,"type":"minecraft:dye"}],"type":"minecraft:model"},"threshold":16},{"model":{"model":"modelengine:slimerine/tail_fin","tints":[{"default":-1,"type":"minecraft:dye"}],"type":"minecraft:model"},"threshold":17},{"model":{"model":"modelengine:dracobrute/body","tints":[{"default":-1,"type":"minecraft:dye"}],"type":"minecraft:model"},"threshold":18},{"model":{"model":"modelengine:dracobrute/right_leg","tints":[{"default":-1,"type":"minecraft:dye"}],"type":"minecraft:model"},"threshold":19},{"model":{"model":"modelengine:dracobrute/left_leg","tints":[{"default":-1,"type":"minecraft:dye"}],"type":"minecraft:model"},"threshold":20},{"model":{"model":"modelengine:dracobrute/tail","tints":[{"default":-1,"type":"minecraft:dye"}],"type":"minecraft:model"},"threshold":21},{"model":{"model":"modelengine:dracobrute/jacket","tints":[{"default":-1,"type":"minecraft:dye"}],"type":"minecraft:model"},"threshold":22},{"model":{"model":"modelengine:dracobrute/left_arm","tints":[{"default":-1,"type":"minecraft:dye"}],"type":"minecraft:model"},"threshold":23},{"model":{"model":"modelengine:dracobrute/right_wing","tints":[{"default":-1,"type":"minecraft:dye"}],"type":"minecraft:model"},"threshold":24},{"model":{"model":"modelengine:dracobrute/head","tints":[{"default":-1,"type":"minecraft:dye"}],"type":"minecraft:model"},"threshold":25},{"model":{"model":"modelengine:dracobrute/right_arm","tints":[{"default":-1,"type":"minecraft:dye"}],"type":"minecraft:model"},"threshold":26},{"model":{"model":"modelengine:dracobrute/left_wing","tints":[{"default":-1,"type":"minecraft:dye"}],"type":"minecraft:model"},"threshold":27},{"model":{"model":"modelengine:dracobrute/right_wing_tip","tints":[{"default":-1,"type":"minecraft:dye"}],"type":"minecraft:model"},"threshold":28},{"model":{"model":"modelengine:dracobrute/left_ear","tints":[{"default":-1,"type":"minecraft:dye"}],"type":"minecraft:model"},"threshold":29},{"model":{"model":"modelengine:dracobrute/right_ear","tints":[{"default":-1,"type":"minecraft:dye"}],"type":"minecraft:model"},"threshold":30},{"model":{"model":"modelengine:dracobrute/left_wing_tip","tints":[{"default":-1,"type":"minecraft:dye"}],"type":"minecraft:model"},"threshold":31},{"model":{"model":"modelengine:villabomination/body","tints":[{"default":-1,"type":"minecraft:dye"}],"type":"minecraft:model"},"threshold":32},{"model":{"model":"modelengine:villabomination/left_leg","tints":[{"default":-1,"type":"minecraft:dye"}],"type":"minecraft:model"},"threshold":33},{"model":{"model":"modelengine:villabomination/right_leg","tints":[{"default":-1,"type":"minecraft:dye"}],"type":"minecraft:model"},"threshold":34},{"model":{"model":"modelengine:villabomination/head2","tints":[{"default":-1,"type":"minecraft:dye"}],"type":"minecraft:model"},"threshold":35},{"model":{"model":"modelengine:villabomination/arms_rotation","tints":[{"default":-1,"type":"minecraft:dye"}],"type":"minecraft:model"},"threshold":36},{"model":{"model":"modelengine:villabomination/horns","tints":[{"default":-1,"type":"minecraft:dye"}],"type":"minecraft:model"},"threshold":37},{"model":{"model":"modelengine:villabomination/jaw","tints":[{"default":-1,"type":"minecraft:dye"}],"type":"minecraft:model"},"threshold":38},{"model":{"model":"modelengine:villabomination/arms_flipped","tints":[{"default":-1,"type":"minecraft:dye"}],"type":"minecraft:model"},"threshold":39},{"model":{"model":"modelengine:villabomination/left_horn","tints":[{"default":-1,"type":"minecraft:dye"}],"type":"minecraft:model"},"threshold":40},{"model":{"model":"modelengine:withermite/main","tints":[{"default":-1,"type":"minecraft:dye"}],"type":"minecraft:model"},"threshold":41},{"model":{"model":"modelengine:withermite/body","tints":[{"default":-1,"type":"minecraft:dye"}],"type":"minecraft:model"},"threshold":42},{"model":{"model":"modelengine:withermite/body3","tints":[{"default":-1,"type":"minecraft:dye"}],"type":"minecraft:model"},"threshold":43},{"model":{"model":"modelengine:zombee/body","tints":[{"default":-1,"type":"minecraft:dye"}],"type":"minecraft:model"},"threshold":44},{"model":{"model":"modelengine:zombee/left_arm","tints":[{"default":-1,"type":"minecraft:dye"}],"type":"minecraft:model"},"threshold":45},{"model":{"model":"modelengine:zombee/right_arm","tints":[{"default":-1,"type":"minecraft:dye"}],"type":"minecraft:model"},"threshold":46},{"model":{"model":"modelengine:zombee/right_leg","tints":[{"default":-1,"type":"minecraft:dye"}],"type":"minecraft:model"},"threshold":47},{"model":{"model":"modelengine:zombee/left_leg","tints":[{"default":-1,"type":"minecraft:dye"}],"type":"minecraft:model"},"threshold":48},{"model":{"model":"modelengine:zombee/torso","tints":[{"default":-1,"type":"minecraft:dye"}],"type":"minecraft:model"},"threshold":49},{"model":{"model":"modelengine:zombee/left_wing","tints":[{"default":-1,"type":"minecraft:dye"}],"type":"minecraft:model"},"threshold":50},{"model":{"model":"modelengine:zombee/right_wing","tints":[{"default":-1,"type":"minecraft:dye"}],"type":"minecraft:model"},"threshold":51},{"model":{"model":"modelengine:spidermander/body","tints":[{"default":-1,"type":"minecraft:dye"}],"type":"minecraft:model"},"threshold":52},{"model":{"model":"modelengine:spidermander/rightleg4","tints":[{"default":-1,"type":"minecraft:dye"}],"type":"minecraft:model"},"threshold":53},{"model":{"model":"modelengine:spidermander/rightleg3","tints":[{"default":-1,"type":"minecraft:dye"}],"type":"minecraft:model"},"threshold":54},{"model":{"model":"modelengine:spidermander/leftleg3","tints":[{"default":-1,"type":"minecraft:dye"}],"type":"minecraft:model"},"threshold":55},{"model":{"model":"modelengine:spidermander/leftleg4","tints":[{"default":-1,"type":"minecraft:dye"}],"type":"minecraft:model"},"threshold":56},{"model":{"model":"modelengine:spidermander/head","tints":[{"default":-1,"type":"minecraft:dye"}],"type":"minecraft:model"},"threshold":57},{"model":{"model":"modelengine:spidermander/rightleg2","tints":[{"default":-1,"type":"minecraft:dye"}],"type":"minecraft:model"},"threshold":58},{"model":{"model":"modelengine:spidermander/neck","tints":[{"default":-1,"type":"minecraft:dye"}],"type":"minecraft:model"},"threshold":59},{"model":{"model":"modelengine:spidermander/leftleg2","tints":[{"default":-1,"type":"minecraft:dye"}],"type":"minecraft:model"},"threshold":60},{"model":{"model":"modelengine:spidermander/rightleg1","tints":[{"default":-1,"type":"minecraft:dye"}],"type":"minecraft:model"},"threshold":61},{"model":{"model":"modelengine:spidermander/leftleg1","tints":[{"default":-1,"type":"minecraft:dye"}],"type":"minecraft:model"},"threshold":62},{"model":{"model":"modelengine:snowlker/right_hand/2","tints":[{"default":-1,"type":"minecraft:dye"}],"type":"minecraft:model"},"threshold":63},{"model":{"model":"modelengine:snowlker/right_hand","tints":[{"default":-1,"type":"minecraft:dye"}],"type":"minecraft:model"},"threshold":64},{"model":{"model":"modelengine:snowlker/right_hand/1","tints":[{"default":-1,"type":"minecraft:dye"}],"type":"minecraft:model"},"threshold":65},{"model":{"model":"modelengine:snowlker/body","tints":[{"default":-1,"type":"minecraft:dye"}],"type":"minecraft:model"},"threshold":66},{"model":{"model":"modelengine:snowlker/head","tints":[{"default":-1,"type":"minecraft:dye"}],"type":"minecraft:model"},"threshold":67},{"model":{"model":"modelengine:snowlker/body_bottom","tints":[{"default":-1,"type":"minecraft:dye"}],"type":"minecraft:model"},"threshold":68},{"model":{"model":"modelengine:snowlker/left_hand","tints":[{"default":-1,"type":"minecraft:dye"}],"type":"minecraft:model"},"threshold":69},{"model":{"model":"modelengine:snowlker/ender_snowball","tints":[{"default":-1,"type":"minecraft:dye"}],"type":"minecraft:model"},"threshold":70},{"model":{"model":"modelengine:blazewarden/head","tints":[{"default":-1,"type":"minecraft:dye"}],"type":"minecraft:model"},"threshold":71},{"model":{"model":"modelengine:blazewarden/middile","tints":[{"default":-1,"type":"minecraft:dye"}],"type":"minecraft:model"},"threshold":72},{"model":{"model":"modelengine:blazewarden/top","tints":[{"default":-1,"type":"minecraft:dye"}],"type":"minecraft:model"},"threshold":73},{"model":{"model":"modelengine:blazewarden/below","tints":[{"default":-1,"type":"minecraft:dye"}],"type":"minecraft:model"},"threshold":74},{"model":{"model":"modelengine:blazewarden/bone","tints":[{"default":-1,"type":"minecraft:dye"}],"type":"minecraft:model"},"threshold":75},{"model":{"model":"modelengine:blazewarden/bone2","tints":[{"default":-1,"type":"minecraft:dye"}],"type":"minecraft:model"},"threshold":76},{"model":{"model":"modelengine:blazewarden/bone3","tints":[{"default":-1,"type":"minecraft:dye"}],"type":"minecraft:model"},"threshold":77},{"model":{"model":"modelengine:blazewarden/bone4","tints":[{"default":-1,"type":"minecraft:dye"}],"type":"minecraft:model"},"threshold":78},{"model":{"model":"modelengine:pigshroom/head/1","tints":[{"default":-1,"type":"minecraft:dye"}],"type":"minecraft:model"},"threshold":79},{"model":{"model":"modelengine:pigshroom/head","tints":[{"default":-1,"type":"minecraft:dye"}],"type":"minecraft:model"},"threshold":80},{"model":{"model":"modelengine:pigshroom/leg3","tints":[{"default":-1,"type":"minecraft:dye"}],"type":"minecraft:model"},"threshold":81},{"model":{"model":"modelengine:pigshroom/leg4","tints":[{"default":-1,"type":"minecraft:dye"}],"type":"minecraft:model"},"threshold":82},{"model":{"model":"modelengine:pigshroom/body/1","tints":[{"default":-1,"type":"minecraft:dye"}],"type":"minecraft:model"},"threshold":83},{"model":{"model":"modelengine:pigshroom/body","tints":[{"default":-1,"type":"minecraft:dye"}],"type":"minecraft:model"},"threshold":84},{"model":{"model":"modelengine:pigshroom/leg1","tints":[{"default":-1,"type":"minecraft:dye"}],"type":"minecraft:model"},"threshold":85},{"model":{"model":"modelengine:pigshroom/leg2","tints":[{"default":-1,"type":"minecraft:dye"}],"type":"minecraft:model"},"threshold":86},{"model":{"model":"modelengine:lavasquito/head","tints":[{"default":-1,"type":"minecraft:dye"}],"type":"minecraft:model"},"threshold":87},{"model":{"model":"modelengine:lavasquito/head/1","tints":[{"default":-1,"type":"minecraft:dye"}],"type":"minecraft:model"},"threshold":88},{"model":{"model":"modelengine:lavasquito/left_wing","tints":[{"default":-1,"type":"minecraft:dye"}],"type":"minecraft:model"},"threshold":89},{"model":{"model":"modelengine:lavasquito/body/1","tints":[{"default":-1,"type":"minecraft:dye"}],"type":"minecraft:model"},"threshold":90},{"model":{"model":"modelengine:lavasquito/body","tints":[{"default":-1,"type":"minecraft:dye"}],"type":"minecraft:model"},"threshold":91},{"model":{"model":"modelengine:lavasquito/body/2","tints":[{"default":-1,"type":"minecraft:dye"}],"type":"minecraft:model"},"threshold":92},{"model":{"model":"modelengine:lavasquito/feet","tints":[{"default":-1,"type":"minecraft:dye"}],"type":"minecraft:model"},"threshold":93},{"model":{"model":"modelengine:lavasquito/right_wing/1","tints":[{"default":-1,"type":"minecraft:dye"}],"type":"minecraft:model"},"threshold":94},{"model":{"model":"modelengine:lavasquito/right_wing","tints":[{"default":-1,"type":"minecraft:dye"}],"type":"minecraft:model"},"threshold":95},{"model":{"model":"modelengine:lavasquito/outer_left_wing","tints":[{"default":-1,"type":"minecraft:dye"}],"type":"minecraft:model"},"threshold":96},{"model":{"model":"modelengine:lavasquito/outer_right_wing","tints":[{"default":-1,"type":"minecraft:dye"}],"type":"minecraft:model"},"threshold":97},{"model":{"model":"modelengine:ghastmare/main","tints":[{"default":-1,"type":"minecraft:dye"}],"type":"minecraft:model"},"threshold":98},{"model":{"model":"modelengine:ghastmare/body","tints":[{"default":-1,"type":"minecraft:dye"}],"type":"minecraft:model"},"threshold":99},{"model":{"model":"modelengine:ghastmare/head","tints":[{"default":-1,"type":"minecraft:dye"}],"type":"minecraft:model"},"threshold":100},{"model":{"model":"modelengine:ghastmare/body1","tints":[{"default":-1,"type":"minecraft:dye"}],"type":"minecraft:model"},"threshold":101},{"model":{"model":"modelengine:ghastmare/bone7","tints":[{"default":-1,"type":"minecraft:dye"}],"type":"minecraft:model"},"threshold":102},{"model":{"model":"modelengine:ghastmare/smallleftwing","tints":[{"default":-1,"type":"minecraft:dye"}],"type":"minecraft:model"},"threshold":103},{"model":{"model":"modelengine:ghastmare/smallrightwing","tints":[{"default":-1,"type":"minecraft:dye"}],"type":"minecraft:model"},"threshold":104},{"model":{"model":"modelengine:ghastmare/leftwing","tints":[{"default":-1,"type":"minecraft:dye"}],"type":"minecraft:model"},"threshold":105},{"model":{"model":"modelengine:ghastmare/rightwing","tints":[{"default":-1,"type":"minecraft:dye"}],"type":"minecraft:model"},"threshold":106},{"model":{"model":"modelengine:ghastmare/bone8","tints":[{"default":-1,"type":"minecraft:dye"}],"type":"minecraft:model"},"threshold":107},{"model":{"model":"modelengine:ghastmare/smalllowerleftwing","tints":[{"default":-1,"type":"minecraft:dye"}],"type":"minecraft:model"},"threshold":108},{"model":{"model":"modelengine:ghastmare/smalllowerrightwing","tints":[{"default":-1,"type":"minecraft:dye"}],"type":"minecraft:model"},"threshold":109},{"model":{"model":"modelengine:ghastmare/lowerleftwing","tints":[{"default":-1,"type":"minecraft:dye"}],"type":"minecraft:model"},"threshold":110},{"model":{"model":"modelengine:ghastmare/lowerrightwing","tints":[{"default":-1,"type":"minecraft:dye"}],"type":"minecraft:model"},"threshold":111},{"model":{"model":"modelengine:iron-creeplord/head","tints":[{"default":-1,"type":"minecraft:dye"}],"type":"minecraft:model"},"threshold":112},{"model":{"model":"modelengine:iron-creeplord/rightleg4","tints":[{"default":-1,"type":"minecraft:dye"}],"type":"minecraft:model"},"threshold":113},{"model":{"model":"modelengine:iron-creeplord/leftleg1","tints":[{"default":-1,"type":"minecraft:dye"}],"type":"minecraft:model"},"threshold":114},{"model":{"model":"modelengine:iron-creeplord/rightleg1","tints":[{"default":-1,"type":"minecraft:dye"}],"type":"minecraft:model"},"threshold":115},{"model":{"model":"modelengine:iron-creeplord/body/2","tints":[{"default":-1,"type":"minecraft:dye"}],"type":"minecraft:model"},"threshold":116},{"model":{"model":"modelengine:iron-creeplord/body/1","tints":[{"default":-1,"type":"minecraft:dye"}],"type":"minecraft:model"},"threshold":117},{"model":{"model":"modelengine:iron-creeplord/body","tints":[{"default":-1,"type":"minecraft:dye"}],"type":"minecraft:model"},"threshold":118},{"model":{"model":"modelengine:iron-creeplord/leftleg4","tints":[{"default":-1,"type":"minecraft:dye"}],"type":"minecraft:model"},"threshold":119},{"model":{"model":"modelengine:iron-creeplord/bone2","tints":[{"default":-1,"type":"minecraft:dye"}],"type":"minecraft:model"},"threshold":120},{"model":{"model":"modelengine:iron-creeplord/leg_4","tints":[{"default":-1,"type":"minecraft:dye"}],"type":"minecraft:model"},"threshold":121},{"model":{"model":"modelengine:iron-creeplord/bone3","tints":[{"default":-1,"type":"minecraft:dye"}],"type":"minecraft:model"},"threshold":122},{"model":{"model":"modelengine:iron-creeplord/bone","tints":[{"default":-1,"type":"minecraft:dye"}],"type":"minecraft:model"},"threshold":123},{"model":{"model":"modelengine:creepleton/leg1","tints":[{"default":-1,"type":"minecraft:dye"}],"type":"minecraft:model"},"threshold":124},{"model":{"model":"modelengine:creepleton/head","tints":[{"default":-1,"type":"minecraft:dye"}],"type":"minecraft:model"},"threshold":125},{"model":{"model":"modelengine:creepleton/body","tints":[{"default":-1,"type":"minecraft:dye"}],"type":"minecraft:model"},"threshold":126},{"model":{"model":"modelengine:creepleton/leg4","tints":[{"default":-1,"type":"minecraft:dye"}],"type":"minecraft:model"},"threshold":127},{"model":{"model":"modelengine:creepleton/leg2","tints":[{"default":-1,"type":"minecraft:dye"}],"type":"minecraft:model"},"threshold":128},{"model":{"model":"modelengine:creepleton/leg3","tints":[{"default":-1,"type":"minecraft:dye"}],"type":"minecraft:model"},"threshold":129},{"model":{"model":"modelengine:creepleton/crossbow","tints":[{"default":-1,"type":"minecraft:dye"}],"type":"minecraft:model"},"threshold":130},{"model":{"model":"modelengine:creepleton/string","tints":[{"default":-1,"type":"minecraft:dye"}],"type":"minecraft:model"},"threshold":131},{"model":{"model":"modelengine:creepleton/arrow/1","tints":[{"default":-1,"type":"minecraft:dye"}],"type":"minecraft:model"},"threshold":132},{"model":{"model":"modelengine:creepleton/arrow","tints":[{"default":-1,"type":"minecraft:dye"}],"type":"minecraft:model"},"threshold":133},{"model":{"model":"modelengine:creepleton/bone3","tints":[{"default":-1,"type":"minecraft:dye"}],"type":"minecraft:model"},"threshold":134},{"model":{"model":"modelengine:creepleton/bone7","tints":[{"default":-1,"type":"minecraft:dye"}],"type":"minecraft:model"},"threshold":135},{"model":{"model":"modelengine:creepleton/bone","tints":[{"default":-1,"type":"minecraft:dye"}],"type":"minecraft:model"},"threshold":136},{"model":{"model":"modelengine:creepleton/bone4","tints":[{"default":-1,"type":"minecraft:dye"}],"type":"minecraft:model"},"threshold":137},{"model":{"model":"modelengine:creepleton/bone2","tints":[{"default":-1,"type":"minecraft:dye"}],"type":"minecraft:model"},"threshold":138},{"model":{"model":"modelengine:creepleton/bone6","tints":[{"default":-1,"type":"minecraft:dye"}],"type":"minecraft:model"},"threshold":139},{"model":{"model":"modelengine:creepleton/bone5","tints":[{"default":-1,"type":"minecraft:dye"}],"type":"minecraft:model"},"threshold":140},{"model":{"model":"modelengine:creepleton/bone8","tints":[{"default":-1,"type":"minecraft:dye"}],"type":"minecraft:model"},"threshold":141}],"fallback":{"model":"minecraft:item/leather_horse_armor","tints":[{"default":-6265536,"type":"minecraft:dye"}],"type":"minecraft:model"},"property":"minecraft:custom_model_data","type":"minecraft:range_dispatch"},"oversized_in_gui":true}