{"textures":{"0":"modelengine:entity/lavasquitorb_17586578447793520","particle":"#0"},"elements":[{"from":[7.932533,6.713439,6.8902473],"to":[10.932533,9.713439,9.890247],"faces":{"east":{"uv":[9.0,9.0,10.5,7.5],"tintindex":0,"rotation":0,"texture":"#0"},"south":{"uv":[10.5,9.0,9.0,10.5],"tintindex":0,"rotation":0,"texture":"#0"},"north":{"uv":[3.0,9.0,4.5,10.5],"tintindex":0,"rotation":0,"texture":"#0"},"west":{"uv":[9.0,7.5,10.5,9.0],"tintindex":0,"rotation":0,"texture":"#0"},"up":{"uv":[9.0,9.0,10.5,10.5],"tintindex":0,"rotation":0,"texture":"#0"},"down":{"uv":[9.0,9.0,10.5,10.5],"tintindex":0,"rotation":0,"texture":"#0"}}}],"display":{"head":{"rotation":[-8.096929,51.677773,-47.889633]},"firstperson_righthand":{"rotation":[-8.096929,51.677773,-47.889633]},"thirdperson_lefthand":{"rotation":[-8.096929,-51.677773,47.889633]},"firstperson_lefthand":{"rotation":[-8.096929,-51.677773,47.889633]},"fixed":{"rotation":[-8.096929,51.677773,-47.889633]},"ground":{"rotation":[-8.096929,51.677773,-47.889633]},"thirdperson_righthand":{"rotation":[-8.096929,51.677773,-47.889633]},"gui":{"rotation":[-5.8990383,-81.43397,-89.85252]}}}