{
  "format_version": "1.21.0",
  "minecraft:attachable": {
    "description": {
      "identifier": "arkia:stone_bat",
      "materials": {
        "default": "entity_alphatest",
        "enchanted": "entity_alphatest_glint"
      },
      "textures": {
        "default": "textures/items/stone_bat"
      },
      "geometry": {
        "default": "geometry.stone_bat"
      },
      "scripts": {
        "animate": [
          "hold_first_person",
          "hold_third_person"
        ]
      },
      "animations": {
        "hold_first_person": "animation.arkia.hold_first_person",
        "hold_third_person": "animation.arkia.hold_third_person"
      }
    }
  }
}
