{"textures":{"0":"modelengine:entity/lavasquitorb_17586578447793520","particle":"#0"},"elements":[{"from":[8.0,4.5,8.0],"to":[10.0,11.5,8.0],"faces":{"south":{"uv":[6.0,8.0,7.0,11.5],"tintindex":0,"rotation":0,"texture":"#0"},"north":{"uv":[5.0,8.0,6.0,11.5],"tintindex":0,"rotation":0,"texture":"#0"}}}],"display":{"head":{"rotation":[0.0,0.0,0.0]},"firstperson_righthand":{"rotation":[0.0,0.0,0.0]},"thirdperson_lefthand":{"rotation":[0.0,-0.0,-0.0]},"firstperson_lefthand":{"rotation":[0.0,-0.0,-0.0]},"fixed":{"rotation":[0.0,0.0,0.0]},"ground":{"rotation":[0.0,0.0,0.0]},"thirdperson_righthand":{"rotation":[0.0,0.0,0.0]},"gui":{"rotation":[-150.0,-45.0,180.0]}}}