{"textures":{"1":"modelengine:entity/ironcreeplorddiamond_17586578444440561","particle":"#1"},"elements":[{"from":[12.891809,19.198238,9.152803],"to":[12.891809,25.698238,12.152803],"faces":{"east":{"uv":[6.0,0.75,6.75,2.375],"tintindex":0,"rotation":0,"texture":"#1"},"west":{"uv":[6.75,0.75,7.5,2.375],"tintindex":0,"rotation":0,"texture":"#1"}}}],"display":{"head":{"rotation":[6.683828E-7,-30.0,20.000002]},"firstperson_righthand":{"rotation":[6.683828E-7,-30.0,20.000002]},"thirdperson_lefthand":{"rotation":[6.683828E-7,30.0,-20.000002]},"firstperson_lefthand":{"rotation":[6.683828E-7,30.0,-20.000002]},"fixed":{"rotation":[6.683828E-7,-30.0,20.000002]},"ground":{"rotation":[6.683828E-7,-30.0,20.000002]},"thirdperson_righthand":{"rotation":[6.683828E-7,-30.0,20.000002]},"gui":{"rotation":[-150.0,-15.0,-160.0]}}}