{
  "parent": "item/generated",
  "textures": {
    "layer0": "item/diamond_sword"
  },
  "overrides": [
    {
      "predicate": {
        "custom_model_data": 1141
      },
      "model": "item/custom/diamond_bat"
    },
    {
      "predicate": {
        "custom_model_data": 1142
      },
      "model": "item/custom/emerald_bat"
    },
    {
      "predicate": {
        "custom_model_data": 1143
      },
      "model": "item/custom/golden_bat"
    },
    {
      "predicate": {
        "custom_model_data": 1144
      },
      "model": "item/custom/holy_bat"
    },
    {
      "predicate": {
        "custom_model_data": 1145
      },
      "model": "item/custom/iron_bat"
    },
    {
      "predicate": {
        "custom_model_data": 1146
      },
      "model": "item/custom/netherite_bat"
    },
    {
      "predicate": {
        "custom_model_data": 1147
      },
      "model": "item/custom/stone_bat"
    },
    {
      "predicate": {
        "custom_model_data": 1148
      },
      "model": "item/custom/void_bat"
    },
    {
      "predicate": {
        "custom_model_data": 1149
      },
      "model": "item/custom/wooden_bat"
    }
  ]
}
