{
  "parent": "item/generated",
  "textures": {
    "layer0": "item/diamond_sword"
  },
  "overrides": [
    {
      "predicate": {
        "custom_model_data": 1564
      },
      "model": "item/custom/diamond_bat"
    },
    {
      "predicate": {
        "custom_model_data": 1565
      },
      "model": "item/custom/emerald_bat"
    },
    {
      "predicate": {
        "custom_model_data": 1566
      },
      "model": "item/custom/golden_bat"
    },
    {
      "predicate": {
        "custom_model_data": 1567
      },
      "model": "item/custom/holy_bat"
    },
    {
      "predicate": {
        "custom_model_data": 1568
      },
      "model": "item/custom/iron_bat"
    },
    {
      "predicate": {
        "custom_model_data": 1569
      },
      "model": "item/custom/netherite_bat"
    },
    {
      "predicate": {
        "custom_model_data": 1570
      },
      "model": "item/custom/stone_bat"
    },
    {
      "predicate": {
        "custom_model_data": 1571
      },
      "model": "item/custom/void_bat"
    },
    {
      "predicate": {
        "custom_model_data": 1572
      },
      "model": "item/custom/wooden_bat"
    }
  ]
}
