{"overrides":[{"predicate":{"custom_model_data":1},"model":"modelengine:snowlker/head"},{"predicate":{"custom_model_data":2},"model":"modelengine:snowlker/body"},{"predicate":{"custom_model_data":3},"model":"modelengine:snowlker/body_bottom"},{"predicate":{"custom_model_data":4},"model":"modelengine:lavasquito/head"},{"predicate":{"custom_model_data":5},"model":"modelengine:lavasquito/left_wing"},{"predicate":{"custom_model_data":6},"model":"modelengine:lavasquito/body"},{"predicate":{"custom_model_data":7},"model":"modelengine:lavasquito/feet"},{"predicate":{"custom_model_data":8},"model":"modelengine:lavasquito/outer_right_wing"},{"predicate":{"custom_model_data":9},"model":"modelengine:lavasquito/outer_left_wing"},{"predicate":{"custom_model_data":10},"model":"modelengine:lavasquito/right_wing"},{"predicate":{"custom_model_data":11},"model":"modelengine:spidermander/body"},{"predicate":{"custom_model_data":12},"model":"modelengine:axolobee/leg3"},{"predicate":{"custom_model_data":13},"model":"modelengine:axolobee/head"},{"predicate":{"custom_model_data":14},"model":"modelengine:axolobee/leg1"},{"predicate":{"custom_model_data":15},"model":"modelengine:zombee/left_leg"},{"predicate":{"custom_model_data":16},"model":"modelengine:spidermander/head"},{"predicate":{"custom_model_data":17},"model":"modelengine:zombee/left_arm"},{"predicate":{"custom_model_data":18},"model":"modelengine:spidermander/neck"},{"predicate":{"custom_model_data":19},"model":"modelengine:zombee/right_arm"},{"predicate":{"custom_model_data":20},"model":"modelengine:axolobee/body"},{"predicate":{"custom_model_data":21},"model":"modelengine:withermite/body"},{"predicate":{"custom_model_data":22},"model":"modelengine:zombee/right_leg"},{"predicate":{"custom_model_data":23},"model":"modelengine:withermite/main"},{"predicate":{"custom_model_data":24},"model":"modelengine:withermite/body3"},{"predicate":{"custom_model_data":25},"model":"modelengine:zombee/body"},{"predicate":{"custom_model_data":26},"model":"modelengine:pigshroom/head/1"},{"predicate":{"custom_model_data":27},"model":"modelengine:pigshroom/head"},{"predicate":{"custom_model_data":28},"model":"modelengine:pigshroom/leg3"},{"predicate":{"custom_model_data":29},"model":"modelengine:pigshroom/leg4"},{"predicate":{"custom_model_data":30},"model":"modelengine:axolobee/leg4"},{"predicate":{"custom_model_data":31},"model":"modelengine:pigshroom/body"},{"predicate":{"custom_model_data":32},"model":"modelengine:pigshroom/leg1"},{"predicate":{"custom_model_data":33},"model":"modelengine:pigshroom/leg2"},{"predicate":{"custom_model_data":34},"model":"modelengine:creepleton/leg1"},{"predicate":{"custom_model_data":35},"model":"modelengine:creepleton/head"},{"predicate":{"custom_model_data":36},"model":"modelengine:creepleton/body"},{"predicate":{"custom_model_data":37},"model":"modelengine:creepleton/leg4"},{"predicate":{"custom_model_data":38},"model":"modelengine:creepleton/leg2"},{"predicate":{"custom_model_data":39},"model":"modelengine:creepleton/leg3"},{"predicate":{"custom_model_data":40},"model":"modelengine:creepleton/crossbow"},{"predicate":{"custom_model_data":41},"model":"modelengine:axolobee/tail"},{"predicate":{"custom_model_data":42},"model":"modelengine:zombee/torso"},{"predicate":{"custom_model_data":43},"model":"modelengine:axolobee/leg2"},{"predicate":{"custom_model_data":44},"model":"modelengine:creepleton/string"},{"predicate":{"custom_model_data":45},"model":"modelengine:creepleton/arrow/1"},{"predicate":{"custom_model_data":46},"model":"modelengine:creepleton/arrow"},{"predicate":{"custom_model_data":47},"model":"modelengine:zombee/left_wing"},{"predicate":{"custom_model_data":48},"model":"modelengine:axolobee/top_gills"},{"predicate":{"custom_model_data":49},"model":"modelengine:zombee/right_wing"},{"predicate":{"custom_model_data":50},"model":"modelengine:axolobee/left_gills"},{"predicate":{"custom_model_data":51},"model":"modelengine:axolobee/right_gills"},{"predicate":{"custom_model_data":52},"model":"modelengine:villabomination/body"},{"predicate":{"custom_model_data":53},"model":"modelengine:villabomination/left_leg"},{"predicate":{"custom_model_data":54},"model":"modelengine:villabomination/right_leg"},{"predicate":{"custom_model_data":55},"model":"modelengine:villabomination/head2"},{"predicate":{"custom_model_data":56},"model":"modelengine:villabomination/arms_rotation"},{"predicate":{"custom_model_data":57},"model":"modelengine:villabomination/horns"},{"predicate":{"custom_model_data":58},"model":"modelengine:villabomination/jaw"},{"predicate":{"custom_model_data":59},"model":"modelengine:villabomination/arms_flipped"},{"predicate":{"custom_model_data":60},"model":"modelengine:slimerine/body"},{"predicate":{"custom_model_data":61},"model":"modelengine:villabomination/left_horn"},{"predicate":{"custom_model_data":62},"model":"modelengine:slimerine/tail"},{"predicate":{"custom_model_data":63},"model":"modelengine:slimerine/head"},{"predicate":{"custom_model_data":64},"model":"modelengine:slimerine/right_fin"},{"predicate":{"custom_model_data":65},"model":"modelengine:slimerine/left_fin"},{"predicate":{"custom_model_data":66},"model":"modelengine:slimerine/back_fin"},{"predicate":{"custom_model_data":67},"model":"modelengine:slimerine/tail_fin"},{"predicate":{"custom_model_data":68},"model":"modelengine:spidermander/rightleg4"},{"predicate":{"custom_model_data":69},"model":"modelengine:spidermander/rightleg3"},{"predicate":{"custom_model_data":70},"model":"modelengine:spidermander/leftleg3"},{"predicate":{"custom_model_data":71},"model":"modelengine:spidermander/leftleg4"},{"predicate":{"custom_model_data":72},"model":"modelengine:spidermander/rightleg2"},{"predicate":{"custom_model_data":73},"model":"modelengine:spidermander/leftleg2"},{"predicate":{"custom_model_data":74},"model":"modelengine:spidermander/rightleg1"},{"predicate":{"custom_model_data":75},"model":"modelengine:spidermander/leftleg1"},{"predicate":{"custom_model_data":76},"model":"modelengine:dracobrute/body"},{"predicate":{"custom_model_data":77},"model":"modelengine:dracobrute/right_leg"},{"predicate":{"custom_model_data":78},"model":"modelengine:dracobrute/left_leg"},{"predicate":{"custom_model_data":79},"model":"modelengine:dracobrute/tail"},{"predicate":{"custom_model_data":80},"model":"modelengine:dracobrute/jacket"},{"predicate":{"custom_model_data":81},"model":"modelengine:dracobrute/left_arm"},{"predicate":{"custom_model_data":82},"model":"modelengine:dracobrute/right_wing"},{"predicate":{"custom_model_data":83},"model":"modelengine:dracobrute/head"},{"predicate":{"custom_model_data":84},"model":"modelengine:dracobrute/right_arm"},{"predicate":{"custom_model_data":85},"model":"modelengine:dracobrute/left_wing"},{"predicate":{"custom_model_data":86},"model":"modelengine:dracobrute/right_wing_tip"},{"predicate":{"custom_model_data":87},"model":"modelengine:dracobrute/left_ear"},{"predicate":{"custom_model_data":88},"model":"modelengine:dracobrute/right_ear"},{"predicate":{"custom_model_data":89},"model":"modelengine:dracobrute/left_wing_tip"},{"predicate":{"custom_model_data":90},"model":"modelengine:blazewarden/head"},{"predicate":{"custom_model_data":91},"model":"modelengine:blazewarden/middile"},{"predicate":{"custom_model_data":92},"model":"modelengine:blazewarden/top"},{"predicate":{"custom_model_data":93},"model":"modelengine:blazewarden/below"},{"predicate":{"custom_model_data":94},"model":"modelengine:blazewarden/bone"},{"predicate":{"custom_model_data":95},"model":"modelengine:blazewarden/bone2"},{"predicate":{"custom_model_data":96},"model":"modelengine:blazewarden/bone3"},{"predicate":{"custom_model_data":97},"model":"modelengine:blazewarden/bone4"},{"predicate":{"custom_model_data":98},"model":"modelengine:pigshroom/body/1"},{"predicate":{"custom_model_data":99},"model":"modelengine:snowlker/right_hand/2"},{"predicate":{"custom_model_data":100},"model":"modelengine:snowlker/right_hand"},{"predicate":{"custom_model_data":101},"model":"modelengine:snowlker/right_hand/1"},{"predicate":{"custom_model_data":102},"model":"modelengine:snowlker/left_hand"},{"predicate":{"custom_model_data":103},"model":"modelengine:snowlker/ender_snowball"},{"predicate":{"custom_model_data":104},"model":"modelengine:ghastmare/main"},{"predicate":{"custom_model_data":105},"model":"modelengine:ghastmare/body"},{"predicate":{"custom_model_data":106},"model":"modelengine:ghastmare/head"},{"predicate":{"custom_model_data":107},"model":"modelengine:ghastmare/body1"},{"predicate":{"custom_model_data":108},"model":"modelengine:ghastmare/bone7"},{"predicate":{"custom_model_data":109},"model":"modelengine:ghastmare/smallleftwing"},{"predicate":{"custom_model_data":110},"model":"modelengine:ghastmare/smallrightwing"},{"predicate":{"custom_model_data":111},"model":"modelengine:ghastmare/leftwing"},{"predicate":{"custom_model_data":112},"model":"modelengine:ghastmare/rightwing"},{"predicate":{"custom_model_data":113},"model":"modelengine:ghastmare/bone8"},{"predicate":{"custom_model_data":114},"model":"modelengine:ghastmare/smalllowerleftwing"},{"predicate":{"custom_model_data":115},"model":"modelengine:ghastmare/smalllowerrightwing"},{"predicate":{"custom_model_data":116},"model":"modelengine:ghastmare/lowerleftwing"},{"predicate":{"custom_model_data":117},"model":"modelengine:ghastmare/lowerrightwing"},{"predicate":{"custom_model_data":118},"model":"modelengine:lavasquito/head/1"},{"predicate":{"custom_model_data":119},"model":"modelengine:lavasquito/body/1"},{"predicate":{"custom_model_data":120},"model":"modelengine:lavasquito/body/2"},{"predicate":{"custom_model_data":121},"model":"modelengine:lavasquito/right_wing/1"},{"predicate":{"custom_model_data":122},"model":"modelengine:iron-creeplord/head"},{"predicate":{"custom_model_data":123},"model":"modelengine:iron-creeplord/rightleg4"},{"predicate":{"custom_model_data":124},"model":"modelengine:iron-creeplord/leftleg1"},{"predicate":{"custom_model_data":125},"model":"modelengine:iron-creeplord/rightleg1"},{"predicate":{"custom_model_data":126},"model":"modelengine:iron-creeplord/body/2"},{"predicate":{"custom_model_data":127},"model":"modelengine:iron-creeplord/body/1"},{"predicate":{"custom_model_data":128},"model":"modelengine:iron-creeplord/body"},{"predicate":{"custom_model_data":129},"model":"modelengine:iron-creeplord/leftleg4"},{"predicate":{"custom_model_data":130},"model":"modelengine:iron-creeplord/bone2"},{"predicate":{"custom_model_data":131},"model":"modelengine:iron-creeplord/leg_4"},{"predicate":{"custom_model_data":132},"model":"modelengine:iron-creeplord/bone3"},{"predicate":{"custom_model_data":133},"model":"modelengine:iron-creeplord/bone"},{"predicate":{"custom_model_data":134},"model":"modelengine:creepleton/bone3"},{"predicate":{"custom_model_data":135},"model":"modelengine:creepleton/bone7"},{"predicate":{"custom_model_data":136},"model":"modelengine:creepleton/bone"},{"predicate":{"custom_model_data":137},"model":"modelengine:creepleton/bone4"},{"predicate":{"custom_model_data":138},"model":"modelengine:creepleton/bone2"},{"predicate":{"custom_model_data":139},"model":"modelengine:creepleton/bone6"},{"predicate":{"custom_model_data":140},"model":"modelengine:creepleton/bone5"},{"predicate":{"custom_model_data":141},"model":"modelengine:creepleton/bone8"}],"parent":"minecraft:item/generated","textures":{"layer0":"minecraft:item/leather_horse_armor"}}