{"overrides":[{"predicate":{"custom_model_data":1},"model":"modelengine:axolobee_gold/body"},{"predicate":{"custom_model_data":2},"model":"modelengine:axolobee_diamond/body"},{"predicate":{"custom_model_data":3},"model":"modelengine:axolobee/body"},{"predicate":{"custom_model_data":4},"model":"modelengine:axolobee_rb/body"},{"predicate":{"custom_model_data":5},"model":"modelengine:axolobee_rb/leg4"},{"predicate":{"custom_model_data":6},"model":"modelengine:axolobee_diamond/leg4"},{"predicate":{"custom_model_data":7},"model":"modelengine:axolobee/leg4"},{"predicate":{"custom_model_data":8},"model":"modelengine:axolobee_diamond/head"},{"predicate":{"custom_model_data":9},"model":"modelengine:axolobee/head"},{"predicate":{"custom_model_data":10},"model":"modelengine:axolobee/leg3"},{"predicate":{"custom_model_data":11},"model":"modelengine:axolobee_diamond/leg3"},{"predicate":{"custom_model_data":12},"model":"modelengine:axolobee/leg1"},{"predicate":{"custom_model_data":13},"model":"modelengine:axolobee_diamond/leg1"},{"predicate":{"custom_model_data":14},"model":"modelengine:axolobee_rb/head"},{"predicate":{"custom_model_data":15},"model":"modelengine:axolobee/tail"},{"predicate":{"custom_model_data":16},"model":"modelengine:axolobee_rb/leg3"},{"predicate":{"custom_model_data":17},"model":"modelengine:axolobee/leg2"},{"predicate":{"custom_model_data":18},"model":"modelengine:axolobee_rb/leg1"},{"predicate":{"custom_model_data":19},"model":"modelengine:axolobee_rb/tail"},{"predicate":{"custom_model_data":20},"model":"modelengine:axolobee_rb/leg2"},{"predicate":{"custom_model_data":21},"model":"modelengine:axolobee/top_gills"},{"predicate":{"custom_model_data":22},"model":"modelengine:axolobee_rb/top_gills"},{"predicate":{"custom_model_data":23},"model":"modelengine:axolobee/left_gills"},{"predicate":{"custom_model_data":24},"model":"modelengine:axolobee_rb/left_gills"},{"predicate":{"custom_model_data":25},"model":"modelengine:axolobee_gold/leg4"},{"predicate":{"custom_model_data":26},"model":"modelengine:axolobee_rb/right_gills"},{"predicate":{"custom_model_data":27},"model":"modelengine:axolobee/right_gills"},{"predicate":{"custom_model_data":28},"model":"modelengine:axolobee_gold/head"},{"predicate":{"custom_model_data":29},"model":"modelengine:axolobee_gold/leg3"},{"predicate":{"custom_model_data":30},"model":"modelengine:axolobee_gold/leg1"},{"predicate":{"custom_model_data":31},"model":"modelengine:axolobee_diamond/tail"},{"predicate":{"custom_model_data":32},"model":"modelengine:axolobee_diamond/leg2"},{"predicate":{"custom_model_data":33},"model":"modelengine:axolobee_diamond/top_gills"},{"predicate":{"custom_model_data":34},"model":"modelengine:axolobee_gold/tail"},{"predicate":{"custom_model_data":35},"model":"modelengine:axolobee_diamond/left_gills"},{"predicate":{"custom_model_data":36},"model":"modelengine:axolobee_gold/leg2"},{"predicate":{"custom_model_data":37},"model":"modelengine:axolobee_diamond/right_gills"},{"predicate":{"custom_model_data":38},"model":"modelengine:axolobee_gold/top_gills"},{"predicate":{"custom_model_data":39},"model":"modelengine:axolobee_gold/left_gills"},{"predicate":{"custom_model_data":40},"model":"modelengine:axolobee_gold/right_gills"},{"predicate":{"custom_model_data":41},"model":"modelengine:dracobrute/body"},{"predicate":{"custom_model_data":42},"model":"modelengine:dracobrute/right_leg"},{"predicate":{"custom_model_data":43},"model":"modelengine:dracobrute/left_leg"},{"predicate":{"custom_model_data":44},"model":"modelengine:dracobrute/tail"},{"predicate":{"custom_model_data":45},"model":"modelengine:dracobrute/jacket"},{"predicate":{"custom_model_data":46},"model":"modelengine:dracobrute/left_arm"},{"predicate":{"custom_model_data":47},"model":"modelengine:dracobrute/right_wing"},{"predicate":{"custom_model_data":48},"model":"modelengine:dracobrute/head"},{"predicate":{"custom_model_data":49},"model":"modelengine:dracobrute/right_arm"},{"predicate":{"custom_model_data":50},"model":"modelengine:dracobrute/left_wing"},{"predicate":{"custom_model_data":51},"model":"modelengine:dracobrute/right_wing_tip"},{"predicate":{"custom_model_data":52},"model":"modelengine:dracobrute/left_ear"},{"predicate":{"custom_model_data":53},"model":"modelengine:dracobrute/right_ear"},{"predicate":{"custom_model_data":54},"model":"modelengine:dracobrute/left_wing_tip"},{"predicate":{"custom_model_data":55},"model":"modelengine:dracobrute_diamond/body"},{"predicate":{"custom_model_data":56},"model":"modelengine:dracobrute_diamond/right_leg"},{"predicate":{"custom_model_data":57},"model":"modelengine:dracobrute_diamond/left_leg"},{"predicate":{"custom_model_data":58},"model":"modelengine:dracobrute_diamond/tail"},{"predicate":{"custom_model_data":59},"model":"modelengine:dracobrute_diamond/jacket"},{"predicate":{"custom_model_data":60},"model":"modelengine:dracobrute_diamond/left_arm"},{"predicate":{"custom_model_data":61},"model":"modelengine:dracobrute_diamond/right_wing"},{"predicate":{"custom_model_data":62},"model":"modelengine:dracobrute_diamond/head"},{"predicate":{"custom_model_data":63},"model":"modelengine:dracobrute_diamond/right_arm"},{"predicate":{"custom_model_data":64},"model":"modelengine:dracobrute_diamond/left_wing"},{"predicate":{"custom_model_data":65},"model":"modelengine:dracobrute_diamond/right_wing_tip"},{"predicate":{"custom_model_data":66},"model":"modelengine:dracobrute_diamond/left_ear"},{"predicate":{"custom_model_data":67},"model":"modelengine:dracobrute_diamond/right_ear"},{"predicate":{"custom_model_data":68},"model":"modelengine:dracobrute_diamond/left_wing_tip"},{"predicate":{"custom_model_data":69},"model":"modelengine:blazewarden_rb/head"},{"predicate":{"custom_model_data":70},"model":"modelengine:blazewarden_rb/middile"},{"predicate":{"custom_model_data":71},"model":"modelengine:blazewarden_rb/top"},{"predicate":{"custom_model_data":72},"model":"modelengine:blazewarden_rb/below"},{"predicate":{"custom_model_data":73},"model":"modelengine:blazewarden_rb/bone"},{"predicate":{"custom_model_data":74},"model":"modelengine:blazewarden_rb/bone2"},{"predicate":{"custom_model_data":75},"model":"modelengine:blazewarden_rb/bone3"},{"predicate":{"custom_model_data":76},"model":"modelengine:blazewarden_rb/bone4"},{"predicate":{"custom_model_data":77},"model":"modelengine:blazewarden_diamond/head"},{"predicate":{"custom_model_data":78},"model":"modelengine:blazewarden/head"},{"predicate":{"custom_model_data":79},"model":"modelengine:blazewarden_diamond/middile"},{"predicate":{"custom_model_data":80},"model":"modelengine:blazewarden_diamond/top"},{"predicate":{"custom_model_data":81},"model":"modelengine:blazewarden/middile"},{"predicate":{"custom_model_data":82},"model":"modelengine:blazewarden_diamond/below"},{"predicate":{"custom_model_data":83},"model":"modelengine:blazewarden/top"},{"predicate":{"custom_model_data":84},"model":"modelengine:blazewarden_diamond/bone"},{"predicate":{"custom_model_data":85},"model":"modelengine:blazewarden/below"},{"predicate":{"custom_model_data":86},"model":"modelengine:blazewarden_diamond/bone2"},{"predicate":{"custom_model_data":87},"model":"modelengine:blazewarden/bone"},{"predicate":{"custom_model_data":88},"model":"modelengine:blazewarden_diamond/bone3"},{"predicate":{"custom_model_data":89},"model":"modelengine:blazewarden/bone2"},{"predicate":{"custom_model_data":90},"model":"modelengine:blazewarden_diamond/bone4"},{"predicate":{"custom_model_data":91},"model":"modelengine:blazewarden/bone3"},{"predicate":{"custom_model_data":92},"model":"modelengine:blazewarden/bone4"},{"predicate":{"custom_model_data":93},"model":"modelengine:blazewarden_gold/head"},{"predicate":{"custom_model_data":94},"model":"modelengine:blazewarden_gold/middile"},{"predicate":{"custom_model_data":95},"model":"modelengine:blazewarden_gold/top"},{"predicate":{"custom_model_data":96},"model":"modelengine:blazewarden_gold/below"},{"predicate":{"custom_model_data":97},"model":"modelengine:blazewarden_gold/bone"},{"predicate":{"custom_model_data":98},"model":"modelengine:blazewarden_gold/bone2"},{"predicate":{"custom_model_data":99},"model":"modelengine:blazewarden_gold/bone3"},{"predicate":{"custom_model_data":100},"model":"modelengine:blazewarden_gold/bone4"},{"predicate":{"custom_model_data":101},"model":"modelengine:dracobrute_gold/body"},{"predicate":{"custom_model_data":102},"model":"modelengine:dracobrute_gold/right_leg"},{"predicate":{"custom_model_data":103},"model":"modelengine:dracobrute_gold/left_leg"},{"predicate":{"custom_model_data":104},"model":"modelengine:dracobrute_gold/tail"},{"predicate":{"custom_model_data":105},"model":"modelengine:dracobrute_gold/jacket"},{"predicate":{"custom_model_data":106},"model":"modelengine:dracobrute_gold/left_arm"},{"predicate":{"custom_model_data":107},"model":"modelengine:dracobrute_gold/right_wing"},{"predicate":{"custom_model_data":108},"model":"modelengine:dracobrute_gold/head"},{"predicate":{"custom_model_data":109},"model":"modelengine:dracobrute_gold/right_arm"},{"predicate":{"custom_model_data":110},"model":"modelengine:dracobrute_gold/left_wing"},{"predicate":{"custom_model_data":111},"model":"modelengine:dracobrute_gold/right_wing_tip"},{"predicate":{"custom_model_data":112},"model":"modelengine:dracobrute_gold/left_ear"},{"predicate":{"custom_model_data":113},"model":"modelengine:dracobrute_gold/right_ear"},{"predicate":{"custom_model_data":114},"model":"modelengine:dracobrute_gold/left_wing_tip"},{"predicate":{"custom_model_data":115},"model":"modelengine:ghastmare/main"},{"predicate":{"custom_model_data":116},"model":"modelengine:ghastmare/body"},{"predicate":{"custom_model_data":117},"model":"modelengine:ghastmare/head"},{"predicate":{"custom_model_data":118},"model":"modelengine:ghastmare/body1"},{"predicate":{"custom_model_data":119},"model":"modelengine:ghastmare/bone7"},{"predicate":{"custom_model_data":120},"model":"modelengine:ghastmare/smallleftwing"},{"predicate":{"custom_model_data":121},"model":"modelengine:ghastmare/smallrightwing"},{"predicate":{"custom_model_data":122},"model":"modelengine:ghastmare/leftwing"},{"predicate":{"custom_model_data":123},"model":"modelengine:ghastmare/rightwing"},{"predicate":{"custom_model_data":124},"model":"modelengine:ghastmare/bone8"},{"predicate":{"custom_model_data":125},"model":"modelengine:ghastmare/smalllowerleftwing"},{"predicate":{"custom_model_data":126},"model":"modelengine:ghastmare/smalllowerrightwing"},{"predicate":{"custom_model_data":127},"model":"modelengine:ghastmare/lowerleftwing"},{"predicate":{"custom_model_data":128},"model":"modelengine:ghastmare/lowerrightwing"},{"predicate":{"custom_model_data":129},"model":"modelengine:dracobrute_rainbow/body"},{"predicate":{"custom_model_data":130},"model":"modelengine:dracobrute_rainbow/right_leg"},{"predicate":{"custom_model_data":131},"model":"modelengine:dracobrute_rainbow/left_leg"},{"predicate":{"custom_model_data":132},"model":"modelengine:dracobrute_rainbow/tail"},{"predicate":{"custom_model_data":133},"model":"modelengine:dracobrute_rainbow/jacket"},{"predicate":{"custom_model_data":134},"model":"modelengine:dracobrute_rainbow/left_arm"},{"predicate":{"custom_model_data":135},"model":"modelengine:dracobrute_rainbow/right_wing"},{"predicate":{"custom_model_data":136},"model":"modelengine:dracobrute_rainbow/head"},{"predicate":{"custom_model_data":137},"model":"modelengine:dracobrute_rainbow/right_arm"},{"predicate":{"custom_model_data":138},"model":"modelengine:dracobrute_rainbow/left_wing"},{"predicate":{"custom_model_data":139},"model":"modelengine:dracobrute_rainbow/right_wing_tip"},{"predicate":{"custom_model_data":140},"model":"modelengine:dracobrute_rainbow/left_ear"},{"predicate":{"custom_model_data":141},"model":"modelengine:dracobrute_rainbow/right_ear"},{"predicate":{"custom_model_data":142},"model":"modelengine:dracobrute_rainbow/left_wing_tip"},{"predicate":{"custom_model_data":143},"model":"modelengine:ghastmare_gold/main"},{"predicate":{"custom_model_data":144},"model":"modelengine:ghastmare_gold/body"},{"predicate":{"custom_model_data":145},"model":"modelengine:ghastmare_gold/head"},{"predicate":{"custom_model_data":146},"model":"modelengine:ghastmare_gold/body1"},{"predicate":{"custom_model_data":147},"model":"modelengine:ghastmare_gold/bone7"},{"predicate":{"custom_model_data":148},"model":"modelengine:ghastmare_gold/smallleftwing"},{"predicate":{"custom_model_data":149},"model":"modelengine:ghastmare_gold/smallrightwing"},{"predicate":{"custom_model_data":150},"model":"modelengine:ghastmare_gold/leftwing"},{"predicate":{"custom_model_data":151},"model":"modelengine:ghastmare_gold/rightwing"},{"predicate":{"custom_model_data":152},"model":"modelengine:ghastmare_gold/bone8"},{"predicate":{"custom_model_data":153},"model":"modelengine:ghastmare_gold/smalllowerleftwing"},{"predicate":{"custom_model_data":154},"model":"modelengine:ghastmare_gold/smalllowerrightwing"},{"predicate":{"custom_model_data":155},"model":"modelengine:ghastmare_gold/lowerleftwing"},{"predicate":{"custom_model_data":156},"model":"modelengine:ghastmare_gold/lowerrightwing"},{"predicate":{"custom_model_data":157},"model":"modelengine:ghastmare_rb/main"},{"predicate":{"custom_model_data":158},"model":"modelengine:ghastmare_rb/body"},{"predicate":{"custom_model_data":159},"model":"modelengine:ghastmare_rb/head"},{"predicate":{"custom_model_data":160},"model":"modelengine:ghastmare_rb/body1"},{"predicate":{"custom_model_data":161},"model":"modelengine:ghastmare_rb/bone7"},{"predicate":{"custom_model_data":162},"model":"modelengine:ghastmare_rb/smallleftwing"},{"predicate":{"custom_model_data":163},"model":"modelengine:ghastmare_rb/smallrightwing"},{"predicate":{"custom_model_data":164},"model":"modelengine:ghastmare_rb/leftwing"},{"predicate":{"custom_model_data":165},"model":"modelengine:ghastmare_rb/rightwing"},{"predicate":{"custom_model_data":166},"model":"modelengine:ghastmare_rb/bone8"},{"predicate":{"custom_model_data":167},"model":"modelengine:ghastmare_rb/smalllowerleftwing"},{"predicate":{"custom_model_data":168},"model":"modelengine:ghastmare_rb/smalllowerrightwing"},{"predicate":{"custom_model_data":169},"model":"modelengine:ghastmare_rb/lowerleftwing"},{"predicate":{"custom_model_data":170},"model":"modelengine:ghastmare_rb/lowerrightwing"},{"predicate":{"custom_model_data":171},"model":"modelengine:ghastmare_diamond/lowerrightwing"},{"predicate":{"custom_model_data":172},"model":"modelengine:creepleton/leg1"},{"predicate":{"custom_model_data":173},"model":"modelengine:pigshroom_diamond/leg1"},{"predicate":{"custom_model_data":174},"model":"modelengine:ghastmare_diamond/lowerleftwing"},{"predicate":{"custom_model_data":175},"model":"modelengine:creepleton/head"},{"predicate":{"custom_model_data":176},"model":"modelengine:pigshroom_diamond/head"},{"predicate":{"custom_model_data":177},"model":"modelengine:creepleton/body"},{"predicate":{"custom_model_data":178},"model":"modelengine:ghastmare_diamond/bone7"},{"predicate":{"custom_model_data":179},"model":"modelengine:creepleton/leg4"},{"predicate":{"custom_model_data":180},"model":"modelengine:ghastmare_diamond/bone8"},{"predicate":{"custom_model_data":181},"model":"modelengine:creepleton/leg2"},{"predicate":{"custom_model_data":182},"model":"modelengine:ghastmare_diamond/body"},{"predicate":{"custom_model_data":183},"model":"modelengine:creepleton/leg3"},{"predicate":{"custom_model_data":184},"model":"modelengine:ghastmare_diamond/head"},{"predicate":{"custom_model_data":185},"model":"modelengine:creepleton/crossbow"},{"predicate":{"custom_model_data":186},"model":"modelengine:snowlker_diamond/right_hand/1"},{"predicate":{"custom_model_data":187},"model":"modelengine:creepleton/string"},{"predicate":{"custom_model_data":188},"model":"modelengine:ghastmare_diamond/body1"},{"predicate":{"custom_model_data":189},"model":"modelengine:creepleton/arrow/1"},{"predicate":{"custom_model_data":190},"model":"modelengine:creepleton/arrow"},{"predicate":{"custom_model_data":191},"model":"modelengine:snowlker_diamond/right_hand/2"},{"predicate":{"custom_model_data":192},"model":"modelengine:creepleton/bone3"},{"predicate":{"custom_model_data":193},"model":"modelengine:ghastmare_diamond/smallleftwing"},{"predicate":{"custom_model_data":194},"model":"modelengine:creepleton/bone7"},{"predicate":{"custom_model_data":195},"model":"modelengine:ghastmare_diamond/main"},{"predicate":{"custom_model_data":196},"model":"modelengine:creepleton/bone"},{"predicate":{"custom_model_data":197},"model":"modelengine:ghastmare_diamond/smalllowerrightwing"},{"predicate":{"custom_model_data":198},"model":"modelengine:creepleton/bone4"},{"predicate":{"custom_model_data":199},"model":"modelengine:creepleton/bone2"},{"predicate":{"custom_model_data":200},"model":"modelengine:creepleton/bone6"},{"predicate":{"custom_model_data":201},"model":"modelengine:creepleton/bone5"},{"predicate":{"custom_model_data":202},"model":"modelengine:creepleton/bone8"},{"predicate":{"custom_model_data":203},"model":"modelengine:creepleton_rb/leg1"},{"predicate":{"custom_model_data":204},"model":"modelengine:creepleton_rb/head"},{"predicate":{"custom_model_data":205},"model":"modelengine:creepleton_rb/body"},{"predicate":{"custom_model_data":206},"model":"modelengine:creepleton_rb/leg4"},{"predicate":{"custom_model_data":207},"model":"modelengine:creepleton_rb/leg2"},{"predicate":{"custom_model_data":208},"model":"modelengine:creepleton_rb/leg3"},{"predicate":{"custom_model_data":209},"model":"modelengine:creepleton_rb/crossbow"},{"predicate":{"custom_model_data":210},"model":"modelengine:creepleton_rb/string"},{"predicate":{"custom_model_data":211},"model":"modelengine:creepleton_rb/arrow/1"},{"predicate":{"custom_model_data":212},"model":"modelengine:creepleton_rb/arrow"},{"predicate":{"custom_model_data":213},"model":"modelengine:creepleton_rb/bone3"},{"predicate":{"custom_model_data":214},"model":"modelengine:creepleton_rb/bone7"},{"predicate":{"custom_model_data":215},"model":"modelengine:creepleton_rb/bone"},{"predicate":{"custom_model_data":216},"model":"modelengine:creepleton_rb/bone4"},{"predicate":{"custom_model_data":217},"model":"modelengine:creepleton_rb/bone2"},{"predicate":{"custom_model_data":218},"model":"modelengine:creepleton_rb/bone6"},{"predicate":{"custom_model_data":219},"model":"modelengine:creepleton_rb/bone5"},{"predicate":{"custom_model_data":220},"model":"modelengine:creepleton_rb/bone8"},{"predicate":{"custom_model_data":221},"model":"modelengine:creepleton_diamond/leg1"},{"predicate":{"custom_model_data":222},"model":"modelengine:creepleton_diamond/head"},{"predicate":{"custom_model_data":223},"model":"modelengine:creepleton_diamond/body"},{"predicate":{"custom_model_data":224},"model":"modelengine:creepleton_diamond/leg4"},{"predicate":{"custom_model_data":225},"model":"modelengine:creepleton_diamond/leg2"},{"predicate":{"custom_model_data":226},"model":"modelengine:creepleton_diamond/leg3"},{"predicate":{"custom_model_data":227},"model":"modelengine:creepleton_diamond/crossbow"},{"predicate":{"custom_model_data":228},"model":"modelengine:creepleton_diamond/string"},{"predicate":{"custom_model_data":229},"model":"modelengine:creepleton_diamond/arrow/1"},{"predicate":{"custom_model_data":230},"model":"modelengine:creepleton_diamond/arrow"},{"predicate":{"custom_model_data":231},"model":"modelengine:creepleton_diamond/bone3"},{"predicate":{"custom_model_data":232},"model":"modelengine:creepleton_diamond/bone7"},{"predicate":{"custom_model_data":233},"model":"modelengine:creepleton_diamond/bone"},{"predicate":{"custom_model_data":234},"model":"modelengine:creepleton_diamond/bone4"},{"predicate":{"custom_model_data":235},"model":"modelengine:creepleton_diamond/bone2"},{"predicate":{"custom_model_data":236},"model":"modelengine:creepleton_diamond/bone6"},{"predicate":{"custom_model_data":237},"model":"modelengine:creepleton_diamond/bone5"},{"predicate":{"custom_model_data":238},"model":"modelengine:creepleton_diamond/bone8"},{"predicate":{"custom_model_data":239},"model":"modelengine:creepleton_gold/leg1"},{"predicate":{"custom_model_data":240},"model":"modelengine:creepleton_gold/head"},{"predicate":{"custom_model_data":241},"model":"modelengine:creepleton_gold/body"},{"predicate":{"custom_model_data":242},"model":"modelengine:creepleton_gold/leg4"},{"predicate":{"custom_model_data":243},"model":"modelengine:creepleton_gold/leg2"},{"predicate":{"custom_model_data":244},"model":"modelengine:creepleton_gold/leg3"},{"predicate":{"custom_model_data":245},"model":"modelengine:creepleton_gold/crossbow"},{"predicate":{"custom_model_data":246},"model":"modelengine:creepleton_gold/string"},{"predicate":{"custom_model_data":247},"model":"modelengine:creepleton_gold/arrow"},{"predicate":{"custom_model_data":248},"model":"modelengine:creepleton_gold/arrow/1"},{"predicate":{"custom_model_data":249},"model":"modelengine:creepleton_gold/bone3"},{"predicate":{"custom_model_data":250},"model":"modelengine:creepleton_gold/bone7"},{"predicate":{"custom_model_data":251},"model":"modelengine:creepleton_gold/bone"},{"predicate":{"custom_model_data":252},"model":"modelengine:creepleton_gold/bone4"},{"predicate":{"custom_model_data":253},"model":"modelengine:creepleton_gold/bone2"},{"predicate":{"custom_model_data":254},"model":"modelengine:creepleton_gold/bone6"},{"predicate":{"custom_model_data":255},"model":"modelengine:creepleton_gold/bone5"},{"predicate":{"custom_model_data":256},"model":"modelengine:creepleton_gold/bone8"},{"predicate":{"custom_model_data":257},"model":"modelengine:iron-creeplord/head"},{"predicate":{"custom_model_data":258},"model":"modelengine:iron-creeplord/rightleg4"},{"predicate":{"custom_model_data":259},"model":"modelengine:iron-creeplord/leftleg1"},{"predicate":{"custom_model_data":260},"model":"modelengine:iron-creeplord/rightleg1"},{"predicate":{"custom_model_data":261},"model":"modelengine:iron-creeplord/body/2"},{"predicate":{"custom_model_data":262},"model":"modelengine:iron-creeplord/body/1"},{"predicate":{"custom_model_data":263},"model":"modelengine:iron-creeplord/body"},{"predicate":{"custom_model_data":264},"model":"modelengine:iron-creeplord/leftleg4"},{"predicate":{"custom_model_data":265},"model":"modelengine:iron-creeplord/bone2"},{"predicate":{"custom_model_data":266},"model":"modelengine:iron-creeplord/leg_4"},{"predicate":{"custom_model_data":267},"model":"modelengine:iron-creeplord/bone3"},{"predicate":{"custom_model_data":268},"model":"modelengine:iron-creeplord/bone"},{"predicate":{"custom_model_data":269},"model":"modelengine:iron-creeplord_diamond/head"},{"predicate":{"custom_model_data":270},"model":"modelengine:iron-creeplord_diamond/rightleg4"},{"predicate":{"custom_model_data":271},"model":"modelengine:iron-creeplord_diamond/leftleg1"},{"predicate":{"custom_model_data":272},"model":"modelengine:iron-creeplord_diamond/rightleg1"},{"predicate":{"custom_model_data":273},"model":"modelengine:iron-creeplord_diamond/body/2"},{"predicate":{"custom_model_data":274},"model":"modelengine:iron-creeplord_diamond/body"},{"predicate":{"custom_model_data":275},"model":"modelengine:iron-creeplord_diamond/body/1"},{"predicate":{"custom_model_data":276},"model":"modelengine:iron-creeplord_diamond/leftleg4"},{"predicate":{"custom_model_data":277},"model":"modelengine:iron-creeplord_diamond/bone2"},{"predicate":{"custom_model_data":278},"model":"modelengine:iron-creeplord_diamond/leg_4"},{"predicate":{"custom_model_data":279},"model":"modelengine:iron-creeplord_diamond/bone3"},{"predicate":{"custom_model_data":280},"model":"modelengine:iron-creeplord_diamond/bone"},{"predicate":{"custom_model_data":281},"model":"modelengine:iron-creeplord_gold/head"},{"predicate":{"custom_model_data":282},"model":"modelengine:iron-creeplord_gold/rightleg4"},{"predicate":{"custom_model_data":283},"model":"modelengine:iron-creeplord_gold/leftleg1"},{"predicate":{"custom_model_data":284},"model":"modelengine:iron-creeplord_gold/rightleg1"},{"predicate":{"custom_model_data":285},"model":"modelengine:iron-creeplord_gold/body"},{"predicate":{"custom_model_data":286},"model":"modelengine:iron-creeplord_gold/body/1"},{"predicate":{"custom_model_data":287},"model":"modelengine:iron-creeplord_gold/body/2"},{"predicate":{"custom_model_data":288},"model":"modelengine:iron-creeplord_gold/leftleg4"},{"predicate":{"custom_model_data":289},"model":"modelengine:iron-creeplord_gold/bone2"},{"predicate":{"custom_model_data":290},"model":"modelengine:iron-creeplord_gold/leg_4"},{"predicate":{"custom_model_data":291},"model":"modelengine:iron-creeplord_gold/bone3"},{"predicate":{"custom_model_data":292},"model":"modelengine:iron-creeplord_gold/bone"},{"predicate":{"custom_model_data":293},"model":"modelengine:lavasquito/head"},{"predicate":{"custom_model_data":294},"model":"modelengine:lavasquito/head/1"},{"predicate":{"custom_model_data":295},"model":"modelengine:lavasquito/left_wing"},{"predicate":{"custom_model_data":296},"model":"modelengine:lavasquito/body/1"},{"predicate":{"custom_model_data":297},"model":"modelengine:lavasquito/body"},{"predicate":{"custom_model_data":298},"model":"modelengine:lavasquito/body/2"},{"predicate":{"custom_model_data":299},"model":"modelengine:lavasquito/feet"},{"predicate":{"custom_model_data":300},"model":"modelengine:lavasquito/right_wing/1"},{"predicate":{"custom_model_data":301},"model":"modelengine:lavasquito/right_wing"},{"predicate":{"custom_model_data":302},"model":"modelengine:lavasquito/outer_left_wing"},{"predicate":{"custom_model_data":303},"model":"modelengine:lavasquito/outer_right_wing"},{"predicate":{"custom_model_data":304},"model":"modelengine:lavasquito_rb/head"},{"predicate":{"custom_model_data":305},"model":"modelengine:lavasquito_rb/head/1"},{"predicate":{"custom_model_data":306},"model":"modelengine:pigshroom_gold/head/1"},{"predicate":{"custom_model_data":307},"model":"modelengine:pigshroom_gold/head"},{"predicate":{"custom_model_data":308},"model":"modelengine:lavasquito_rb/left_wing"},{"predicate":{"custom_model_data":309},"model":"modelengine:pigshroom_gold/leg3"},{"predicate":{"custom_model_data":310},"model":"modelengine:lavasquito_rb/body/1"},{"predicate":{"custom_model_data":311},"model":"modelengine:lavasquito_rb/body/2"},{"predicate":{"custom_model_data":312},"model":"modelengine:lavasquito_rb/body"},{"predicate":{"custom_model_data":313},"model":"modelengine:pigshroom_gold/leg4"},{"predicate":{"custom_model_data":314},"model":"modelengine:lavasquito_rb/feet"},{"predicate":{"custom_model_data":315},"model":"modelengine:pigshroom_gold/body"},{"predicate":{"custom_model_data":316},"model":"modelengine:pigshroom_gold/body/1"},{"predicate":{"custom_model_data":317},"model":"modelengine:lavasquito_rb/right_wing"},{"predicate":{"custom_model_data":318},"model":"modelengine:lavasquito_rb/right_wing/1"},{"predicate":{"custom_model_data":319},"model":"modelengine:pigshroom_gold/leg1"},{"predicate":{"custom_model_data":320},"model":"modelengine:lavasquito_rb/outer_left_wing"},{"predicate":{"custom_model_data":321},"model":"modelengine:pigshroom_gold/leg2"},{"predicate":{"custom_model_data":322},"model":"modelengine:lavasquito_rb/outer_right_wing"},{"predicate":{"custom_model_data":323},"model":"modelengine:pigshroom_rb/head/1"},{"predicate":{"custom_model_data":324},"model":"modelengine:pigshroom_rb/head"},{"predicate":{"custom_model_data":325},"model":"modelengine:pigshroom_rb/leg3"},{"predicate":{"custom_model_data":326},"model":"modelengine:pigshroom_rb/leg4"},{"predicate":{"custom_model_data":327},"model":"modelengine:pigshroom_rb/body/1"},{"predicate":{"custom_model_data":328},"model":"modelengine:pigshroom_rb/body"},{"predicate":{"custom_model_data":329},"model":"modelengine:pigshroom_rb/leg1"},{"predicate":{"custom_model_data":330},"model":"modelengine:pigshroom_rb/leg2"},{"predicate":{"custom_model_data":331},"model":"modelengine:slimerine/body"},{"predicate":{"custom_model_data":332},"model":"modelengine:lavasquito_diamond/head"},{"predicate":{"custom_model_data":333},"model":"modelengine:lavasquito_diamond/head/1"},{"predicate":{"custom_model_data":334},"model":"modelengine:snowlker_diamond/left_hand"},{"predicate":{"custom_model_data":335},"model":"modelengine:pigshroom_diamond/body/1"},{"predicate":{"custom_model_data":336},"model":"modelengine:lavasquito_diamond/left_wing"},{"predicate":{"custom_model_data":337},"model":"modelengine:pigshroom_diamond/body"},{"predicate":{"custom_model_data":338},"model":"modelengine:lavasquito_diamond/body/1"},{"predicate":{"custom_model_data":339},"model":"modelengine:lavasquito_diamond/body/2"},{"predicate":{"custom_model_data":340},"model":"modelengine:lavasquito_diamond/body"},{"predicate":{"custom_model_data":341},"model":"modelengine:pigshroom_diamond/leg4"},{"predicate":{"custom_model_data":342},"model":"modelengine:lavasquito_diamond/feet"},{"predicate":{"custom_model_data":343},"model":"modelengine:ghastmare_diamond/rightwing"},{"predicate":{"custom_model_data":344},"model":"modelengine:snowlker_diamond/body_bottom"},{"predicate":{"custom_model_data":345},"model":"modelengine:pigshroom_diamond/leg3"},{"predicate":{"custom_model_data":346},"model":"modelengine:pigshroom_diamond/head/1"},{"predicate":{"custom_model_data":347},"model":"modelengine:lavasquito_diamond/right_wing"},{"predicate":{"custom_model_data":348},"model":"modelengine:lavasquito_diamond/right_wing/1"},{"predicate":{"custom_model_data":349},"model":"modelengine:lavasquito_diamond/outer_left_wing"},{"predicate":{"custom_model_data":350},"model":"modelengine:lavasquito_diamond/outer_right_wing"},{"predicate":{"custom_model_data":351},"model":"modelengine:slimerine/tail"},{"predicate":{"custom_model_data":352},"model":"modelengine:slimerine/head"},{"predicate":{"custom_model_data":353},"model":"modelengine:slimerine/right_fin"},{"predicate":{"custom_model_data":354},"model":"modelengine:slimerine/left_fin"},{"predicate":{"custom_model_data":355},"model":"modelengine:slimerine/back_fin"},{"predicate":{"custom_model_data":356},"model":"modelengine:slimerine/tail_fin"},{"predicate":{"custom_model_data":357},"model":"modelengine:lavasquito_gold/head"},{"predicate":{"custom_model_data":358},"model":"modelengine:lavasquito_gold/head/1"},{"predicate":{"custom_model_data":359},"model":"modelengine:lavasquito_gold/left_wing"},{"predicate":{"custom_model_data":360},"model":"modelengine:lavasquito_gold/body"},{"predicate":{"custom_model_data":361},"model":"modelengine:lavasquito_gold/body/1"},{"predicate":{"custom_model_data":362},"model":"modelengine:lavasquito_gold/body/2"},{"predicate":{"custom_model_data":363},"model":"modelengine:lavasquito_gold/feet"},{"predicate":{"custom_model_data":364},"model":"modelengine:lavasquito_gold/right_wing"},{"predicate":{"custom_model_data":365},"model":"modelengine:lavasquito_gold/right_wing/1"},{"predicate":{"custom_model_data":366},"model":"modelengine:lavasquito_gold/outer_left_wing"},{"predicate":{"custom_model_data":367},"model":"modelengine:lavasquito_gold/outer_right_wing"},{"predicate":{"custom_model_data":368},"model":"modelengine:iron-creeplord_rb/head"},{"predicate":{"custom_model_data":369},"model":"modelengine:iron-creeplord_rb/rightleg4"},{"predicate":{"custom_model_data":370},"model":"modelengine:iron-creeplord_rb/leftleg1"},{"predicate":{"custom_model_data":371},"model":"modelengine:iron-creeplord_rb/rightleg1"},{"predicate":{"custom_model_data":372},"model":"modelengine:iron-creeplord_rb/body/2"},{"predicate":{"custom_model_data":373},"model":"modelengine:iron-creeplord_rb/body/1"},{"predicate":{"custom_model_data":374},"model":"modelengine:iron-creeplord_rb/body"},{"predicate":{"custom_model_data":375},"model":"modelengine:iron-creeplord_rb/leftleg4"},{"predicate":{"custom_model_data":376},"model":"modelengine:iron-creeplord_rb/bone2"},{"predicate":{"custom_model_data":377},"model":"modelengine:iron-creeplord_rb/leg_4"},{"predicate":{"custom_model_data":378},"model":"modelengine:iron-creeplord_rb/bone3"},{"predicate":{"custom_model_data":379},"model":"modelengine:iron-creeplord_rb/bone"},{"predicate":{"custom_model_data":380},"model":"modelengine:pigshroom/head/1"},{"predicate":{"custom_model_data":381},"model":"modelengine:pigshroom/head"},{"predicate":{"custom_model_data":382},"model":"modelengine:pigshroom/leg3"},{"predicate":{"custom_model_data":383},"model":"modelengine:pigshroom/leg4"},{"predicate":{"custom_model_data":384},"model":"modelengine:pigshroom/body/1"},{"predicate":{"custom_model_data":385},"model":"modelengine:pigshroom/body"},{"predicate":{"custom_model_data":386},"model":"modelengine:pigshroom/leg1"},{"predicate":{"custom_model_data":387},"model":"modelengine:pigshroom/leg2"},{"predicate":{"custom_model_data":388},"model":"modelengine:slimerine_diamond/body"},{"predicate":{"custom_model_data":389},"model":"modelengine:slimerine_diamond/tail"},{"predicate":{"custom_model_data":390},"model":"modelengine:slimerine_diamond/head"},{"predicate":{"custom_model_data":391},"model":"modelengine:slimerine_diamond/right_fin"},{"predicate":{"custom_model_data":392},"model":"modelengine:slimerine_diamond/left_fin"},{"predicate":{"custom_model_data":393},"model":"modelengine:slimerine_diamond/back_fin"},{"predicate":{"custom_model_data":394},"model":"modelengine:slimerine_diamond/tail_fin"},{"predicate":{"custom_model_data":395},"model":"modelengine:slimerine_gold/body"},{"predicate":{"custom_model_data":396},"model":"modelengine:slimerine_gold/tail"},{"predicate":{"custom_model_data":397},"model":"modelengine:slimerine_gold/head"},{"predicate":{"custom_model_data":398},"model":"modelengine:slimerine_gold/right_fin"},{"predicate":{"custom_model_data":399},"model":"modelengine:slimerine_rainbow/body"},{"predicate":{"custom_model_data":400},"model":"modelengine:slimerine_gold/left_fin"},{"predicate":{"custom_model_data":401},"model":"modelengine:slimerine_gold/back_fin"},{"predicate":{"custom_model_data":402},"model":"modelengine:slimerine_rainbow/tail"},{"predicate":{"custom_model_data":403},"model":"modelengine:slimerine_gold/tail_fin"},{"predicate":{"custom_model_data":404},"model":"modelengine:slimerine_rainbow/head"},{"predicate":{"custom_model_data":405},"model":"modelengine:slimerine_rainbow/right_fin"},{"predicate":{"custom_model_data":406},"model":"modelengine:slimerine_rainbow/left_fin"},{"predicate":{"custom_model_data":407},"model":"modelengine:slimerine_rainbow/back_fin"},{"predicate":{"custom_model_data":408},"model":"modelengine:slimerine_rainbow/tail_fin"},{"predicate":{"custom_model_data":409},"model":"modelengine:snowlker/right_hand/2"},{"predicate":{"custom_model_data":410},"model":"modelengine:snowlker/right_hand"},{"predicate":{"custom_model_data":411},"model":"modelengine:snowlker/right_hand/1"},{"predicate":{"custom_model_data":412},"model":"modelengine:snowlker_diamond/head"},{"predicate":{"custom_model_data":413},"model":"modelengine:ghastmare_diamond/smallrightwing"},{"predicate":{"custom_model_data":414},"model":"modelengine:ghastmare_diamond/leftwing"},{"predicate":{"custom_model_data":415},"model":"modelengine:snowlker/body"},{"predicate":{"custom_model_data":416},"model":"modelengine:snowlker_diamond/body"},{"predicate":{"custom_model_data":417},"model":"modelengine:snowlker/head"},{"predicate":{"custom_model_data":418},"model":"modelengine:snowlker_diamond/right_hand"},{"predicate":{"custom_model_data":419},"model":"modelengine:snowlker/body_bottom"},{"predicate":{"custom_model_data":420},"model":"modelengine:snowlker_diamond/ender_snowball"},{"predicate":{"custom_model_data":421},"model":"modelengine:snowlker_rb/right_hand/1"},{"predicate":{"custom_model_data":422},"model":"modelengine:snowlker_rb/right_hand"},{"predicate":{"custom_model_data":423},"model":"modelengine:snowlker_rb/right_hand/2"},{"predicate":{"custom_model_data":424},"model":"modelengine:ghastmare_diamond/smalllowerleftwing"},{"predicate":{"custom_model_data":425},"model":"modelengine:snowlker/left_hand"},{"predicate":{"custom_model_data":426},"model":"modelengine:snowlker_gold/right_hand"},{"predicate":{"custom_model_data":427},"model":"modelengine:snowlker_gold/right_hand/2"},{"predicate":{"custom_model_data":428},"model":"modelengine:snowlker_gold/right_hand/1"},{"predicate":{"custom_model_data":429},"model":"modelengine:pigshroom_diamond/leg2"},{"predicate":{"custom_model_data":430},"model":"modelengine:snowlker_rb/body"},{"predicate":{"custom_model_data":431},"model":"modelengine:snowlker_gold/body"},{"predicate":{"custom_model_data":432},"model":"modelengine:snowlker_rb/head"},{"predicate":{"custom_model_data":433},"model":"modelengine:snowlker_gold/head"},{"predicate":{"custom_model_data":434},"model":"modelengine:snowlker_gold/body_bottom"},{"predicate":{"custom_model_data":435},"model":"modelengine:snowlker_rb/body_bottom"},{"predicate":{"custom_model_data":436},"model":"modelengine:snowlker_gold/left_hand"},{"predicate":{"custom_model_data":437},"model":"modelengine:snowlker_rb/left_hand"},{"predicate":{"custom_model_data":438},"model":"modelengine:snowlker_gold/ender_snowball"},{"predicate":{"custom_model_data":439},"model":"modelengine:snowlker_rb/ender_snowball"},{"predicate":{"custom_model_data":440},"model":"modelengine:snowlker/ender_snowball"},{"predicate":{"custom_model_data":441},"model":"modelengine:spidermander/body"},{"predicate":{"custom_model_data":442},"model":"modelengine:spidermander/rightleg4"},{"predicate":{"custom_model_data":443},"model":"modelengine:spidermander/rightleg3"},{"predicate":{"custom_model_data":444},"model":"modelengine:spidermander/leftleg3"},{"predicate":{"custom_model_data":445},"model":"modelengine:spidermander/leftleg4"},{"predicate":{"custom_model_data":446},"model":"modelengine:spidermander/head"},{"predicate":{"custom_model_data":447},"model":"modelengine:spidermander/rightleg2"},{"predicate":{"custom_model_data":448},"model":"modelengine:spidermander/neck"},{"predicate":{"custom_model_data":449},"model":"modelengine:spidermander/leftleg2"},{"predicate":{"custom_model_data":450},"model":"modelengine:spidermander/rightleg1"},{"predicate":{"custom_model_data":451},"model":"modelengine:spidermander/leftleg1"},{"predicate":{"custom_model_data":452},"model":"modelengine:spidermander_gold/body"},{"predicate":{"custom_model_data":453},"model":"modelengine:spidermander_gold/rightleg4"},{"predicate":{"custom_model_data":454},"model":"modelengine:spidermander_gold/rightleg3"},{"predicate":{"custom_model_data":455},"model":"modelengine:spidermander_gold/leftleg3"},{"predicate":{"custom_model_data":456},"model":"modelengine:spidermander_gold/leftleg4"},{"predicate":{"custom_model_data":457},"model":"modelengine:spidermander_gold/head"},{"predicate":{"custom_model_data":458},"model":"modelengine:spidermander_gold/rightleg2"},{"predicate":{"custom_model_data":459},"model":"modelengine:spidermander_gold/neck"},{"predicate":{"custom_model_data":460},"model":"modelengine:spidermander_gold/leftleg2"},{"predicate":{"custom_model_data":461},"model":"modelengine:spidermander_gold/rightleg1"},{"predicate":{"custom_model_data":462},"model":"modelengine:spidermander_gold/leftleg1"},{"predicate":{"custom_model_data":463},"model":"modelengine:villabomination_diamond/body"},{"predicate":{"custom_model_data":464},"model":"modelengine:villabomination_diamond/left_leg"},{"predicate":{"custom_model_data":465},"model":"modelengine:villabomination_diamond/right_leg"},{"predicate":{"custom_model_data":466},"model":"modelengine:spidermander_diamond/body"},{"predicate":{"custom_model_data":467},"model":"modelengine:villabomination_diamond/head2"},{"predicate":{"custom_model_data":468},"model":"modelengine:villabomination_diamond/arms_rotation"},{"predicate":{"custom_model_data":469},"model":"modelengine:spidermander_diamond/rightleg4"},{"predicate":{"custom_model_data":470},"model":"modelengine:villabomination_diamond/horns"},{"predicate":{"custom_model_data":471},"model":"modelengine:spidermander_diamond/rightleg3"},{"predicate":{"custom_model_data":472},"model":"modelengine:villabomination_diamond/jaw"},{"predicate":{"custom_model_data":473},"model":"modelengine:spidermander_diamond/leftleg3"},{"predicate":{"custom_model_data":474},"model":"modelengine:villabomination_diamond/arms_flipped"},{"predicate":{"custom_model_data":475},"model":"modelengine:spidermander_diamond/leftleg4"},{"predicate":{"custom_model_data":476},"model":"modelengine:villabomination_diamond/left_horn"},{"predicate":{"custom_model_data":477},"model":"modelengine:villabomination/body"},{"predicate":{"custom_model_data":478},"model":"modelengine:spidermander_diamond/head"},{"predicate":{"custom_model_data":479},"model":"modelengine:villabomination/left_leg"},{"predicate":{"custom_model_data":480},"model":"modelengine:spidermander_diamond/rightleg2"},{"predicate":{"custom_model_data":481},"model":"modelengine:villabomination/right_leg"},{"predicate":{"custom_model_data":482},"model":"modelengine:spidermander_diamond/neck"},{"predicate":{"custom_model_data":483},"model":"modelengine:villabomination/head2"},{"predicate":{"custom_model_data":484},"model":"modelengine:spidermander_diamond/leftleg2"},{"predicate":{"custom_model_data":485},"model":"modelengine:villabomination/arms_rotation"},{"predicate":{"custom_model_data":486},"model":"modelengine:spidermander_diamond/rightleg1"},{"predicate":{"custom_model_data":487},"model":"modelengine:villabomination/horns"},{"predicate":{"custom_model_data":488},"model":"modelengine:spidermander_diamond/leftleg1"},{"predicate":{"custom_model_data":489},"model":"modelengine:villabomination/jaw"},{"predicate":{"custom_model_data":490},"model":"modelengine:villabomination/arms_flipped"},{"predicate":{"custom_model_data":491},"model":"modelengine:villabomination/left_horn"},{"predicate":{"custom_model_data":492},"model":"modelengine:withermite/main"},{"predicate":{"custom_model_data":493},"model":"modelengine:withermite/body"},{"predicate":{"custom_model_data":494},"model":"modelengine:withermite/body3"},{"predicate":{"custom_model_data":495},"model":"modelengine:withermite_gold/main"},{"predicate":{"custom_model_data":496},"model":"modelengine:withermite_gold/body"},{"predicate":{"custom_model_data":497},"model":"modelengine:withermite_gold/body3"},{"predicate":{"custom_model_data":498},"model":"modelengine:withermite_diamond/main"},{"predicate":{"custom_model_data":499},"model":"modelengine:withermite_diamond/body"},{"predicate":{"custom_model_data":500},"model":"modelengine:withermite_diamond/body3"},{"predicate":{"custom_model_data":501},"model":"modelengine:withermite_rb/main"},{"predicate":{"custom_model_data":502},"model":"modelengine:withermite_rb/body"},{"predicate":{"custom_model_data":503},"model":"modelengine:withermite_rb/body3"},{"predicate":{"custom_model_data":504},"model":"modelengine:zombee_gold/body"},{"predicate":{"custom_model_data":505},"model":"modelengine:zombee_gold/left_arm"},{"predicate":{"custom_model_data":506},"model":"modelengine:zombee_gold/right_arm"},{"predicate":{"custom_model_data":507},"model":"modelengine:zombee_gold/right_leg"},{"predicate":{"custom_model_data":508},"model":"modelengine:zombee_gold/left_leg"},{"predicate":{"custom_model_data":509},"model":"modelengine:zombee_gold/torso"},{"predicate":{"custom_model_data":510},"model":"modelengine:zombee_gold/left_wing"},{"predicate":{"custom_model_data":511},"model":"modelengine:zombee_gold/right_wing"},{"predicate":{"custom_model_data":512},"model":"modelengine:zombee_rb/body"},{"predicate":{"custom_model_data":513},"model":"modelengine:zombee_rb/left_arm"},{"predicate":{"custom_model_data":514},"model":"modelengine:zombee_rb/right_arm"},{"predicate":{"custom_model_data":515},"model":"modelengine:zombee_rb/right_leg"},{"predicate":{"custom_model_data":516},"model":"modelengine:zombee_rb/left_leg"},{"predicate":{"custom_model_data":517},"model":"modelengine:zombee_rb/torso"},{"predicate":{"custom_model_data":518},"model":"modelengine:zombee_rb/left_wing"},{"predicate":{"custom_model_data":519},"model":"modelengine:zombee_rb/right_wing"},{"predicate":{"custom_model_data":520},"model":"modelengine:villabomination_rb/body"},{"predicate":{"custom_model_data":521},"model":"modelengine:villabomination_rb/left_leg"},{"predicate":{"custom_model_data":522},"model":"modelengine:villabomination_rb/right_leg"},{"predicate":{"custom_model_data":523},"model":"modelengine:villabomination_rb/head2"},{"predicate":{"custom_model_data":524},"model":"modelengine:villabomination_rb/arms_rotation"},{"predicate":{"custom_model_data":525},"model":"modelengine:villabomination_rb/horns"},{"predicate":{"custom_model_data":526},"model":"modelengine:villabomination_rb/jaw"},{"predicate":{"custom_model_data":527},"model":"modelengine:villabomination_rb/arms_flipped"},{"predicate":{"custom_model_data":528},"model":"modelengine:villabomination_rb/left_horn"},{"predicate":{"custom_model_data":529},"model":"modelengine:villabomination_gold/body"},{"predicate":{"custom_model_data":530},"model":"modelengine:villabomination_gold/left_leg"},{"predicate":{"custom_model_data":531},"model":"modelengine:villabomination_gold/right_leg"},{"predicate":{"custom_model_data":532},"model":"modelengine:villabomination_gold/head2"},{"predicate":{"custom_model_data":533},"model":"modelengine:villabomination_gold/arms_rotation"},{"predicate":{"custom_model_data":534},"model":"modelengine:villabomination_gold/horns"},{"predicate":{"custom_model_data":535},"model":"modelengine:villabomination_gold/jaw"},{"predicate":{"custom_model_data":536},"model":"modelengine:villabomination_gold/arms_flipped"},{"predicate":{"custom_model_data":537},"model":"modelengine:villabomination_gold/left_horn"},{"predicate":{"custom_model_data":538},"model":"modelengine:spidermander_rainbow/body"},{"predicate":{"custom_model_data":539},"model":"modelengine:spidermander_rainbow/rightleg4"},{"predicate":{"custom_model_data":540},"model":"modelengine:spidermander_rainbow/rightleg3"},{"predicate":{"custom_model_data":541},"model":"modelengine:spidermander_rainbow/leftleg3"},{"predicate":{"custom_model_data":542},"model":"modelengine:spidermander_rainbow/leftleg4"},{"predicate":{"custom_model_data":543},"model":"modelengine:spidermander_rainbow/head"},{"predicate":{"custom_model_data":544},"model":"modelengine:spidermander_rainbow/rightleg2"},{"predicate":{"custom_model_data":545},"model":"modelengine:spidermander_rainbow/neck"},{"predicate":{"custom_model_data":546},"model":"modelengine:spidermander_rainbow/leftleg2"},{"predicate":{"custom_model_data":547},"model":"modelengine:spidermander_rainbow/rightleg1"},{"predicate":{"custom_model_data":548},"model":"modelengine:spidermander_rainbow/leftleg1"},{"predicate":{"custom_model_data":549},"model":"modelengine:zombee/body"},{"predicate":{"custom_model_data":550},"model":"modelengine:zombee/left_arm"},{"predicate":{"custom_model_data":551},"model":"modelengine:zombee/right_arm"},{"predicate":{"custom_model_data":552},"model":"modelengine:zombee/right_leg"},{"predicate":{"custom_model_data":553},"model":"modelengine:zombee/left_leg"},{"predicate":{"custom_model_data":554},"model":"modelengine:zombee/torso"},{"predicate":{"custom_model_data":555},"model":"modelengine:zombee/left_wing"},{"predicate":{"custom_model_data":556},"model":"modelengine:zombee/right_wing"},{"predicate":{"custom_model_data":557},"model":"modelengine:zombee_diamond/body"},{"predicate":{"custom_model_data":558},"model":"modelengine:zombee_diamond/left_arm"},{"predicate":{"custom_model_data":559},"model":"modelengine:zombee_diamond/right_arm"},{"predicate":{"custom_model_data":560},"model":"modelengine:zombee_diamond/right_leg"},{"predicate":{"custom_model_data":561},"model":"modelengine:zombee_diamond/left_leg"},{"predicate":{"custom_model_data":562},"model":"modelengine:zombee_diamond/torso"},{"predicate":{"custom_model_data":563},"model":"modelengine:zombee_diamond/left_wing"},{"predicate":{"custom_model_data":564},"model":"modelengine:zombee_diamond/right_wing"}],"parent":"minecraft:item/generated","textures":{"layer0":"minecraft:item/leather_horse_armor"}}