{"textures":{"1":"modelengine:entity/ironcreeplorddiamond_17586578444440561","particle":"#1"},"elements":[{"from":[4.9222803,6.5,7.9998],"to":[10.92228,9.5,12.9998],"faces":{"east":{"uv":[2.0,7.0,1.375,7.375],"tintindex":0,"rotation":0,"texture":"#1"},"south":{"uv":[2.75,7.0,2.0,7.375],"tintindex":0,"rotation":0,"texture":"#1"},"north":{"uv":[1.375,7.0,0.625,7.375],"tintindex":0,"rotation":0,"texture":"#1"},"west":{"uv":[0.625,7.0,0.0,7.375],"tintindex":0,"rotation":0,"texture":"#1"},"up":{"uv":[0.625,7.0,1.375,6.375],"tintindex":0,"rotation":0,"texture":"#1"},"down":{"uv":[1.375,6.375,2.125,7.0],"tintindex":0,"rotation":0,"texture":"#1"}}}],"display":{"head":{"rotation":[0.0,0.0,0.0]},"firstperson_righthand":{"rotation":[0.0,0.0,0.0]},"thirdperson_lefthand":{"rotation":[0.0,-0.0,-0.0]},"firstperson_lefthand":{"rotation":[0.0,-0.0,-0.0]},"fixed":{"rotation":[0.0,0.0,0.0]},"ground":{"rotation":[0.0,0.0,0.0]},"thirdperson_righthand":{"rotation":[0.0,0.0,0.0]},"gui":{"rotation":[-150.0,-45.0,180.0]}}}