{"textures":{"0":"modelengine:entity/spidermander_17586578446719250","particle":"#0"},"elements":[{"from":[4.0,-1.0,0.0],"to":[12.0,7.0,8.0],"faces":{"east":{"uv":[0.0,7.0,2.0,9.0],"tintindex":0,"rotation":0,"texture":"#0"},"south":{"uv":[6.0,7.0,8.0,9.0],"tintindex":0,"rotation":0,"texture":"#0"},"north":{"uv":[2.0,7.0,4.0,9.0],"tintindex":0,"rotation":0,"texture":"#0"},"west":{"uv":[4.0,7.0,6.0,9.0],"tintindex":0,"rotation":0,"texture":"#0"},"up":{"uv":[4.0,7.0,2.0,5.0],"tintindex":0,"rotation":0,"texture":"#0"},"down":{"uv":[6.0,5.0,4.0,7.0],"tintindex":0,"rotation":0,"texture":"#0"}}}],"display":{"head":{"rotation":[0.0,0.0,0.0]},"firstperson_righthand":{"rotation":[0.0,0.0,0.0]},"thirdperson_lefthand":{"rotation":[0.0,-0.0,-0.0]},"firstperson_lefthand":{"rotation":[0.0,-0.0,-0.0]},"fixed":{"rotation":[0.0,0.0,0.0]},"ground":{"rotation":[0.0,0.0,0.0]},"thirdperson_righthand":{"rotation":[0.0,0.0,0.0]},"gui":{"rotation":[-150.0,-45.0,180.0]}}}