{"textures":{"0":"modelengine:entity/spidermander","particle":"#0"},"elements":[{"from":[5.0,0.0,5.0],"to":[11.0,6.0,11.0],"faces":{"east":{"uv":[9.0,10.5,10.5,12.0],"tintindex":0,"rotation":0,"texture":"#0"},"south":{"uv":[13.5,10.5,15.0,12.0],"tintindex":0,"rotation":0,"texture":"#0"},"north":{"uv":[10.5,10.5,12.0,12.0],"tintindex":0,"rotation":0,"texture":"#0"},"west":{"uv":[12.0,10.5,13.5,12.0],"tintindex":0,"rotation":0,"texture":"#0"},"up":{"uv":[12.0,10.5,10.5,9.0],"tintindex":0,"rotation":0,"texture":"#0"},"down":{"uv":[13.5,9.0,12.0,10.5],"tintindex":0,"rotation":0,"texture":"#0"}}}],"display":{"head":{"rotation":[0.0,0.0,0.0]},"firstperson_righthand":{"rotation":[0.0,0.0,0.0]},"thirdperson_lefthand":{"rotation":[0.0,-0.0,-0.0]},"firstperson_lefthand":{"rotation":[0.0,-0.0,-0.0]},"fixed":{"rotation":[0.0,0.0,0.0]},"ground":{"rotation":[0.0,0.0,0.0]},"thirdperson_righthand":{"rotation":[0.0,0.0,0.0]},"gui":{"rotation":[-150.0,-45.0,180.0]}}}