{"textures":{"0":"modelengine:entity/spidermander_17586578446719250","particle":"#0"},"elements":[{"from":[21.75,-2.0,8.0],"to":[23.75,8.0,8.0],"faces":{"south":{"uv":[0.0,10.0,0.5,12.5],"tintindex":0,"rotation":0,"texture":"#0"},"north":{"uv":[0.5,10.0,0.0,12.5],"tintindex":0,"rotation":0,"texture":"#0"}}},{"from":[7.75,5.0,7.0],"to":[23.75,7.0,9.0],"faces":{"east":{"uv":[0.0,9.5,0.5,10.0],"tintindex":0,"rotation":0,"texture":"#0"},"south":{"uv":[5.0,9.5,9.0,10.0],"tintindex":0,"rotation":0,"texture":"#0"},"north":{"uv":[0.5,9.5,4.5,10.0],"tintindex":0,"rotation":0,"texture":"#0"},"west":{"uv":[4.5,9.5,5.0,10.0],"tintindex":0,"rotation":0,"texture":"#0"},"up":{"uv":[4.5,9.5,0.5,9.0],"tintindex":0,"rotation":0,"texture":"#0"},"down":{"uv":[8.5,9.0,4.5,9.5],"tintindex":0,"rotation":0,"texture":"#0"}},"rotation":{"origin":[15.75,6.0,6.5],"angle":22.5,"axis":"z"}}],"display":{"head":{"rotation":[0.0,0.0,0.0]},"firstperson_righthand":{"rotation":[0.0,0.0,0.0]},"thirdperson_lefthand":{"rotation":[0.0,-0.0,-0.0]},"firstperson_lefthand":{"rotation":[0.0,-0.0,-0.0]},"fixed":{"rotation":[0.0,0.0,0.0]},"ground":{"rotation":[0.0,0.0,0.0]},"thirdperson_righthand":{"rotation":[0.0,0.0,0.0]},"gui":{"rotation":[-150.0,-45.0,180.0]}}}