{"textures":{"0":"modelengine:entity/slimerinerainbow_17586578444289330","particle":"#0"},"elements":[{"from":[4.0,4.58333,7.98333],"to":[12.0,11.58333,20.98333],"faces":{"east":{"uv":[0.0,3.25,3.25,5.0],"tintindex":0,"rotation":0,"texture":"#0"},"south":{"uv":[6.5,3.0,8.5,4.75],"tintindex":0,"rotation":0,"texture":"#0"},"north":{"uv":[5.5,6.25,7.5,8.0],"tintindex":0,"rotation":0,"texture":"#0"},"west":{"uv":[3.25,3.25,6.5,5.0],"tintindex":0,"rotation":0,"texture":"#0"},"up":{"uv":[2.0,3.25,0.0,0.0],"tintindex":0,"rotation":0,"texture":"#0"},"down":{"uv":[4.0,0.0,2.0,3.25],"tintindex":0,"rotation":0,"texture":"#0"}}},{"from":[5.0,5.58333,7.8833303],"to":[11.0,10.58333,19.883331],"faces":{"east":{"uv":[1.5,5.0,4.5,6.25],"tintindex":0,"rotation":0,"texture":"#0"},"south":{"uv":[9.0,8.75,10.5,10.0],"tintindex":0,"rotation":0,"texture":"#0"},"north":{"uv":[9.0,1.25,10.5,2.5],"tintindex":0,"rotation":0,"texture":"#0"},"west":{"uv":[4.5,5.0,7.5,6.25],"tintindex":0,"rotation":0,"texture":"#0"},"up":{"uv":[5.5,3.0,4.0,0.0],"tintindex":0,"rotation":0,"texture":"#0"},"down":{"uv":[1.5,5.0,0.0,8.0],"tintindex":0,"rotation":0,"texture":"#0"}}}],"display":{"head":{"rotation":[0.0,0.0,0.0]},"firstperson_righthand":{"rotation":[0.0,0.0,0.0]},"thirdperson_lefthand":{"rotation":[0.0,-0.0,-0.0]},"firstperson_lefthand":{"rotation":[0.0,-0.0,-0.0]},"fixed":{"rotation":[0.0,0.0,0.0]},"ground":{"rotation":[0.0,0.0,0.0]},"thirdperson_righthand":{"rotation":[0.0,0.0,0.0]},"gui":{"rotation":[-150.0,-45.0,180.0]}}}