{"textures":{"0":"modelengine:entity/slimerinerainbow_17586578444289330","particle":"#0"},"elements":[{"from":[4.0,4.0,2.1999998],"to":[12.0,11.0,8.2],"faces":{"east":{"uv":[3.0,8.0,4.5,9.75],"tintindex":0,"rotation":0,"texture":"#0"},"south":{"uv":[3.5,6.25,5.5,8.0],"tintindex":0,"rotation":0,"texture":"#0"},"north":{"uv":[1.5,6.25,3.5,8.0],"tintindex":0,"rotation":0,"texture":"#0"},"west":{"uv":[4.5,8.0,6.0,9.75],"tintindex":0,"rotation":0,"texture":"#0"},"up":{"uv":[9.5,8.75,7.5,7.25],"tintindex":0,"rotation":0,"texture":"#0"},"down":{"uv":[2.0,8.0,0.0,9.5],"tintindex":0,"rotation":0,"texture":"#0"}}},{"from":[7.0,4.0,-1.75],"to":[9.0,6.0,2.25],"faces":{"east":{"uv":[10.25,5.75,11.25,6.25],"tintindex":0,"rotation":0,"texture":"#0"},"south":{"uv":[6.5,10.5,7.0,11.0],"tintindex":0,"rotation":0,"texture":"#0"},"north":{"uv":[6.0,10.5,6.5,11.0],"tintindex":0,"rotation":0,"texture":"#0"},"west":{"uv":[10.25,6.25,11.25,6.75],"tintindex":0,"rotation":0,"texture":"#0"},"up":{"uv":[11.0,1.0,10.5,0.0],"tintindex":0,"rotation":0,"texture":"#0"},"down":{"uv":[1.0,10.5,0.5,11.5],"tintindex":0,"rotation":0,"texture":"#0"}}},{"from":[4.6,7.0,2.3999996],"to":[6.6,9.0,4.4],"faces":{"east":{"uv":[10.5,1.75,11.0,2.25],"tintindex":0,"rotation":0,"texture":"#0"},"south":{"uv":[3.25,10.5,3.75,11.0],"tintindex":0,"rotation":0,"texture":"#0"},"north":{"uv":[10.25,6.75,10.75,7.25],"tintindex":0,"rotation":0,"texture":"#0"},"west":{"uv":[3.75,10.5,4.25,11.0],"tintindex":0,"rotation":0,"texture":"#0"},"up":{"uv":[4.75,11.0,4.25,10.5],"tintindex":0,"rotation":0,"texture":"#0"},"down":{"uv":[5.25,10.5,4.75,11.0],"tintindex":0,"rotation":0,"texture":"#0"}}},{"from":[5.0,5.0,3.0],"to":[11.0,10.0,8.0],"faces":{"east":{"uv":[6.0,9.25,7.25,10.5],"tintindex":0,"rotation":0,"texture":"#0"},"south":{"uv":[8.5,2.75,10.0,4.0],"tintindex":0,"rotation":0,"texture":"#0"},"north":{"uv":[6.0,8.0,7.5,9.25],"tintindex":0,"rotation":0,"texture":"#0"},"west":{"uv":[10.0,2.5,11.25,3.75],"tintindex":0,"rotation":0,"texture":"#0"},"up":{"uv":[9.0,10.0,7.5,8.75],"tintindex":0,"rotation":0,"texture":"#0"},"down":{"uv":[10.5,0.0,9.0,1.25],"tintindex":0,"rotation":0,"texture":"#0"}}},{"from":[8.0,6.0,2.5],"to":[9.0,7.0,3.5],"faces":{"east":{"uv":[6.75,4.75,7.0,5.0],"tintindex":0,"rotation":0,"texture":"#0"},"south":{"uv":[7.0,4.75,7.25,5.0],"tintindex":0,"rotation":0,"texture":"#0"},"north":{"uv":[6.5,4.75,6.75,5.0],"tintindex":0,"rotation":0,"texture":"#0"},"west":{"uv":[7.25,4.75,7.5,5.0],"tintindex":0,"rotation":0,"texture":"#0"},"up":{"uv":[8.25,3.0,8.0,2.75],"tintindex":0,"rotation":0,"texture":"#0"},"down":{"uv":[8.5,2.75,8.25,3.0],"tintindex":0,"rotation":0,"texture":"#0"}}},{"from":[9.4,7.0,2.3999996],"to":[11.4,9.0,4.4],"faces":{"east":{"uv":[4.25,10.5,3.75,11.0],"tintindex":0,"rotation":0,"texture":"#0"},"south":{"uv":[3.75,10.5,3.25,11.0],"tintindex":0,"rotation":0,"texture":"#0"},"north":{"uv":[10.75,6.75,10.25,7.25],"tintindex":0,"rotation":0,"texture":"#0"},"west":{"uv":[11.0,1.75,10.5,2.25],"tintindex":0,"rotation":0,"texture":"#0"},"up":{"uv":[4.25,11.0,4.75,10.5],"tintindex":0,"rotation":0,"texture":"#0"},"down":{"uv":[4.75,10.5,5.25,11.0],"tintindex":0,"rotation":0,"texture":"#0"}}}],"display":{"head":{"rotation":[0.0,0.0,0.0]},"firstperson_righthand":{"rotation":[0.0,0.0,0.0]},"thirdperson_lefthand":{"rotation":[0.0,-0.0,-0.0]},"firstperson_lefthand":{"rotation":[0.0,-0.0,-0.0]},"fixed":{"rotation":[0.0,0.0,0.0]},"ground":{"rotation":[0.0,0.0,0.0]},"thirdperson_righthand":{"rotation":[0.0,0.0,0.0]},"gui":{"rotation":[-150.0,-45.0,180.0]}}}