{"textures":{"0":"modelengine:entity/dracobruterainbow_17586578447588470","particle":"#0"},"elements":[{"from":[7.5,0.0,10.0],"to":[8.5,3.0,12.0],"faces":{"east":{"uv":[4.75,3.5,5.0,3.875],"tintindex":0,"rotation":0,"texture":"#0"},"south":{"uv":[6.125,8.0,6.25,8.375],"tintindex":0,"rotation":0,"texture":"#0"},"north":{"uv":[8.0,6.0,8.125,6.375],"tintindex":0,"rotation":0,"texture":"#0"},"west":{"uv":[5.5,1.0,5.75,1.375],"tintindex":0,"rotation":0,"texture":"#0"},"up":{"uv":[8.125,7.125,8.0,6.875],"tintindex":0,"rotation":0,"texture":"#0"},"down":{"uv":[8.125,7.125,8.0,7.375],"tintindex":0,"rotation":0,"texture":"#0"}}},{"from":[7.5,-4.0,10.0],"to":[8.5,-1.0,12.0],"faces":{"east":{"uv":[5.5,1.375,5.75,1.75],"tintindex":0,"rotation":0,"texture":"#0"},"south":{"uv":[6.375,8.0,6.5,8.375],"tintindex":0,"rotation":0,"texture":"#0"},"north":{"uv":[6.25,8.0,6.375,8.375],"tintindex":0,"rotation":0,"texture":"#0"},"west":{"uv":[5.75,3.0,6.0,3.375],"tintindex":0,"rotation":0,"texture":"#0"},"up":{"uv":[8.125,7.625,8.0,7.375],"tintindex":0,"rotation":0,"texture":"#0"},"down":{"uv":[7.625,8.0,7.5,8.25],"tintindex":0,"rotation":0,"texture":"#0"}}},{"from":[4.0,-4.0,6.0],"to":[12.0,8.0,10.0],"faces":{"east":{"uv":[4.5,4.0,5.0,5.5],"tintindex":0,"rotation":0,"texture":"#0"},"south":{"uv":[3.5,0.0,4.5,1.5],"tintindex":0,"rotation":0,"texture":"#0"},"north":{"uv":[0.0,3.5,1.0,5.0],"tintindex":0,"rotation":0,"texture":"#0"},"west":{"uv":[4.75,2.0,5.25,3.5],"tintindex":0,"rotation":0,"texture":"#0"},"up":{"uv":[7.75,0.5,6.75,0.0],"tintindex":0,"rotation":0,"texture":"#0"},"down":{"uv":[7.75,0.5,6.75,1.0],"tintindex":0,"rotation":0,"texture":"#0"}}},{"from":[7.5,4.0,10.0],"to":[8.5,7.0,12.0],"faces":{"east":{"uv":[4.5,2.5,4.75,2.875],"tintindex":0,"rotation":0,"texture":"#0"},"south":{"uv":[6.0,8.0,6.125,8.375],"tintindex":0,"rotation":0,"texture":"#0"},"north":{"uv":[5.875,8.0,6.0,8.375],"tintindex":0,"rotation":0,"texture":"#0"},"west":{"uv":[3.0,4.5,3.25,4.875],"tintindex":0,"rotation":0,"texture":"#0"},"up":{"uv":[6.875,8.25,6.75,8.0],"tintindex":0,"rotation":0,"texture":"#0"},"down":{"uv":[7.0,8.0,6.875,8.25],"tintindex":0,"rotation":0,"texture":"#0"}}}],"display":{"head":{"rotation":[0.0,0.0,0.0]},"firstperson_righthand":{"rotation":[0.0,0.0,0.0]},"thirdperson_lefthand":{"rotation":[0.0,-0.0,-0.0]},"firstperson_lefthand":{"rotation":[0.0,-0.0,-0.0]},"fixed":{"rotation":[0.0,0.0,0.0]},"ground":{"rotation":[0.0,0.0,0.0]},"thirdperson_righthand":{"rotation":[0.0,0.0,0.0]},"gui":{"rotation":[-150.0,-45.0,180.0]}}}