{"textures":{"0":"modelengine:entity/dracobruterainbow_17586578447588470","particle":"#0"},"elements":[{"from":[7.0,3.0,6.0],"to":[8.0,8.0,10.0],"faces":{"east":{"uv":[4.5,7.0,5.0,7.625],"tintindex":0,"rotation":0,"texture":"#0"},"south":{"uv":[3.625,8.0,3.75,8.625],"tintindex":0,"rotation":0,"texture":"#0"},"north":{"uv":[7.375,7.875,7.5,8.5],"tintindex":0,"rotation":0,"texture":"#0"},"west":{"uv":[7.0,4.5,7.5,5.125],"tintindex":0,"rotation":0,"texture":"#0"},"up":{"uv":[2.875,7.5,2.75,7.0],"tintindex":0,"rotation":0,"texture":"#0"},"down":{"uv":[3.0,7.0,2.875,7.5],"tintindex":0,"rotation":0,"texture":"#0"}}}],"display":{"head":{"rotation":[0.0,0.0,0.0]},"firstperson_righthand":{"rotation":[0.0,0.0,0.0]},"thirdperson_lefthand":{"rotation":[0.0,-0.0,-0.0]},"firstperson_lefthand":{"rotation":[0.0,-0.0,-0.0]},"fixed":{"rotation":[0.0,0.0,0.0]},"ground":{"rotation":[0.0,0.0,0.0]},"thirdperson_righthand":{"rotation":[0.0,0.0,0.0]},"gui":{"rotation":[-150.0,-45.0,180.0]}}}