{"textures":{"0":"modelengine:entity/pigshroom","particle":"#0"},"elements":[{"from":[2.5,8.75,2.5],"to":[13.5,13.75,13.5],"faces":{"east":{"uv":[11.75,4.0,9.0,5.25],"tintindex":0,"rotation":0,"texture":"#0"},"south":{"uv":[9.0,4.0,11.75,5.25],"tintindex":0,"rotation":0,"texture":"#0"},"north":{"uv":[9.0,4.0,11.75,5.25],"tintindex":0,"rotation":0,"texture":"#0"},"west":{"uv":[11.75,4.0,9.0,5.25],"tintindex":0,"rotation":0,"texture":"#0"},"up":{"uv":[10.75,12.25,8.0,9.5],"tintindex":0,"rotation":0,"texture":"#0"},"down":{"uv":[2.75,10.0,0.0,12.75],"tintindex":0,"rotation":0,"texture":"#0"}}},{"from":[6.5,0.75,6.5],"to":[9.5,8.75,9.5],"faces":{"east":{"uv":[6.25,10.0,5.5,12.0],"tintindex":0,"rotation":0,"texture":"#0"},"south":{"uv":[5.5,10.0,6.25,12.0],"tintindex":0,"rotation":0,"texture":"#0"},"north":{"uv":[5.5,10.0,6.25,12.0],"tintindex":0,"rotation":0,"texture":"#0"},"west":{"uv":[6.25,10.0,5.5,12.0],"tintindex":0,"rotation":0,"texture":"#0"},"up":{"uv":[9.75,6.0,9.0,5.25],"tintindex":0,"rotation":0,"texture":"#0"},"down":{"uv":[10.5,5.25,9.75,6.0],"tintindex":0,"rotation":0,"texture":"#0"}}}],"display":{"head":{"rotation":[-5.854631,-13.834467,-23.210884]},"firstperson_righthand":{"rotation":[-5.854631,-13.834467,-23.210884]},"thirdperson_lefthand":{"rotation":[-5.854631,13.834467,23.210884]},"firstperson_lefthand":{"rotation":[-5.854631,13.834467,23.210884]},"fixed":{"rotation":[-5.854631,-13.834467,-23.210884]},"ground":{"rotation":[-5.854631,-13.834467,-23.210884]},"thirdperson_righthand":{"rotation":[-5.854631,-13.834467,-23.210884]},"gui":{"rotation":[-143.36981,-30.92603,161.61237]}}}