{"textures":{"0":"modelengine:entity/pigshroom_17586578445163630","particle":"#0"},"elements":[{"from":[6.0,5.0,-1.0],"to":[10.0,8.0,0.0],"faces":{"east":{"uv":[8.0,8.75,8.25,9.5],"tintindex":0,"rotation":0,"texture":"#0"},"south":{"uv":[9.5,8.75,10.5,9.5],"tintindex":0,"rotation":0,"texture":"#0"},"north":{"uv":[8.25,8.75,9.25,9.5],"tintindex":0,"rotation":0,"texture":"#0"},"west":{"uv":[9.25,8.75,9.5,9.5],"tintindex":0,"rotation":0,"texture":"#0"},"up":{"uv":[9.25,8.75,8.25,8.5],"tintindex":0,"rotation":0,"texture":"#0"},"down":{"uv":[10.25,8.5,9.25,8.75],"tintindex":0,"rotation":0,"texture":"#0"}}},{"from":[4.0,4.0,0.0],"to":[12.0,12.0,8.0],"faces":{"east":{"uv":[0.0,8.0,2.0,10.0],"tintindex":0,"rotation":0,"texture":"#0"},"south":{"uv":[6.0,8.0,8.0,10.0],"tintindex":0,"rotation":0,"texture":"#0"},"north":{"uv":[2.0,8.0,4.0,10.0],"tintindex":0,"rotation":0,"texture":"#0"},"west":{"uv":[4.0,8.0,6.0,10.0],"tintindex":0,"rotation":0,"texture":"#0"},"up":{"uv":[4.0,8.0,2.0,6.0],"tintindex":0,"rotation":0,"texture":"#0"},"down":{"uv":[6.0,6.0,4.0,8.0],"tintindex":0,"rotation":0,"texture":"#0"}}}],"display":{"head":{"rotation":[0.0,0.0,0.0]},"firstperson_righthand":{"rotation":[0.0,0.0,0.0]},"thirdperson_lefthand":{"rotation":[0.0,-0.0,-0.0]},"firstperson_lefthand":{"rotation":[0.0,-0.0,-0.0]},"fixed":{"rotation":[0.0,0.0,0.0]},"ground":{"rotation":[0.0,0.0,0.0]},"thirdperson_righthand":{"rotation":[0.0,0.0,0.0]},"gui":{"rotation":[-150.0,-45.0,180.0]}}}