{"textures":{"0":"modelengine:entity/snowlkerrb_17586578446091570","particle":"#0"},"elements":[{"from":[4.75,4.75,4.75],"to":[11.25,11.25,11.25],"faces":{"north":{"uv":[3.0,6.0,6.0,9.0],"tintindex":0,"rotation":0,"texture":"#0"}}},{"from":[5.0,5.0,5.0],"to":[11.0,11.0,11.0],"faces":{"east":{"uv":[0.0,9.0,3.0,6.0],"tintindex":0,"rotation":180,"texture":"#0"},"south":{"uv":[0.0,3.0,3.0,0.0],"tintindex":0,"rotation":0,"texture":"#0"},"north":{"uv":[0.0,0.0,3.0,3.0],"tintindex":0,"rotation":0,"texture":"#0"},"west":{"uv":[3.0,0.0,0.0,3.0],"tintindex":0,"rotation":0,"texture":"#0"},"up":{"uv":[3.0,9.0,0.0,6.0],"tintindex":0,"rotation":0,"texture":"#0"},"down":{"uv":[3.0,0.0,0.0,3.0],"tintindex":0,"rotation":0,"texture":"#0"}}}],"display":{"head":{"rotation":[0.0,0.0,0.0]},"firstperson_righthand":{"rotation":[0.0,0.0,0.0]},"thirdperson_lefthand":{"rotation":[0.0,-0.0,-0.0]},"firstperson_lefthand":{"rotation":[0.0,-0.0,-0.0]},"fixed":{"rotation":[0.0,0.0,0.0]},"ground":{"rotation":[0.0,0.0,0.0]},"thirdperson_righthand":{"rotation":[0.0,0.0,0.0]},"gui":{"rotation":[-150.0,-45.0,180.0]}}}