{"textures":{"1":"modelengine:entity/snowlkerrb_17586578446091641","particle":"#1"},"elements":[{"from":[14.658818,-13.710342,11.639275],"to":[16.658817,6.289657,13.639275],"faces":{"east":{"uv":[6.0,5.75,5.75,8.25],"tintindex":0,"rotation":0,"texture":"#1"},"south":{"uv":[6.0,0.0,6.25,2.5],"tintindex":0,"rotation":0,"texture":"#1"},"north":{"uv":[5.5,5.75,5.75,8.25],"tintindex":0,"rotation":0,"texture":"#1"},"west":{"uv":[6.25,5.75,6.0,8.25],"tintindex":0,"rotation":0,"texture":"#1"},"up":{"uv":[6.25,2.75,6.0,2.5],"tintindex":0,"rotation":0,"texture":"#1"},"down":{"uv":[6.25,2.75,6.0,3.0],"tintindex":0,"rotation":0,"texture":"#1"}}}],"display":{"head":{"rotation":[42.73421,15.699858,16.32495]},"firstperson_righthand":{"rotation":[42.73421,15.699858,16.32495]},"thirdperson_lefthand":{"rotation":[42.73421,-15.699858,-16.32495]},"firstperson_lefthand":{"rotation":[42.73421,-15.699858,-16.32495]},"fixed":{"rotation":[42.73421,15.699858,16.32495]},"ground":{"rotation":[42.73421,15.699858,16.32495]},"thirdperson_righthand":{"rotation":[42.73421,15.699858,16.32495]},"gui":{"rotation":[145.2895,-43.736412,154.7105]}}}