{"textures":{"0":"modelengine:entity/texture123","particle":"#0"},"elements":[{"from":[5.0108767,5.0931234,4.9021235],"to":[8.010877,8.093123,7.902123],"faces":{"east":{"uv":[9.0,9.0,10.5,7.5],"tintindex":0,"rotation":0,"texture":"#0"},"south":{"uv":[10.5,9.0,9.0,10.5],"tintindex":0,"rotation":0,"texture":"#0"},"north":{"uv":[3.0,9.0,4.5,10.5],"tintindex":0,"rotation":0,"texture":"#0"},"west":{"uv":[9.0,7.5,10.5,9.0],"tintindex":0,"rotation":0,"texture":"#0"},"up":{"uv":[9.0,9.0,10.5,10.5],"tintindex":0,"rotation":0,"texture":"#0"},"down":{"uv":[9.0,9.0,10.5,10.5],"tintindex":0,"rotation":0,"texture":"#0"}}}],"display":{"head":{"rotation":[-27.499998,1.9455294E-7,32.5]},"firstperson_righthand":{"rotation":[-27.499998,1.9455294E-7,32.5]},"thirdperson_lefthand":{"rotation":[-27.499998,-1.9455294E-7,-32.5]},"firstperson_lefthand":{"rotation":[-27.499998,-1.9455294E-7,-32.5]},"fixed":{"rotation":[-27.499998,1.9455294E-7,32.5]},"ground":{"rotation":[-27.499998,1.9455294E-7,32.5]},"thirdperson_righthand":{"rotation":[-27.499998,1.9455294E-7,32.5]},"gui":{"rotation":[-113.63976,-38.84468,-122.714935]}}}