{"textures":{"0":"modelengine:entity/lavasquito_17586578444217130","particle":"#0"},"elements":[{"from":[-0.014694214,25.534246,16.783785],"to":[2.9853058,28.534246,19.783785],"faces":{"east":{"uv":[9.0,9.0,10.5,7.5],"tintindex":0,"rotation":0,"texture":"#0"},"south":{"uv":[10.5,9.0,9.0,10.5],"tintindex":0,"rotation":0,"texture":"#0"},"north":{"uv":[3.0,9.0,4.5,10.5],"tintindex":0,"rotation":0,"texture":"#0"},"west":{"uv":[9.0,7.5,10.5,9.0],"tintindex":0,"rotation":0,"texture":"#0"},"up":{"uv":[9.0,9.0,10.5,10.5],"tintindex":0,"rotation":0,"texture":"#0"},"down":{"uv":[9.0,9.0,10.5,10.5],"tintindex":0,"rotation":0,"texture":"#0"}}}],"display":{"head":{"rotation":[-27.500006,30.000004,7.792638E-6]},"firstperson_righthand":{"rotation":[-27.500006,30.000004,7.792638E-6]},"thirdperson_lefthand":{"rotation":[-27.500006,-30.000004,-7.792638E-6]},"firstperson_lefthand":{"rotation":[-27.500006,-30.000004,-7.792638E-6]},"fixed":{"rotation":[-27.500006,30.000004,7.792638E-6]},"ground":{"rotation":[-27.500006,30.000004,7.792638E-6]},"thirdperson_righthand":{"rotation":[-27.500006,30.000004,7.792638E-6]},"gui":{"rotation":[-85.37048,-63.73208,-132.45985]}}}