{"textures":{"1":"modelengine:entity/74b25be8-d3c2-3867-b81f-5e1733adfe56","particle":"#1"},"elements":[{"from":[-5.4415665,0.27939558,8.0],"to":[-1.4415665,6.279395,8.0],"faces":{"south":{"uv":[2.5,5.5,1.5,7.0],"tintindex":0,"rotation":0,"texture":"#1"},"north":{"uv":[1.5,5.5,2.5,7.0],"tintindex":0,"rotation":0,"texture":"#1"}}}],"display":{"head":{"rotation":[0.0,0.0,-7.5]},"firstperson_righthand":{"rotation":[0.0,0.0,-7.5]},"thirdperson_lefthand":{"rotation":[0.0,-0.0,7.5]},"firstperson_lefthand":{"rotation":[0.0,-0.0,7.5]},"fixed":{"rotation":[0.0,0.0,-7.5]},"ground":{"rotation":[0.0,0.0,-7.5]},"thirdperson_righthand":{"rotation":[0.0,0.0,-7.5]},"gui":{"rotation":[-150.0,-45.0,172.5]}}}