{
  "format_version": "1.21.0",
  "minecraft:geometry": [
    {
      "description": {
        "identifier": "geometry.void_bat",
        "texture_width": 64,
        "texture_height": 64,
        "visible_bounds_width": 3,
        "visible_bounds_height": 2.5,
        "visible_bounds_offset": [
          0,
          0.75,
          0
        ]
      },
      "bones": [
        {
          "name": "rightarm",
          "pivot": [
            -5,
            22,
            0
          ]
        },
        {
          "name": "bone",
          "parent": "rightarm",
          "pivot": [
            -1.54,
            9.44,
            -5.7
          ],
          "cubes": [
            {
              "origin": [
                -8.74,
                11.84,
                -21.3
              ],
              "size": [
                4.2,
                4.2,
                10.2
              ],
              "uv": {
                "north": {
                  "uv": [
                    19,
                    18
                  ],
                  "uv_size": [
                    -7,
                    -7
                  ],
                  "uv_rotation": 180
                },
                "east": {
                  "uv": [
                    4,
                    0
                  ],
                  "uv_size": [
                    7,
                    17
                  ],
                  "uv_rotation": 90
                },
                "south": {
                  "uv": [
                    19,
                    18
                  ],
                  "uv_size": [
                    -7,
                    7
                  ]
                },
                "west": {
                  "uv": [
                    4,
                    0
                  ],
                  "uv_size": [
                    7,
                    17
                  ],
                  "uv_rotation": 270
                },
                "up": {
                  "uv": [
                    11,
                    17
                  ],
                  "uv_size": [
                    -7,
                    -17
                  ]
                },
                "down": {
                  "uv": [
                    11,
                    17
                  ],
                  "uv_size": [
                    -7,
                    -17
                  ],
                  "uv_rotation": 180
                }
              }
            },
            {
              "origin": [
                -8.14,
                12.44,
                -11.1
              ],
              "size": [
                3,
                3,
                6.6
              ],
              "uv": {
                "north": {
                  "uv": [
                    21,
                    5
                  ],
                  "uv_size": [
                    -5,
                    -5
                  ],
                  "uv_rotation": 180
                },
                "east": {
                  "uv": [
                    7,
                    17
                  ],
                  "uv_size": [
                    5,
                    11
                  ],
                  "uv_rotation": 90
                },
                "south": {
                  "uv": [
                    21,
                    5
                  ],
                  "uv_size": [
                    -5,
                    5
                  ]
                },
                "west": {
                  "uv": [
                    7,
                    17
                  ],
                  "uv_size": [
                    5,
                    11
                  ],
                  "uv_rotation": 270
                },
                "up": {
                  "uv": [
                    12,
                    28
                  ],
                  "uv_size": [
                    -5,
                    -11
                  ]
                },
                "down": {
                  "uv": [
                    12,
                    28
                  ],
                  "uv_size": [
                    -5,
                    -11
                  ],
                  "uv_rotation": 180
                }
              }
            },
            {
              "origin": [
                -7.54,
                13.04,
                -4.5
              ],
              "size": [
                1.8,
                1.8,
                7.2
              ],
              "uv": {
                "north": {
                  "uv": [
                    11,
                    31
                  ],
                  "uv_size": [
                    -3,
                    -3
                  ],
                  "uv_rotation": 180
                },
                "east": {
                  "uv": [
                    0,
                    28
                  ],
                  "uv_size": [
                    3,
                    12
                  ],
                  "uv_rotation": 90
                },
                "south": {
                  "uv": [
                    11,
                    31
                  ],
                  "uv_size": [
                    -3,
                    3
                  ]
                },
                "west": {
                  "uv": [
                    0,
                    28
                  ],
                  "uv_size": [
                    3,
                    12
                  ],
                  "uv_rotation": 270
                },
                "up": {
                  "uv": [
                    3,
                    40
                  ],
                  "uv_size": [
                    -3,
                    -12
                  ]
                },
                "down": {
                  "uv": [
                    3,
                    40
                  ],
                  "uv_size": [
                    -3,
                    -12
                  ],
                  "uv_rotation": 180
                }
              }
            },
            {
              "origin": [
                -8.14,
                12.44,
                2.7
              ],
              "size": [
                3,
                3,
                1.2
              ],
              "uv": {
                "north": {
                  "uv": [
                    8,
                    33
                  ],
                  "uv_size": [
                    -5,
                    -5
                  ],
                  "uv_rotation": 180
                },
                "east": {
                  "uv": [
                    18,
                    30
                  ],
                  "uv_size": [
                    5,
                    2
                  ],
                  "uv_rotation": 90
                },
                "south": {
                  "uv": [
                    23,
                    25
                  ],
                  "uv_size": [
                    -5,
                    5
                  ]
                },
                "west": {
                  "uv": [
                    18,
                    30
                  ],
                  "uv_size": [
                    5,
                    2
                  ],
                  "uv_rotation": 270
                },
                "up": {
                  "uv": [
                    23,
                    32
                  ],
                  "uv_size": [
                    -5,
                    -2
                  ]
                },
                "down": {
                  "uv": [
                    23,
                    32
                  ],
                  "uv_size": [
                    -5,
                    -2
                  ],
                  "uv_rotation": 180
                }
              }
            },
            {
              "origin": [
                -8.14,
                12.44,
                -22.5
              ],
              "size": [
                3,
                3,
                1.2
              ],
              "uv": {
                "north": {
                  "uv": [
                    24,
                    15
                  ],
                  "uv_size": [
                    -5,
                    -5
                  ],
                  "uv_rotation": 180
                },
                "east": {
                  "uv": [
                    21,
                    4
                  ],
                  "uv_size": [
                    5,
                    2
                  ],
                  "uv_rotation": 90
                },
                "south": {
                  "uv": [
                    24,
                    15
                  ],
                  "uv_size": [
                    -5,
                    5
                  ]
                },
                "west": {
                  "uv": [
                    21,
                    8
                  ],
                  "uv_size": [
                    5,
                    2
                  ],
                  "uv_rotation": 270
                },
                "up": {
                  "uv": [
                    26,
                    8
                  ],
                  "uv_size": [
                    -5,
                    -2
                  ]
                },
                "down": {
                  "uv": [
                    26,
                    4
                  ],
                  "uv_size": [
                    -5,
                    -2
                  ],
                  "uv_rotation": 180
                }
              }
            }
          ]
        }
      ]
    }
  ]
}
