{"textures":{"0":"modelengine:entity/withermite_17586578444733660","particle":"#0"},"elements":[{"from":[2.0,6.5,6.0],"to":[5.0,9.5,9.0],"faces":{"east":{"uv":[4.5,7.5,6.0,9.0],"tintindex":0,"rotation":0,"texture":"#0"},"south":{"uv":[7.5,5.0,9.0,6.5],"tintindex":0,"rotation":0,"texture":"#0"},"north":{"uv":[3.0,7.5,4.5,9.0],"tintindex":0,"rotation":0,"texture":"#0"},"west":{"uv":[7.5,6.5,9.0,8.0],"tintindex":0,"rotation":0,"texture":"#0"},"up":{"uv":[7.5,9.5,6.0,8.0],"tintindex":0,"rotation":0,"texture":"#0"},"down":{"uv":[9.0,8.0,7.5,9.5],"tintindex":0,"rotation":0,"texture":"#0"}}},{"from":[4.5,7.1,10.9],"to":[11.5,8.1,11.9],"faces":{"east":{"uv":[4.5,9.0,5.0,9.5],"tintindex":0,"rotation":0,"texture":"#0"},"south":{"uv":[7.5,3.5,12.0,4.0],"tintindex":0,"rotation":0,"texture":"#0"},"north":{"uv":[7.5,3.0,12.0,3.5],"tintindex":0,"rotation":0,"texture":"#0"},"west":{"uv":[5.0,9.0,5.5,9.5],"tintindex":0,"rotation":0,"texture":"#0"},"up":{"uv":[7.5,4.0,12.0,4.5],"tintindex":0,"rotation":0,"texture":"#0"},"down":{"uv":[7.5,4.5,12.0,5.0],"tintindex":0,"rotation":0,"texture":"#0"}}},{"from":[6.5,6.5,8.0],"to":[9.5,9.5,13.0],"faces":{"east":{"uv":[6.0,0.0,8.5,1.5],"tintindex":0,"rotation":0,"texture":"#0"},"south":{"uv":[8.5,0.0,10.0,1.5],"tintindex":0,"rotation":0,"texture":"#0"},"north":{"uv":[0.0,8.5,1.5,10.0],"tintindex":0,"rotation":0,"texture":"#0"},"west":{"uv":[6.0,1.5,8.5,3.0],"tintindex":0,"rotation":0,"texture":"#0"},"up":{"uv":[7.5,5.5,6.0,3.0],"tintindex":0,"rotation":0,"texture":"#0"},"down":{"uv":[7.5,5.5,6.0,8.0],"tintindex":0,"rotation":0,"texture":"#0"}}},{"from":[11.0,6.5,6.0],"to":[14.0,9.5,9.0],"faces":{"east":{"uv":[9.0,6.5,7.5,8.0],"tintindex":0,"rotation":0,"texture":"#0"},"south":{"uv":[9.0,5.0,7.5,6.5],"tintindex":0,"rotation":0,"texture":"#0"},"north":{"uv":[4.5,7.5,3.0,9.0],"tintindex":0,"rotation":0,"texture":"#0"},"west":{"uv":[6.0,7.5,4.5,9.0],"tintindex":0,"rotation":0,"texture":"#0"},"up":{"uv":[7.5,8.0,6.0,9.5],"tintindex":0,"rotation":0,"texture":"#0"},"down":{"uv":[9.0,8.0,7.5,9.5],"tintindex":0,"rotation":0,"texture":"#0"}}},{"from":[3.5,7.1,8.9],"to":[12.5,8.1,9.9],"faces":{"east":{"uv":[4.5,9.0,5.0,9.5],"tintindex":0,"rotation":0,"texture":"#0"},"south":{"uv":[7.5,3.5,12.0,4.0],"tintindex":0,"rotation":0,"texture":"#0"},"north":{"uv":[7.5,3.0,12.0,3.5],"tintindex":0,"rotation":0,"texture":"#0"},"west":{"uv":[5.0,9.0,5.5,9.5],"tintindex":0,"rotation":0,"texture":"#0"},"up":{"uv":[12.0,4.5,7.5,4.0],"tintindex":0,"rotation":0,"texture":"#0"},"down":{"uv":[12.0,4.5,7.5,5.0],"tintindex":0,"rotation":0,"texture":"#0"}}}],"display":{"head":{"rotation":[0.0,0.0,0.0]},"firstperson_righthand":{"rotation":[0.0,0.0,0.0]},"thirdperson_lefthand":{"rotation":[0.0,-0.0,-0.0]},"firstperson_lefthand":{"rotation":[0.0,-0.0,-0.0]},"fixed":{"rotation":[0.0,0.0,0.0]},"ground":{"rotation":[0.0,0.0,0.0]},"thirdperson_righthand":{"rotation":[0.0,0.0,0.0]},"gui":{"rotation":[-150.0,-45.0,180.0]}}}