{"textures":{"0":"modelengine:entity/texture","particle":"#0"},"elements":[{"from":[7.0,7.0,8.0],"to":[9.0,9.0,9.0],"faces":{"east":{"uv":[2.5,8.5,3.0,9.5],"tintindex":0,"rotation":0,"texture":"#0"},"south":{"uv":[8.5,1.5,9.5,2.5],"tintindex":0,"rotation":0,"texture":"#0"},"north":{"uv":[1.5,8.5,2.5,9.5],"tintindex":0,"rotation":0,"texture":"#0"},"west":{"uv":[3.0,9.0,3.5,10.0],"tintindex":0,"rotation":0,"texture":"#0"},"up":{"uv":[9.5,3.0,8.5,2.5],"tintindex":0,"rotation":0,"texture":"#0"},"down":{"uv":[4.5,9.0,3.5,9.5],"tintindex":0,"rotation":0,"texture":"#0"}}}],"display":{"head":{"rotation":[0.0,0.0,0.0]},"firstperson_righthand":{"rotation":[0.0,0.0,0.0]},"thirdperson_lefthand":{"rotation":[0.0,-0.0,-0.0]},"firstperson_lefthand":{"rotation":[0.0,-0.0,-0.0]},"fixed":{"rotation":[0.0,0.0,0.0]},"ground":{"rotation":[0.0,0.0,0.0]},"thirdperson_righthand":{"rotation":[0.0,0.0,0.0]},"gui":{"rotation":[-150.0,-45.0,180.0]}}}