{"textures":{"0":"modelengine:entity/texture","particle":"#0"},"elements":[{"from":[5.0,7.5,2.0],"to":[11.0,12.5,8.0],"faces":{"east":{"uv":[3.0,2.5,6.0,5.0],"tintindex":0,"rotation":0,"texture":"#0"},"south":{"uv":[3.0,5.0,6.0,7.5],"tintindex":0,"rotation":0,"texture":"#0"},"north":{"uv":[3.0,0.0,6.0,2.5],"tintindex":0,"rotation":0,"texture":"#0"},"west":{"uv":[0.0,6.0,3.0,8.5],"tintindex":0,"rotation":0,"texture":"#0"},"up":{"uv":[3.0,3.0,0.0,0.0],"tintindex":0,"rotation":0,"texture":"#0"},"down":{"uv":[3.0,3.0,0.0,6.0],"tintindex":0,"rotation":0,"texture":"#0"}}}],"display":{"head":{"rotation":[0.0,0.0,0.0]},"firstperson_righthand":{"rotation":[0.0,0.0,0.0]},"thirdperson_lefthand":{"rotation":[0.0,-0.0,-0.0]},"firstperson_lefthand":{"rotation":[0.0,-0.0,-0.0]},"fixed":{"rotation":[0.0,0.0,0.0]},"ground":{"rotation":[0.0,0.0,0.0]},"thirdperson_righthand":{"rotation":[0.0,0.0,0.0]},"gui":{"rotation":[-150.0,-45.0,180.0]}}}