{"textures":{"0":"modelengine:entity/ironcreeplordrb_17586578444948350","1":"modelengine:entity/ironcreeplordrb_17586578444948421","particle":"#1"},"elements":[{"from":[5.75,16.0,6.5],"to":[10.25,26.5,9.5],"faces":{"east":{"uv":[0.0,3.75,0.75,6.375],"tintindex":0,"rotation":0,"texture":"#1"},"south":{"uv":[2.625,3.75,3.75,6.375],"tintindex":0,"rotation":0,"texture":"#1"},"north":{"uv":[0.75,3.75,1.875,6.375],"tintindex":0,"rotation":0,"texture":"#1"},"west":{"uv":[1.875,3.75,2.625,6.375],"tintindex":0,"rotation":0,"texture":"#1"},"up":{"uv":[1.875,3.75,0.75,3.0],"tintindex":0,"rotation":0,"texture":"#1"},"down":{"uv":[3.0,3.0,1.875,3.75],"tintindex":0,"rotation":0,"texture":"#1"}}},{"from":[5.25,21.0,5.5],"to":[10.75,25.5,8.5],"faces":{"east":{"uv":[5.25,3.625,6.0,4.75],"tintindex":0,"rotation":0,"texture":"#1"},"south":{"uv":[8.125,3.625,9.5,4.75],"tintindex":0,"rotation":0,"texture":"#1"},"north":{"uv":[6.0,3.625,7.375,4.75],"tintindex":0,"rotation":0,"texture":"#1"},"west":{"uv":[7.375,3.625,8.125,4.75],"tintindex":0,"rotation":0,"texture":"#1"},"up":{"uv":[7.375,3.625,6.0,2.875],"tintindex":0,"rotation":0,"texture":"#1"},"down":{"uv":[8.75,2.875,7.375,3.625],"tintindex":0,"rotation":0,"texture":"#1"}}},{"from":[9.125,20.875,5.375],"to":[10.875,25.625,7.125],"faces":{"east":{"uv":[9.5,3.625,9.875,4.75],"tintindex":0,"rotation":0,"texture":"#1"},"south":{"uv":[10.625,3.625,11.0,4.75],"tintindex":0,"rotation":0,"texture":"#1"},"north":{"uv":[9.875,3.625,10.25,4.75],"tintindex":0,"rotation":0,"texture":"#1"},"west":{"uv":[10.25,3.625,10.625,4.75],"tintindex":0,"rotation":0,"texture":"#1"},"up":{"uv":[10.25,3.625,9.875,3.25],"tintindex":0,"rotation":0,"texture":"#1"},"down":{"uv":[10.625,3.25,10.25,3.625],"tintindex":0,"rotation":0,"texture":"#1"}}},{"from":[5.75,21.75,5.0],"to":[10.25,24.25,5.5],"faces":{"east":{"uv":[0.0,0.5,0.5,3.0],"tintindex":0,"rotation":0,"texture":"#0"},"south":{"uv":[5.5,0.5,10.0,3.0],"tintindex":0,"rotation":0,"texture":"#0"},"north":{"uv":[0.5,0.5,5.0,3.0],"tintindex":0,"rotation":0,"texture":"#0"},"west":{"uv":[5.0,0.5,5.5,3.0],"tintindex":0,"rotation":0,"texture":"#0"},"up":{"uv":[5.0,0.5,0.5,0.0],"tintindex":0,"rotation":0,"texture":"#0"},"down":{"uv":[9.5,0.0,5.0,0.5],"tintindex":0,"rotation":0,"texture":"#0"}}},{"from":[7.125,20.875,5.375],"to":[8.875,25.625,7.125],"faces":{"east":{"uv":[9.5,3.625,9.875,4.75],"tintindex":0,"rotation":0,"texture":"#1"},"south":{"uv":[10.625,3.625,11.0,4.75],"tintindex":0,"rotation":0,"texture":"#1"},"north":{"uv":[9.875,3.625,10.25,4.75],"tintindex":0,"rotation":0,"texture":"#1"},"west":{"uv":[10.25,3.625,10.625,4.75],"tintindex":0,"rotation":0,"texture":"#1"},"up":{"uv":[10.25,3.625,9.875,3.25],"tintindex":0,"rotation":0,"texture":"#1"},"down":{"uv":[10.625,3.25,10.25,3.625],"tintindex":0,"rotation":0,"texture":"#1"}}},{"from":[5.125,20.875,5.375],"to":[6.875,25.625,7.125],"faces":{"east":{"uv":[9.5,3.625,9.875,4.75],"tintindex":0,"rotation":0,"texture":"#1"},"south":{"uv":[10.625,3.625,11.0,4.75],"tintindex":0,"rotation":0,"texture":"#1"},"north":{"uv":[9.875,3.625,10.25,4.75],"tintindex":0,"rotation":0,"texture":"#1"},"west":{"uv":[10.25,3.625,10.625,4.75],"tintindex":0,"rotation":0,"texture":"#1"},"up":{"uv":[10.25,3.625,9.875,3.25],"tintindex":0,"rotation":0,"texture":"#1"},"down":{"uv":[10.625,3.25,10.25,3.625],"tintindex":0,"rotation":0,"texture":"#1"}}},{"from":[5.125,20.875,7.325],"to":[6.875,25.625,9.075],"faces":{"east":{"uv":[9.5,3.625,9.875,4.75],"tintindex":0,"rotation":0,"texture":"#1"},"south":{"uv":[10.625,3.625,11.0,4.75],"tintindex":0,"rotation":0,"texture":"#1"},"north":{"uv":[9.875,3.625,10.25,4.75],"tintindex":0,"rotation":0,"texture":"#1"},"west":{"uv":[10.25,3.625,10.625,4.75],"tintindex":0,"rotation":0,"texture":"#1"},"up":{"uv":[10.25,3.625,9.875,3.25],"tintindex":0,"rotation":0,"texture":"#1"},"down":{"uv":[10.625,3.25,10.25,3.625],"tintindex":0,"rotation":0,"texture":"#1"}}},{"from":[9.125,20.875,7.325],"to":[10.875,25.625,9.075],"faces":{"east":{"uv":[9.5,3.625,9.875,4.75],"tintindex":0,"rotation":0,"texture":"#1"},"south":{"uv":[10.625,3.625,11.0,4.75],"tintindex":0,"rotation":0,"texture":"#1"},"north":{"uv":[9.875,3.625,10.25,4.75],"tintindex":0,"rotation":0,"texture":"#1"},"west":{"uv":[10.25,3.625,10.625,4.75],"tintindex":0,"rotation":0,"texture":"#1"},"up":{"uv":[10.25,3.625,9.875,3.25],"tintindex":0,"rotation":0,"texture":"#1"},"down":{"uv":[10.625,3.25,10.25,3.625],"tintindex":0,"rotation":0,"texture":"#1"}}}],"display":{"head":{"rotation":[0.0,0.0,0.0]},"firstperson_righthand":{"rotation":[0.0,0.0,0.0]},"thirdperson_lefthand":{"rotation":[0.0,-0.0,-0.0]},"firstperson_lefthand":{"rotation":[0.0,-0.0,-0.0]},"fixed":{"rotation":[0.0,0.0,0.0]},"ground":{"rotation":[0.0,0.0,0.0]},"thirdperson_righthand":{"rotation":[0.0,0.0,0.0]},"gui":{"rotation":[-150.0,-45.0,180.0]}}}