{"textures":{"1":"modelengine:entity/ironcreeplordrb_17586578444948421","particle":"#1"},"elements":[{"from":[5.875,24.375,4.125],"to":[12.125,30.625,10.375],"faces":{"east":{"uv":[5.25,7.125,6.75,8.625],"tintindex":0,"rotation":0,"texture":"#1"},"south":{"uv":[6.75,7.125,8.25,8.625],"tintindex":0,"rotation":0,"texture":"#1"},"north":{"uv":[6.5,4.75,8.0,6.25],"tintindex":0,"rotation":0,"texture":"#1"},"west":{"uv":[2.75,7.25,4.25,8.75],"tintindex":0,"rotation":0,"texture":"#1"},"up":{"uv":[1.5,8.875,0.0,7.375],"tintindex":0,"rotation":0,"texture":"#1"},"down":{"uv":[9.0,0.0,7.5,1.5],"tintindex":0,"rotation":0,"texture":"#1"}}},{"from":[6.0,24.5,4.25],"to":[12.0,30.5,10.25],"faces":{"east":{"uv":[0.0,1.5,1.5,3.0],"tintindex":0,"rotation":0,"texture":"#1"},"south":{"uv":[4.5,1.5,6.0,3.0],"tintindex":0,"rotation":0,"texture":"#1"},"north":{"uv":[1.5,1.5,3.0,3.0],"tintindex":0,"rotation":0,"texture":"#1"},"west":{"uv":[3.0,1.5,4.5,3.0],"tintindex":0,"rotation":0,"texture":"#1"},"up":{"uv":[3.0,1.5,1.5,0.0],"tintindex":0,"rotation":0,"texture":"#1"},"down":{"uv":[4.5,0.0,3.0,1.5],"tintindex":0,"rotation":0,"texture":"#1"}}}],"display":{"head":{"rotation":[0.0,0.0,0.0]},"firstperson_righthand":{"rotation":[0.0,0.0,0.0]},"thirdperson_lefthand":{"rotation":[0.0,-0.0,-0.0]},"firstperson_lefthand":{"rotation":[0.0,-0.0,-0.0]},"fixed":{"rotation":[0.0,0.0,0.0]},"ground":{"rotation":[0.0,0.0,0.0]},"thirdperson_righthand":{"rotation":[0.0,0.0,0.0]},"gui":{"rotation":[-150.0,-45.0,180.0]}}}