{"textures":{"1":"modelengine:entity/ironcreeplordrb_17586578444948421","particle":"#1"},"elements":[{"from":[4.92127,6.5,3.9777398],"to":[10.92127,9.5,7.97774],"faces":{"east":{"uv":[2.75,6.875,3.25,7.25],"tintindex":0,"rotation":0,"texture":"#1"},"south":{"uv":[4.5,6.875,5.25,7.25],"tintindex":0,"rotation":0,"texture":"#1"},"north":{"uv":[3.25,6.875,4.0,7.25],"tintindex":0,"rotation":0,"texture":"#1"},"west":{"uv":[4.0,6.875,4.5,7.25],"tintindex":0,"rotation":0,"texture":"#1"},"up":{"uv":[4.0,6.875,3.25,6.375],"tintindex":0,"rotation":0,"texture":"#1"},"down":{"uv":[4.75,6.375,4.0,6.875],"tintindex":0,"rotation":0,"texture":"#1"}}}],"display":{"head":{"rotation":[0.0,0.0,0.0]},"firstperson_righthand":{"rotation":[0.0,0.0,0.0]},"thirdperson_lefthand":{"rotation":[0.0,-0.0,-0.0]},"firstperson_lefthand":{"rotation":[0.0,-0.0,-0.0]},"fixed":{"rotation":[0.0,0.0,0.0]},"ground":{"rotation":[0.0,0.0,0.0]},"thirdperson_righthand":{"rotation":[0.0,0.0,0.0]},"gui":{"rotation":[-150.0,-45.0,180.0]}}}