{"textures":{"0":"modelengine:entity/pigshroomrb_17586578446999300","particle":"#0"},"elements":[{"from":[3.0,2.0,1.0],"to":[13.0,18.0,9.0],"faces":{"east":{"uv":[0.0,2.0,2.0,6.0],"tintindex":0,"rotation":0,"texture":"#0"},"south":{"uv":[6.5,2.0,9.0,6.0],"tintindex":0,"rotation":0,"texture":"#0"},"north":{"uv":[2.0,2.0,4.5,6.0],"tintindex":0,"rotation":0,"texture":"#0"},"west":{"uv":[4.5,2.0,6.5,6.0],"tintindex":0,"rotation":0,"texture":"#0"},"up":{"uv":[4.5,2.0,2.0,0.0],"tintindex":0,"rotation":0,"texture":"#0"},"down":{"uv":[7.0,0.0,4.5,2.0],"tintindex":0,"rotation":0,"texture":"#0"}}}],"display":{"head":{"rotation":[0.0,0.0,0.0]},"firstperson_righthand":{"rotation":[0.0,0.0,0.0]},"thirdperson_lefthand":{"rotation":[0.0,-0.0,-0.0]},"firstperson_lefthand":{"rotation":[0.0,-0.0,-0.0]},"fixed":{"rotation":[0.0,0.0,0.0]},"ground":{"rotation":[0.0,0.0,0.0]},"thirdperson_righthand":{"rotation":[0.0,0.0,0.0]},"gui":{"rotation":[-150.0,-45.0,180.0]}}}