{
  "format_version": "1.14.0",
  "sound_definitions": {
    "custom.axolobee": {
      "category": "neutral",
      "sounds": ["sounds/custom/axolobee.mp3"]
    },
    "custom.blezz-arden": {
      "category": "neutral",
      "sounds": ["sounds/custom/blezz-arden.mp3"]
    },
    "custom.creepleton": {
      "category": "neutral",
      "sounds": ["sounds/custom/creepleton.mp3"]
    },
    "custom.creeplord": {
      "category": "neutral",
      "sounds": ["sounds/custom/creeplord.mp3"]
    },
    "custom.dracobrute": {
      "category": "neutral",
      "sounds": ["sounds/custom/dracobrute.mp3"]
    },
    "custom.ghastmare": {
      "category": "neutral",
      "sounds": ["sounds/custom/ghastmare.mp3"]
    },
    "custom.lavasquito": {
      "category": "neutral",
      "sounds": ["sounds/custom/lavasquito.mp3"]
    },
    "custom.porco-fungo": {
      "category": "neutral",
      "sounds": ["sounds/custom/porco-fungo.mp3"]
    },
    "custom.slimerine": {
      "category": "neutral",
      "sounds": ["sounds/custom/slimerine.mp3"]
    },
    "custom.snollini": {
      "category": "neutral",
      "sounds": ["sounds/custom/snollini.mp3"]
    },
    "custom.spide-mando": {
      "category": "neutral",
      "sounds": ["sounds/custom/spide-mando.mp3"]
    },
    "custom.villa-ation": {
      "category": "neutral",
      "sounds": ["sounds/custom/villa-ation.mp3"]
    },
    "custom.withermite": {
      "category": "neutral",
      "sounds": ["sounds/custom/withermite.mp3"]
    },
    "custom.zombini": {
      "category": "neutral",
      "sounds": ["sounds/custom/zombini.mp3"]
    }
  }
}
