{
  "format_version": "1.14.0",
  "sound_definitions": {
    "custom.axolobino": {
      "category": "neutral",
      "sounds": ["sounds/custom/axolobino.mp3"]
    },
    "custom.blezzivardone": {
      "category": "neutral",
      "sounds": ["sounds/custom/blezzivardone.mp3"]
    },
    "custom.creeplardo": {
      "category": "neutral",
      "sounds": ["sounds/custom/creeplardo.mp3"]
    },
    "custom.creepolini": {
      "category": "neutral",
      "sounds": ["sounds/custom/creepolini.mp3"]
    },
    "custom.dracobruto": {
      "category": "neutral",
      "sounds": ["sounds/custom/dracobruto.mp3"]
    },
    "custom.gastmarello": {
      "category": "neutral",
      "sounds": ["sounds/custom/gastmarello.mp3"]
    },
    "custom.lavasquito": {
      "category": "neutral",
      "sounds": ["sounds/custom/lavasquito.mp3"]
    },
    "custom.porcofungo": {
      "category": "neutral",
      "sounds": ["sounds/custom/porcofungo.mp3"]
    },
    "custom.slimerini": {
      "category": "neutral",
      "sounds": ["sounds/custom/slimerini.mp3"]
    },
    "custom.snollini": {
      "category": "neutral",
      "sounds": ["sounds/custom/snollini.mp3"]
    },
    "custom.spidermandozzo": {
      "category": "neutral",
      "sounds": ["sounds/custom/spidermandozzo.mp3"]
    },
    "custom.villabroccione": {
      "category": "neutral",
      "sounds": ["sounds/custom/villabroccione.mp3"]
    },
    "custom.withermito": {
      "category": "neutral",
      "sounds": ["sounds/custom/withermito.mp3"]
    },
    "custom.zombini": {
      "category": "neutral",
      "sounds": ["sounds/custom/zombini.mp3"]
    }
  }
}
