{"textures":{"1":"modelengine:entity/74b25be8-d3c2-3867-b81f-5e1733adfe56","particle":"#1"},"elements":[{"from":[3.5,8.5,3.5],"to":[12.5,17.5,12.5],"faces":{"east":{"uv":[0.0,4.25,1.25,5.5],"tintindex":0,"rotation":0,"texture":"#1"},"south":{"uv":[3.75,4.25,5.0,5.5],"tintindex":0,"rotation":0,"texture":"#1"},"north":{"uv":[1.25,4.25,2.5,5.5],"tintindex":0,"rotation":0,"texture":"#1"},"west":{"uv":[2.5,4.25,3.75,5.5],"tintindex":0,"rotation":0,"texture":"#1"},"up":{"uv":[2.5,4.25,1.25,3.0],"tintindex":0,"rotation":0,"texture":"#1"},"down":{"uv":[3.75,3.0,2.5,4.25],"tintindex":0,"rotation":0,"texture":"#1"}}}],"display":{"head":{"rotation":[0.0,0.0,0.0]},"firstperson_righthand":{"rotation":[0.0,0.0,0.0]},"thirdperson_lefthand":{"rotation":[0.0,-0.0,-0.0]},"firstperson_lefthand":{"rotation":[0.0,-0.0,-0.0]},"fixed":{"rotation":[0.0,0.0,0.0]},"ground":{"rotation":[0.0,0.0,0.0]},"thirdperson_righthand":{"rotation":[0.0,0.0,0.0]},"gui":{"rotation":[-150.0,-45.0,180.0]}}}