{"textures":{"1":"modelengine:entity/74b25be8-d3c2-3867-b81f-5e1733adfe56","particle":"#1"},"elements":[{"from":[2.5,8.5,2.5],"to":[13.5,19.5,13.5],"faces":{"east":{"uv":[0.0,1.5,1.5,3.0],"tintindex":0,"rotation":0,"texture":"#1"},"south":{"uv":[4.5,1.5,6.0,3.0],"tintindex":0,"rotation":0,"texture":"#1"},"north":{"uv":[1.5,1.5,3.0,3.0],"tintindex":0,"rotation":0,"texture":"#1"},"west":{"uv":[3.0,1.5,4.5,3.0],"tintindex":0,"rotation":0,"texture":"#1"},"up":{"uv":[3.0,1.5,1.5,0.0],"tintindex":0,"rotation":0,"texture":"#1"},"down":{"uv":[4.5,0.0,3.0,1.5],"tintindex":0,"rotation":0,"texture":"#1"}}}],"display":{"head":{"rotation":[0.0,0.0,0.0]},"firstperson_righthand":{"rotation":[0.0,0.0,0.0]},"thirdperson_lefthand":{"rotation":[0.0,-0.0,-0.0]},"firstperson_lefthand":{"rotation":[0.0,-0.0,-0.0]},"fixed":{"rotation":[0.0,0.0,0.0]},"ground":{"rotation":[0.0,0.0,0.0]},"thirdperson_righthand":{"rotation":[0.0,0.0,0.0]},"gui":{"rotation":[-150.0,-45.0,180.0]}}}