{"textures":{"0":"modelengine:entity/pigshroomrb_17586578446999300","particle":"#0"},"elements":[{"from":[6.12234,11.03639,0.0],"to":[6.12234,18.03639,8.0],"faces":{"east":{"uv":[9.75,2.25,11.75,4.0],"tintindex":0,"rotation":0,"texture":"#0"},"west":{"uv":[11.75,2.25,9.75,4.0],"tintindex":0,"rotation":0,"texture":"#0"}}},{"from":[2.1223402,11.03639,4.0],"to":[10.12234,18.03639,4.0],"faces":{"south":{"uv":[11.75,2.25,9.75,4.0],"tintindex":0,"rotation":0,"texture":"#0"},"north":{"uv":[9.75,2.25,11.75,4.0],"tintindex":0,"rotation":0,"texture":"#0"}}}],"display":{"head":{"rotation":[-0.0,0.0,20.0]},"firstperson_righthand":{"rotation":[-0.0,0.0,20.0]},"thirdperson_lefthand":{"rotation":[-0.0,-0.0,-20.0]},"firstperson_lefthand":{"rotation":[-0.0,-0.0,-20.0]},"fixed":{"rotation":[-0.0,0.0,20.0]},"ground":{"rotation":[-0.0,0.0,20.0]},"thirdperson_righthand":{"rotation":[-0.0,0.0,20.0]},"gui":{"rotation":[-150.0,-45.0,-160.0]}}}