{"textures":{"0":"modelengine:entity/ghastmaredia_17586578446157260","particle":"#0"},"elements":[{"from":[7.0,7.0,3.5000005],"to":[9.0,9.0,12.5],"faces":{"east":{"uv":[3.75,2.375,4.0,1.25],"tintindex":0,"rotation":90,"texture":"#0"},"south":{"uv":[5.75,3.0,6.0,3.25],"tintindex":0,"rotation":0,"texture":"#0"},"north":{"uv":[3.75,2.375,4.0,2.625],"tintindex":0,"rotation":0,"texture":"#0"},"west":{"uv":[4.0,1.25,3.75,2.375],"tintindex":0,"rotation":90,"texture":"#0"},"up":{"uv":[4.0,2.375,3.75,1.25],"tintindex":0,"rotation":0,"texture":"#0"},"down":{"uv":[3.75,1.25,4.0,2.375],"tintindex":0,"rotation":0,"texture":"#0"}}}],"display":{"head":{"rotation":[97.5,0.0,-0.0]},"firstperson_righthand":{"rotation":[97.5,0.0,-0.0]},"thirdperson_lefthand":{"rotation":[97.5,-0.0,0.0]},"firstperson_lefthand":{"rotation":[97.5,-0.0,0.0]},"fixed":{"rotation":[97.5,0.0,-0.0]},"ground":{"rotation":[97.5,0.0,-0.0]},"thirdperson_righthand":{"rotation":[97.5,0.0,-0.0]},"gui":{"rotation":[114.681526,5.295706,135.24614]}}}