{"textures":{"0":"modelengine:entity/ghastmaredia_17586578446157260","particle":"#0"},"elements":[{"from":[7.2,7.0,3.5],"to":[13.2,9.0,12.5],"faces":{"east":{"uv":[3.0,2.375,1.875,2.625],"tintindex":0,"rotation":0,"texture":"#0"},"south":{"uv":[3.75,2.375,3.0,2.625],"tintindex":0,"rotation":0,"texture":"#0"},"north":{"uv":[1.875,2.375,1.125,2.625],"tintindex":0,"rotation":0,"texture":"#0"},"west":{"uv":[1.125,2.375,0.0,2.625],"tintindex":0,"rotation":0,"texture":"#0"},"up":{"uv":[1.125,2.375,1.875,1.25],"tintindex":0,"rotation":0,"texture":"#0"},"down":{"uv":[1.875,1.25,2.625,2.375],"tintindex":0,"rotation":0,"texture":"#0"}}}],"display":{"head":{"rotation":[0.0,0.0,0.0]},"firstperson_righthand":{"rotation":[0.0,0.0,0.0]},"thirdperson_lefthand":{"rotation":[0.0,-0.0,-0.0]},"firstperson_lefthand":{"rotation":[0.0,-0.0,-0.0]},"fixed":{"rotation":[0.0,0.0,0.0]},"ground":{"rotation":[0.0,0.0,0.0]},"thirdperson_righthand":{"rotation":[0.0,0.0,0.0]},"gui":{"rotation":[-150.0,-45.0,180.0]}}}