{"textures":{"0":"modelengine:entity/ghastmaredia_17586578446157260","particle":"#0"},"elements":[{"from":[2.0,7.0,5.0],"to":[8.0,9.0,11.0],"faces":{"east":{"uv":[0.0,4.25,0.75,4.5],"tintindex":0,"rotation":0,"texture":"#0"},"south":{"uv":[2.25,4.25,3.0,4.5],"tintindex":0,"rotation":0,"texture":"#0"},"north":{"uv":[0.75,4.25,1.5,4.5],"tintindex":0,"rotation":0,"texture":"#0"},"west":{"uv":[1.5,4.25,2.25,4.5],"tintindex":0,"rotation":0,"texture":"#0"},"up":{"uv":[1.5,4.25,0.75,3.5],"tintindex":0,"rotation":0,"texture":"#0"},"down":{"uv":[2.25,3.5,1.5,4.25],"tintindex":0,"rotation":0,"texture":"#0"}}}],"display":{"head":{"rotation":[0.0,0.0,0.0]},"firstperson_righthand":{"rotation":[0.0,0.0,0.0]},"thirdperson_lefthand":{"rotation":[0.0,-0.0,-0.0]},"firstperson_lefthand":{"rotation":[0.0,-0.0,-0.0]},"fixed":{"rotation":[0.0,0.0,0.0]},"ground":{"rotation":[0.0,0.0,0.0]},"thirdperson_righthand":{"rotation":[0.0,0.0,0.0]},"gui":{"rotation":[-150.0,-45.0,180.0]}}}