{"textures":{"0":"modelengine:entity/zombee","particle":"#0"},"elements":[{"from":[5.0,-2.0,6.0],"to":[9.0,10.0,10.0],"faces":{"east":{"uv":[13.0,5.0,12.0,8.0],"tintindex":0,"rotation":0,"texture":"#0"},"south":{"uv":[14.0,5.0,13.0,8.0],"tintindex":0,"rotation":0,"texture":"#0"},"north":{"uv":[12.0,5.0,11.0,8.0],"tintindex":0,"rotation":0,"texture":"#0"},"west":{"uv":[11.0,5.0,10.0,8.0],"tintindex":0,"rotation":0,"texture":"#0"},"up":{"uv":[11.0,5.0,12.0,4.0],"tintindex":0,"rotation":0,"texture":"#0"},"down":{"uv":[12.0,4.0,13.0,5.0],"tintindex":0,"rotation":0,"texture":"#0"}}}],"display":{"head":{"rotation":[0.0,0.0,0.0]},"firstperson_righthand":{"rotation":[0.0,0.0,0.0]},"thirdperson_lefthand":{"rotation":[0.0,-0.0,-0.0]},"firstperson_lefthand":{"rotation":[0.0,-0.0,-0.0]},"fixed":{"rotation":[0.0,0.0,0.0]},"ground":{"rotation":[0.0,0.0,0.0]},"thirdperson_righthand":{"rotation":[0.0,0.0,0.0]},"gui":{"rotation":[-150.0,-45.0,180.0]}}}