{"textures":{"0":"modelengine:entity/zombee_17586578446365440","particle":"#0"},"elements":[{"from":[7.5,5.0,8.0],"to":[16.5,11.0,8.0],"faces":{"south":{"uv":[10.0,14.25,7.75,12.75],"tintindex":0,"rotation":0,"texture":"#0"},"north":{"uv":[12.25,12.75,10.0,14.25],"tintindex":0,"rotation":180,"texture":"#0"}}}],"display":{"head":{"rotation":[0.0,0.0,0.0]},"firstperson_righthand":{"rotation":[0.0,0.0,0.0]},"thirdperson_lefthand":{"rotation":[0.0,-0.0,-0.0]},"firstperson_lefthand":{"rotation":[0.0,-0.0,-0.0]},"fixed":{"rotation":[0.0,0.0,0.0]},"ground":{"rotation":[0.0,0.0,0.0]},"thirdperson_righthand":{"rotation":[0.0,0.0,0.0]},"gui":{"rotation":[-150.0,-45.0,180.0]}}}