{"textures":{"0":"modelengine:entity/zombee","particle":"#0"},"elements":[{"from":[4.0,5.0,3.0],"to":[12.0,13.0,13.0],"faces":{"east":{"uv":[6.25,10.75,8.75,12.5],"tintindex":0,"rotation":0,"texture":"#0"},"south":{"uv":[13.0,10.75,14.75,12.5],"tintindex":0,"rotation":0,"texture":"#0"},"north":{"uv":[14.0,14.0,16.0,16.0],"tintindex":0,"rotation":0,"texture":"#0"},"west":{"uv":[10.5,10.75,13.0,12.5],"tintindex":0,"rotation":0,"texture":"#0"},"up":{"uv":[10.5,10.75,8.75,8.25],"tintindex":0,"rotation":0,"texture":"#0"},"down":{"uv":[12.25,8.25,10.5,10.75],"tintindex":0,"rotation":0,"texture":"#0"}}},{"from":[5.25,10.75,0.0],"to":[6.25,12.75,3.0],"faces":{"east":{"uv":[6.75,9.0,7.5,9.5],"tintindex":0,"rotation":0,"texture":"#0"},"south":{"uv":[8.5,9.0,8.75,9.5],"tintindex":0,"rotation":0,"texture":"#0"},"north":{"uv":[7.5,9.0,7.75,9.5],"tintindex":0,"rotation":0,"texture":"#0"},"west":{"uv":[7.75,9.0,8.5,9.5],"tintindex":0,"rotation":0,"texture":"#0"},"up":{"uv":[7.75,9.0,7.5,8.25],"tintindex":0,"rotation":0,"texture":"#0"},"down":{"uv":[8.0,8.25,7.75,9.0],"tintindex":0,"rotation":0,"texture":"#0"}}},{"from":[9.75,10.75,0.0],"to":[10.75,12.75,3.0],"faces":{"east":{"uv":[6.75,9.75,7.5,10.25],"tintindex":0,"rotation":0,"texture":"#0"},"south":{"uv":[8.5,9.75,8.75,10.25],"tintindex":0,"rotation":0,"texture":"#0"},"north":{"uv":[7.5,9.75,7.75,10.25],"tintindex":0,"rotation":0,"texture":"#0"},"west":{"uv":[7.75,9.75,8.5,10.25],"tintindex":0,"rotation":0,"texture":"#0"},"up":{"uv":[7.75,9.75,7.5,9.0],"tintindex":0,"rotation":0,"texture":"#0"},"down":{"uv":[8.0,9.0,7.75,9.75],"tintindex":0,"rotation":0,"texture":"#0"}}},{"from":[8.0,8.5,13.0],"to":[8.0,9.5,15.0],"faces":{"east":{"uv":[12.25,10.5,12.75,10.75],"tintindex":0,"rotation":0,"texture":"#0"},"west":{"uv":[12.75,10.5,13.25,10.75],"tintindex":0,"rotation":0,"texture":"#0"}}}],"display":{"head":{"rotation":[0.0,0.0,0.0]},"firstperson_righthand":{"rotation":[0.0,0.0,0.0]},"thirdperson_lefthand":{"rotation":[0.0,-0.0,-0.0]},"firstperson_lefthand":{"rotation":[0.0,-0.0,-0.0]},"fixed":{"rotation":[0.0,0.0,0.0]},"ground":{"rotation":[0.0,0.0,0.0]},"thirdperson_righthand":{"rotation":[0.0,0.0,0.0]},"gui":{"rotation":[-150.0,-45.0,180.0]}}}