{"textures":{"0":"modelengine:entity/axolobeegold_17586578444667970","particle":"#0"},"elements":[{"from":[6.0,3.0,8.0],"to":[9.0,8.0,8.0],"faces":{"south":{"uv":[13.5,2.5,15.0,5.0],"tintindex":0,"rotation":0,"texture":"#0"},"north":{"uv":[13.5,2.5,15.0,5.0],"tintindex":0,"rotation":0,"texture":"#0"}}}],"display":{"head":{"rotation":[0.0,0.0,0.0]},"firstperson_righthand":{"rotation":[0.0,0.0,0.0]},"thirdperson_lefthand":{"rotation":[0.0,-0.0,-0.0]},"firstperson_lefthand":{"rotation":[0.0,-0.0,-0.0]},"fixed":{"rotation":[0.0,0.0,0.0]},"ground":{"rotation":[0.0,0.0,0.0]},"thirdperson_righthand":{"rotation":[0.0,0.0,0.0]},"gui":{"rotation":[-150.0,-45.0,180.0]}}}