{"textures":{"0":"modelengine:entity/axolobeegold_17586578444667970","particle":"#0"},"elements":[{"from":[4.0,8.0,8.0],"to":[12.0,11.0,8.0],"faces":{"south":{"uv":[0.0,12.5,4.0,14.0],"tintindex":0,"rotation":0,"texture":"#0"},"north":{"uv":[0.0,12.5,4.0,14.0],"tintindex":0,"rotation":0,"texture":"#0"}}}],"display":{"head":{"rotation":[0.0,0.0,0.0]},"firstperson_righthand":{"rotation":[0.0,0.0,0.0]},"thirdperson_lefthand":{"rotation":[0.0,-0.0,-0.0]},"firstperson_lefthand":{"rotation":[0.0,-0.0,-0.0]},"fixed":{"rotation":[0.0,0.0,0.0]},"ground":{"rotation":[0.0,0.0,0.0]},"thirdperson_righthand":{"rotation":[0.0,0.0,0.0]},"gui":{"rotation":[-150.0,-45.0,180.0]}}}