{"textures":{"0":"modelengine:entity/axolobee_17586578445564680","particle":"#0"},"elements":[{"from":[5.0,6.0,4.0],"to":[11.0,11.0,14.0],"faces":{"east":{"uv":[6.0,0.0,11.0,2.5],"tintindex":0,"rotation":0,"texture":"#0"},"south":{"uv":[11.0,0.0,14.0,2.5],"tintindex":0,"rotation":0,"texture":"#0"},"north":{"uv":[10.5,7.5,13.5,10.0],"tintindex":0,"rotation":0,"texture":"#0"},"west":{"uv":[6.0,2.5,11.0,5.0],"tintindex":0,"rotation":0,"texture":"#0"},"up":{"uv":[3.0,10.0,0.0,5.0],"tintindex":0,"rotation":0,"texture":"#0"},"down":{"uv":[6.0,5.0,3.0,10.0],"tintindex":0,"rotation":0,"texture":"#0"}}},{"from":[8.0,7.0,5.0],"to":[8.0,12.0,14.0],"faces":{"east":{"uv":[6.0,5.0,10.5,7.5],"tintindex":0,"rotation":0,"texture":"#0"},"west":{"uv":[6.0,7.5,10.5,10.0],"tintindex":0,"rotation":0,"texture":"#0"}}}],"display":{"head":{"rotation":[0.0,0.0,0.0]},"firstperson_righthand":{"rotation":[0.0,0.0,0.0]},"thirdperson_lefthand":{"rotation":[0.0,-0.0,-0.0]},"firstperson_lefthand":{"rotation":[0.0,-0.0,-0.0]},"fixed":{"rotation":[0.0,0.0,0.0]},"ground":{"rotation":[0.0,0.0,0.0]},"thirdperson_righthand":{"rotation":[0.0,0.0,0.0]},"gui":{"rotation":[-150.0,-45.0,180.0]}}}