{"textures":{"0":"modelengine:entity/axolobee_17586578445564680","particle":"#0"},"elements":[{"from":[4.0,6.0,3.0],"to":[12.0,11.0,8.0],"faces":{"east":{"uv":[11.0,2.5,13.5,5.0],"tintindex":0,"rotation":0,"texture":"#0"},"south":{"uv":[4.0,10.0,8.0,12.5],"tintindex":0,"rotation":0,"texture":"#0"},"north":{"uv":[0.0,10.0,4.0,12.5],"tintindex":0,"rotation":0,"texture":"#0"},"west":{"uv":[12.0,10.0,14.5,12.5],"tintindex":0,"rotation":0,"texture":"#0"},"up":{"uv":[12.0,12.5,8.0,10.0],"tintindex":0,"rotation":0,"texture":"#0"},"down":{"uv":[14.5,5.0,10.5,7.5],"tintindex":0,"rotation":0,"texture":"#0"}}}],"display":{"head":{"rotation":[0.0,0.0,0.0]},"firstperson_righthand":{"rotation":[0.0,0.0,0.0]},"thirdperson_lefthand":{"rotation":[0.0,-0.0,-0.0]},"firstperson_lefthand":{"rotation":[0.0,-0.0,-0.0]},"fixed":{"rotation":[0.0,0.0,0.0]},"ground":{"rotation":[0.0,0.0,0.0]},"thirdperson_righthand":{"rotation":[0.0,0.0,0.0]},"gui":{"rotation":[-150.0,-45.0,180.0]}}}