{"textures":{"0":"modelengine:entity/axolobee_17586578445564680","particle":"#0"},"elements":[{"from":[8.0,6.0,8.0],"to":[11.0,13.0,8.0],"faces":{"south":{"uv":[11.0,12.5,12.5,16.0],"tintindex":0,"rotation":0,"texture":"#0"},"north":{"uv":[8.0,12.5,9.5,16.0],"tintindex":0,"rotation":0,"texture":"#0"}}}],"display":{"head":{"rotation":[0.0,0.0,0.0]},"firstperson_righthand":{"rotation":[0.0,0.0,0.0]},"thirdperson_lefthand":{"rotation":[0.0,-0.0,-0.0]},"firstperson_lefthand":{"rotation":[0.0,-0.0,-0.0]},"fixed":{"rotation":[0.0,0.0,0.0]},"ground":{"rotation":[0.0,0.0,0.0]},"thirdperson_righthand":{"rotation":[0.0,0.0,0.0]},"gui":{"rotation":[-150.0,-45.0,180.0]}}}