{
  "textures": {
    "1": "item/custom/wooden_bat"
  },
  "elements": [
    {
      "from": [
        5,
        9,
        4
      ],
      "to": [
        12,
        26,
        11
      ],
      "rotation": {
        "angle": 0,
        "axis": "y",
        "origin": [
          0.5,
          0,
          -0.5
        ]
      },
      "faces": {
        "north": {
          "uv": [
            1,
            0,
            2.75,
            4.25
          ],
          "texture": "#1"
        },
        "east": {
          "uv": [
            1,
            0,
            2.75,
            4.25
          ],
          "texture": "#1"
        },
        "south": {
          "uv": [
            1,
            0,
            2.75,
            4.25
          ],
          "texture": "#1"
        },
        "west": {
          "uv": [
            1,
            0,
            2.75,
            4.25
          ],
          "texture": "#1"
        },
        "up": {
          "uv": [
            4.75,
            4.5,
            3,
            2.75
          ],
          "texture": "#1"
        },
        "down": {
          "uv": [
            4.75,
            4.5,
            3,
            6.25
          ],
          "texture": "#1"
        }
      }
    },
    {
      "from": [
        6,
        -2,
        5
      ],
      "to": [
        11,
        9,
        10
      ],
      "rotation": {
        "angle": 0,
        "axis": "y",
        "origin": [
          0.5,
          0,
          -0.5
        ]
      },
      "faces": {
        "north": {
          "uv": [
            1.75,
            4.25,
            3,
            7
          ],
          "texture": "#1"
        },
        "east": {
          "uv": [
            1.75,
            4.25,
            3,
            7
          ],
          "texture": "#1"
        },
        "south": {
          "uv": [
            1.75,
            4.25,
            3,
            7
          ],
          "texture": "#1"
        },
        "west": {
          "uv": [
            1.75,
            4.25,
            3,
            7
          ],
          "texture": "#1"
        },
        "up": {
          "uv": [
            5.25,
            1.25,
            4,
            0
          ],
          "texture": "#1"
        },
        "down": {
          "uv": [
            5.25,
            1.25,
            4,
            2.5
          ],
          "texture": "#1"
        }
      }
    },
    {
      "from": [
        7,
        -14,
        6
      ],
      "to": [
        10,
        -2,
        9
      ],
      "rotation": {
        "angle": 0,
        "axis": "y",
        "origin": [
          0.5,
          0,
          -0.5
        ]
      },
      "faces": {
        "north": {
          "uv": [
            0,
            7,
            0.75,
            10
          ],
          "texture": "#1"
        },
        "east": {
          "uv": [
            0,
            7,
            0.75,
            10
          ],
          "texture": "#1"
        },
        "south": {
          "uv": [
            0,
            7,
            0.75,
            10
          ],
          "texture": "#1"
        },
        "west": {
          "uv": [
            0,
            7,
            0.75,
            10
          ],
          "texture": "#1"
        },
        "up": {
          "uv": [
            2.75,
            7.75,
            2,
            7
          ],
          "texture": "#1"
        },
        "down": {
          "uv": [
            2.75,
            7.75,
            2,
            8.5
          ],
          "texture": "#1"
        }
      }
    },
    {
      "from": [
        6,
        -16,
        5
      ],
      "to": [
        11,
        -14,
        10
      ],
      "rotation": {
        "angle": 0,
        "axis": "y",
        "origin": [
          0.5,
          0,
          -0.5
        ]
      },
      "faces": {
        "north": {
          "uv": [
            4.5,
            7.5,
            5.75,
            8
          ],
          "texture": "#1"
        },
        "east": {
          "uv": [
            4.5,
            7.5,
            5.75,
            8
          ],
          "texture": "#1"
        },
        "south": {
          "uv": [
            4.5,
            7.5,
            5.75,
            8
          ],
          "texture": "#1"
        },
        "west": {
          "uv": [
            4.5,
            7.5,
            5.75,
            8
          ],
          "texture": "#1"
        },
        "up": {
          "uv": [
            2,
            8.25,
            0.75,
            7
          ],
          "texture": "#1"
        },
        "down": {
          "uv": [
            5.75,
            6.25,
            4.5,
            7.5
          ],
          "texture": "#1"
        }
      }
    },
    {
      "from": [
        6,
        26,
        5
      ],
      "to": [
        11,
        28,
        10
      ],
      "rotation": {
        "angle": 0,
        "axis": "y",
        "origin": [
          0.5,
          0,
          -0.5
        ]
      },
      "faces": {
        "north": {
          "uv": [
            5.25,
            0.5,
            6.5,
            1
          ],
          "texture": "#1"
        },
        "east": {
          "uv": [
            5.25,
            1,
            6.5,
            1.5
          ],
          "texture": "#1"
        },
        "south": {
          "uv": [
            5.25,
            1.5,
            6.5,
            2
          ],
          "texture": "#1"
        },
        "west": {
          "uv": [
            5.25,
            2,
            6.5,
            2.5
          ],
          "texture": "#1"
        },
        "up": {
          "uv": [
            6,
            3.75,
            4.75,
            2.5
          ],
          "texture": "#1"
        },
        "down": {
          "uv": [
            6,
            3.75,
            4.75,
            5
          ],
          "texture": "#1"
        }
      }
    }
  ],
  "display": {
    "thirdperson_righthand": {
      "translation": [
        0,
        6,
        1.25
      ],
      "scale": [
        0.5,
        0.5,
        0.5
      ]
    },
    "thirdperson_lefthand": {
      "translation": [
        0,
        6,
        1.25
      ],
      "scale": [
        0.5,
        0.5,
        0.5
      ]
    },
    "firstperson_righthand": {
      "rotation": [
        19,
        0,
        0
      ],
      "translation": [
        0,
        5.5,
        1.25
      ],
      "scale": [
        0.4,
        0.4,
        0.4
      ]
    },
    "firstperson_lefthand": {
      "rotation": [
        19,
        0,
        0
      ],
      "translation": [
        0,
        5.5,
        1.25
      ],
      "scale": [
        0.4,
        0.4,
        0.4
      ]
    },
    "ground": {
      "rotation": [
        90,
        0,
        0
      ],
      "translation": [
        0,
        1,
        1.25
      ],
      "scale": [
        0.4,
        0.4,
        0.4
      ]
    },
    "gui": {
      "rotation": [
        0,
        0,
        -45
      ],
      "translation": [
        0.5,
        1,
        0
      ],
      "scale": [
        0.45,
        0.45,
        0.45
      ]
    }
  }
}
