{"textures":{"0":"modelengine:entity/creepletongold_17586578445626900","1":"modelengine:entity/creepletongold_17586578445626971","particle":"#0"},"elements":[{"from":[-14.0,8.57969,18.949749],"to":[-10.0,12.579691,18.949749],"faces":{"south":{"uv":[2.5,2.5,5.0,5.0],"tintindex":0,"rotation":0,"texture":"#0"},"north":{"uv":[0.0,2.5,2.5,5.0],"tintindex":0,"rotation":0,"texture":"#0"}}},{"from":[-13.5,9.0,4.0],"to":[-10.5,12.0,7.0],"faces":{"east":{"uv":[15.0,14.5,15.75,16.0],"tintindex":0,"rotation":0,"texture":"#1"},"south":{"uv":[13.5,14.5,14.25,16.0],"tintindex":0,"rotation":0,"texture":"#1"},"north":{"uv":[11.25,14.5,12.0,16.0],"tintindex":0,"rotation":0,"texture":"#1"},"west":{"uv":[12.0,14.5,12.75,16.0],"tintindex":0,"rotation":0,"texture":"#1"},"up":{"uv":[14.25,14.5,15.0,16.0],"tintindex":0,"rotation":0,"texture":"#1"},"down":{"uv":[12.75,14.5,13.5,16.0],"tintindex":0,"rotation":0,"texture":"#1"}}},{"from":[-14.0,10.55025,4.07969],"to":[-10.0,10.55025,20.079689],"faces":{"up":{"uv":[8.0,0.0,16.0,2.5],"tintindex":0,"rotation":90,"texture":"#0"},"down":{"uv":[0.0,0.0,8.0,2.5],"tintindex":0,"rotation":90,"texture":"#0"}}},{"from":[-12.0,8.57969,3.94975],"to":[-12.0,12.579691,19.949749],"faces":{"east":{"uv":[0.0,0.0,8.0,2.5],"tintindex":0,"rotation":0,"texture":"#0"},"west":{"uv":[8.0,0.0,16.0,2.5],"tintindex":0,"rotation":0,"texture":"#0"}}}],"display":{"head":{"rotation":[0.0,0.0,0.0]},"firstperson_righthand":{"rotation":[0.0,0.0,0.0]},"thirdperson_lefthand":{"rotation":[0.0,-0.0,-0.0]},"firstperson_lefthand":{"rotation":[0.0,-0.0,-0.0]},"fixed":{"rotation":[0.0,0.0,0.0]},"ground":{"rotation":[0.0,0.0,0.0]},"thirdperson_righthand":{"rotation":[0.0,0.0,0.0]},"gui":{"rotation":[-150.0,-45.0,180.0]}}}