{"textures":{"1":"modelengine:entity/creepletongold_17586578445626971","particle":"#1"},"elements":[{"from":[6.5,8.0,8.0],"to":[9.5,16.0,8.0],"faces":{"south":{"uv":[8.75,0.0,9.5,4.0],"tintindex":0,"rotation":0,"texture":"#1"},"north":{"uv":[9.5,0.0,8.75,4.0],"tintindex":0,"rotation":0,"texture":"#1"}}}],"display":{"head":{"rotation":[-3.88274E-15,35.0,-90.0]},"firstperson_righthand":{"rotation":[-3.88274E-15,35.0,-90.0]},"thirdperson_lefthand":{"rotation":[-3.88274E-15,-35.0,90.0]},"firstperson_lefthand":{"rotation":[-3.88274E-15,-35.0,90.0]},"fixed":{"rotation":[-3.88274E-15,35.0,-90.0]},"ground":{"rotation":[-3.88274E-15,35.0,-90.0]},"thirdperson_righthand":{"rotation":[-3.88274E-15,35.0,-90.0]},"gui":{"rotation":[-150.0,-80.0,90.0]}}}