{"textures":{"1":"modelengine:entity/creepletongold_17586578445626971","particle":"#1"},"elements":[{"from":[6.5,4.0,8.0],"to":[9.5,12.0,8.0],"faces":{"south":{"uv":[8.75,4.0,9.5,8.0],"tintindex":0,"rotation":0,"texture":"#1"},"north":{"uv":[9.5,4.0,8.75,8.0],"tintindex":0,"rotation":0,"texture":"#1"}}}],"display":{"head":{"rotation":[-180.0,37.5,90.0]},"firstperson_righthand":{"rotation":[-180.0,37.5,90.0]},"thirdperson_lefthand":{"rotation":[-180.0,-37.5,-90.0]},"firstperson_lefthand":{"rotation":[-180.0,-37.5,-90.0]},"fixed":{"rotation":[-180.0,37.5,90.0]},"ground":{"rotation":[-180.0,37.5,90.0]},"thirdperson_righthand":{"rotation":[-180.0,37.5,90.0]},"gui":{"rotation":[30.0,7.5,-90.0]}}}