{"textures":{"1":"modelengine:entity/creepletongold_17586578445626971","particle":"#1"},"elements":[{"from":[-3.0,8.0,7.5],"to":[-1.0,9.0,16.0],"faces":{"east":{"uv":[14.0,0.0,13.5,8.5],"tintindex":0,"rotation":90,"texture":"#1"},"south":{"uv":[14.25,10.5,15.25,11.5],"tintindex":0,"rotation":0,"texture":"#1"},"north":{"uv":[14.25,9.0,15.25,10.0],"tintindex":0,"rotation":0,"texture":"#1"},"west":{"uv":[15.5,8.5,16.0,0.0],"tintindex":0,"rotation":90,"texture":"#1"},"up":{"uv":[14.25,0.0,15.25,8.5],"tintindex":0,"rotation":0,"texture":"#1"},"down":{"uv":[12.25,0.0,13.25,8.5],"tintindex":0,"rotation":0,"texture":"#1"}}},{"from":[-1.375,8.0,8.5],"to":[2.125,9.0,9.5],"faces":{"east":{"uv":[6.75,0.0,6.25,1.0],"tintindex":0,"rotation":0,"texture":"#1"},"south":{"uv":[12.0,4.5,10.25,5.5],"tintindex":0,"rotation":0,"texture":"#1"},"north":{"uv":[12.0,0.0,10.25,1.0],"tintindex":0,"rotation":0,"texture":"#1"},"west":{"uv":[7.5,0.0,7.0,1.0],"tintindex":0,"rotation":0,"texture":"#1"},"up":{"uv":[12.0,3.0,10.25,4.0],"tintindex":0,"rotation":0,"texture":"#1"},"down":{"uv":[12.0,1.5,10.25,2.5],"tintindex":0,"rotation":0,"texture":"#1"}},"rotation":{"origin":[0.375,8.5,9.0],"angle":-22.5,"axis":"y"}},{"from":[-6.125,8.0,8.5],"to":[-2.625,9.0,9.5],"faces":{"east":{"uv":[7.0,0.0,7.5,1.0],"tintindex":0,"rotation":0,"texture":"#1"},"south":{"uv":[10.25,4.5,12.0,5.5],"tintindex":0,"rotation":0,"texture":"#1"},"north":{"uv":[10.25,0.0,12.0,1.0],"tintindex":0,"rotation":0,"texture":"#1"},"west":{"uv":[6.25,0.0,6.75,1.0],"tintindex":0,"rotation":0,"texture":"#1"},"up":{"uv":[10.25,3.0,12.0,4.0],"tintindex":0,"rotation":0,"texture":"#1"},"down":{"uv":[10.25,1.5,12.0,2.5],"tintindex":0,"rotation":0,"texture":"#1"}},"rotation":{"origin":[-4.375,8.5,9.0],"angle":22.5,"axis":"y"}}],"display":{"head":{"rotation":[0.0,0.0,0.0]},"firstperson_righthand":{"rotation":[0.0,0.0,0.0]},"thirdperson_lefthand":{"rotation":[0.0,-0.0,-0.0]},"firstperson_lefthand":{"rotation":[0.0,-0.0,-0.0]},"fixed":{"rotation":[0.0,0.0,0.0]},"ground":{"rotation":[0.0,0.0,0.0]},"thirdperson_righthand":{"rotation":[0.0,0.0,0.0]},"gui":{"rotation":[-150.0,-45.0,180.0]}}}