{"textures":{"1":"modelengine:entity/creepletongold_17586578445626971","particle":"#1"},"elements":[{"from":[4.0,8.0,4.0],"to":[12.0,16.0,12.0],"faces":{"east":{"uv":[0.0,4.0,2.0,8.0],"tintindex":0,"rotation":0,"texture":"#1"},"south":{"uv":[6.0,4.0,8.0,8.0],"tintindex":0,"rotation":0,"texture":"#1"},"north":{"uv":[2.0,4.0,4.0,8.0],"tintindex":0,"rotation":0,"texture":"#1"},"west":{"uv":[4.0,4.0,6.0,8.0],"tintindex":0,"rotation":0,"texture":"#1"},"up":{"uv":[4.0,4.0,2.0,0.0],"tintindex":0,"rotation":0,"texture":"#1"},"down":{"uv":[6.0,0.0,4.0,4.0],"tintindex":0,"rotation":0,"texture":"#1"}}}],"display":{"head":{"rotation":[0.0,0.0,0.0]},"firstperson_righthand":{"rotation":[0.0,0.0,0.0]},"thirdperson_lefthand":{"rotation":[0.0,-0.0,-0.0]},"firstperson_lefthand":{"rotation":[0.0,-0.0,-0.0]},"fixed":{"rotation":[0.0,0.0,0.0]},"ground":{"rotation":[0.0,0.0,0.0]},"thirdperson_righthand":{"rotation":[0.0,0.0,0.0]},"gui":{"rotation":[-150.0,-45.0,180.0]}}}