{"textures":{"1":"modelengine:entity/4567cb55-d27a-3335-9b29-0c00eed72111","particle":"#1"},"elements":[{"from":[7.932533,6.713439,6.8902473],"to":[10.932533,9.713439,9.890247],"faces":{"east":{"uv":[9.0,9.0,10.5,7.5],"tintindex":0,"rotation":0,"texture":"#1"},"south":{"uv":[10.5,9.0,9.0,10.5],"tintindex":0,"rotation":0,"texture":"#1"},"north":{"uv":[3.0,9.0,4.5,10.5],"tintindex":0,"rotation":0,"texture":"#1"},"west":{"uv":[9.0,7.5,10.5,9.0],"tintindex":0,"rotation":0,"texture":"#1"},"up":{"uv":[9.0,9.0,10.5,10.5],"tintindex":0,"rotation":0,"texture":"#1"},"down":{"uv":[9.0,9.0,10.5,10.5],"tintindex":0,"rotation":0,"texture":"#1"}}}],"display":{"head":{"rotation":[-8.096929,51.677773,-47.889633]},"firstperson_righthand":{"rotation":[-8.096929,51.677773,-47.889633]},"thirdperson_lefthand":{"rotation":[-8.096929,-51.677773,47.889633]},"firstperson_lefthand":{"rotation":[-8.096929,-51.677773,47.889633]},"fixed":{"rotation":[-8.096929,51.677773,-47.889633]},"ground":{"rotation":[-8.096929,51.677773,-47.889633]},"thirdperson_righthand":{"rotation":[-8.096929,51.677773,-47.889633]},"gui":{"rotation":[-5.8990383,-81.43397,-89.85252]}}}