{"textures":{"0":"modelengine:entity/lavasquito_17586578444217130","particle":"#0"},"elements":[{"from":[-0.9278536,13.757629,8.405837],"to":[0.57214594,15.257629,9.905837],"faces":{"east":{"uv":[9.0,9.0,10.5,7.5],"tintindex":0,"rotation":0,"texture":"#0"},"south":{"uv":[10.5,9.0,9.0,10.5],"tintindex":0,"rotation":0,"texture":"#0"},"north":{"uv":[3.0,9.0,4.5,10.5],"tintindex":0,"rotation":0,"texture":"#0"},"west":{"uv":[9.0,7.5,10.5,9.0],"tintindex":0,"rotation":0,"texture":"#0"},"up":{"uv":[9.0,9.0,10.5,10.5],"tintindex":0,"rotation":0,"texture":"#0"},"down":{"uv":[9.0,9.0,10.5,10.5],"tintindex":0,"rotation":0,"texture":"#0"}}}],"display":{"head":{"rotation":[-8.096929,51.677773,-47.889633]},"firstperson_righthand":{"rotation":[-8.096929,51.677773,-47.889633]},"thirdperson_lefthand":{"rotation":[-8.096929,-51.677773,47.889633]},"firstperson_lefthand":{"rotation":[-8.096929,-51.677773,47.889633]},"fixed":{"rotation":[-8.096929,51.677773,-47.889633]},"ground":{"rotation":[-8.096929,51.677773,-47.889633]},"thirdperson_righthand":{"rotation":[-8.096929,51.677773,-47.889633]},"gui":{"rotation":[-5.8990383,-81.43397,-89.85252]}}}