{"textures":{"1":"modelengine:entity/snowlkerrb_17586578446091641","particle":"#1"},"elements":[{"from":[-3.2094698,0.28889322,9.951405],"to":[0.7905302,6.288893,9.951405],"faces":{"south":{"uv":[4.5,5.5,3.5,7.0],"tintindex":0,"rotation":0,"texture":"#1"},"north":{"uv":[3.5,5.5,4.5,7.0],"tintindex":0,"rotation":0,"texture":"#1"}}}],"display":{"head":{"rotation":[20.941021,-8.421058,-20.941021]},"firstperson_righthand":{"rotation":[20.941021,-8.421058,-20.941021]},"thirdperson_lefthand":{"rotation":[20.941021,8.421058,20.941021]},"firstperson_lefthand":{"rotation":[20.941021,8.421058,20.941021]},"fixed":{"rotation":[20.941021,-8.421058,-20.941021]},"ground":{"rotation":[20.941021,-8.421058,-20.941021]},"thirdperson_righthand":{"rotation":[20.941021,-8.421058,-20.941021]},"gui":{"rotation":[-175.0395,-33.348362,141.44876]}}}