{"textures":{"0":"modelengine:entity/zombeediamond_17586578446028750","particle":"#0"},"elements":[{"from":[5.0,-2.0,6.0],"to":[9.0,10.0,10.0],"faces":{"east":{"uv":[9.0,5.5,8.0,8.5],"tintindex":0,"rotation":0,"texture":"#0"},"south":{"uv":[10.0,5.5,9.0,8.5],"tintindex":0,"rotation":0,"texture":"#0"},"north":{"uv":[8.0,5.5,7.0,8.5],"tintindex":0,"rotation":0,"texture":"#0"},"west":{"uv":[7.0,5.5,6.0,8.5],"tintindex":0,"rotation":0,"texture":"#0"},"up":{"uv":[7.0,5.5,8.0,4.5],"tintindex":0,"rotation":0,"texture":"#0"},"down":{"uv":[8.0,4.5,9.0,5.5],"tintindex":0,"rotation":0,"texture":"#0"}}}],"display":{"head":{"rotation":[0.0,0.0,0.0]},"firstperson_righthand":{"rotation":[0.0,0.0,0.0]},"thirdperson_lefthand":{"rotation":[0.0,-0.0,-0.0]},"firstperson_lefthand":{"rotation":[0.0,-0.0,-0.0]},"fixed":{"rotation":[0.0,0.0,0.0]},"ground":{"rotation":[0.0,0.0,0.0]},"thirdperson_righthand":{"rotation":[0.0,0.0,0.0]},"gui":{"rotation":[-150.0,-45.0,180.0]}}}