{"textures":{"0":"modelengine:entity/zombeediamond_17586578446028750","particle":"#0"},"elements":[{"from":[4.0,5.0,3.0],"to":[12.0,13.0,13.0],"faces":{"east":{"uv":[1.0,2.75,3.5,4.5],"tintindex":0,"rotation":0,"texture":"#0"},"south":{"uv":[8.0,2.75,9.75,4.5],"tintindex":0,"rotation":0,"texture":"#0"},"north":{"uv":[3.5,2.5,5.5,4.5],"tintindex":0,"rotation":0,"texture":"#0"},"west":{"uv":[5.5,2.75,8.0,4.5],"tintindex":0,"rotation":0,"texture":"#0"},"up":{"uv":[7.25,2.75,5.5,0.25],"tintindex":0,"rotation":0,"texture":"#0"},"down":{"uv":[9.0,0.25,7.25,2.75],"tintindex":0,"rotation":0,"texture":"#0"}}},{"from":[5.25,10.75,0.0],"to":[6.25,12.75,3.0],"faces":{"east":{"uv":[1.75,0.75,2.5,1.25],"tintindex":0,"rotation":0,"texture":"#0"},"south":{"uv":[3.5,0.75,3.75,1.25],"tintindex":0,"rotation":0,"texture":"#0"},"north":{"uv":[2.5,0.75,2.75,1.25],"tintindex":0,"rotation":0,"texture":"#0"},"west":{"uv":[2.75,0.75,3.5,1.25],"tintindex":0,"rotation":0,"texture":"#0"},"up":{"uv":[2.75,0.75,2.5,0.0],"tintindex":0,"rotation":0,"texture":"#0"},"down":{"uv":[3.0,0.0,2.75,0.75],"tintindex":0,"rotation":0,"texture":"#0"}}},{"from":[9.75,10.75,0.0],"to":[10.75,12.75,3.0],"faces":{"east":{"uv":[1.75,1.5,2.5,2.0],"tintindex":0,"rotation":0,"texture":"#0"},"south":{"uv":[3.5,1.5,3.75,2.0],"tintindex":0,"rotation":0,"texture":"#0"},"north":{"uv":[2.5,1.5,2.75,2.0],"tintindex":0,"rotation":0,"texture":"#0"},"west":{"uv":[2.75,1.5,3.5,2.0],"tintindex":0,"rotation":0,"texture":"#0"},"up":{"uv":[2.75,1.5,2.5,0.75],"tintindex":0,"rotation":0,"texture":"#0"},"down":{"uv":[3.0,0.75,2.75,1.5],"tintindex":0,"rotation":0,"texture":"#0"}}},{"from":[8.0,8.5,13.0],"to":[8.0,9.5,15.0],"faces":{"east":{"uv":[0.0,2.0,0.5,2.25],"tintindex":0,"rotation":0,"texture":"#0"},"west":{"uv":[0.5,2.0,1.0,2.25],"tintindex":0,"rotation":0,"texture":"#0"}}}],"display":{"head":{"rotation":[0.0,0.0,0.0]},"firstperson_righthand":{"rotation":[0.0,0.0,0.0]},"thirdperson_lefthand":{"rotation":[0.0,-0.0,-0.0]},"firstperson_lefthand":{"rotation":[0.0,-0.0,-0.0]},"fixed":{"rotation":[0.0,0.0,0.0]},"ground":{"rotation":[0.0,0.0,0.0]},"thirdperson_righthand":{"rotation":[0.0,0.0,0.0]},"gui":{"rotation":[-150.0,-45.0,180.0]}}}